customer_id,country,total_orders,total_items,total_revenue,average_order_value,first_purchase_date,last_purchase_date,recency,frequency,churn_status
12346,United Kingdom,1,74215,77183.60,77183.60,2011-01-18,2011-01-18,325,1,Churned
12347,Iceland,7,2458,4310.00,615.71,2010-12-07,2011-12-07,2,7,Active
12348,Finland,4,2341,1797.24,449.31,2010-12-16,2011-09-25,75,4,At Risk
12349,Italy,1,631,1757.55,1757.55,2011-11-21,2011-11-21,18,1,Active
12350,Norway,1,197,334.40,334.40,2011-02-02,2011-02-02,310,1,Churned
12352,Norway,8,536,2506.04,313.26,2011-02-16,2011-11-03,36,8,Active
12353,Bahrain,1,20,89.00,89.00,2011-05-19,2011-05-19,204,1,Churned
12354,Spain,1,530,1079.40,1079.40,2011-04-21,2011-04-21,232,1,Churned
12355,Bahrain,1,240,459.40,459.40,2011-05-09,2011-05-09,214,1,Churned
12356,Portugal,3,1591,2811.43,937.14,2011-01-18,2011-11-17,22,3,Active
12357,Switzerland,1,2708,6207.67,6207.67,2011-11-06,2011-11-06,33,1,Active
12358,Austria,2,248,1168.06,584.03,2011-07-12,2011-12-08,1,2,Active
12359,Cyprus,4,1609,6310.03,1577.51,2011-01-12,2011-10-13,57,4,Active
12360,Austria,3,1165,2662.06,887.35,2011-05-23,2011-10-18,52,3,Active
12361,Belgium,1,91,189.90,189.90,2011-02-25,2011-02-25,287,1,Churned
12362,Belgium,10,2229,5226.23,522.62,2011-02-17,2011-12-06,3,10,Active
12363,Unspecified,2,408,552.00,276.00,2011-04-11,2011-08-22,109,2,At Risk
12364,Belgium,4,1506,1313.10,328.28,2011-08-19,2011-12-02,7,4,Active
12365,Cyprus,2,174,641.38,320.69,2011-02-21,2011-02-21,291,2,Churned
12367,Denmark,1,173,168.90,168.90,2011-12-05,2011-12-05,4,1,Active
12370,Cyprus,4,2352,3541.94,885.49,2010-12-14,2011-10-19,51,4,Active
12371,Switzerland,2,591,1887.96,943.98,2011-10-11,2011-10-26,44,2,Active
12372,Denmark,3,794,1298.04,432.68,2011-02-16,2011-09-29,71,3,At Risk
12373,Austria,1,197,364.60,364.60,2011-02-01,2011-02-01,311,1,Churned
12374,Austria,1,342,742.93,742.93,2011-11-14,2011-11-14,25,1,Active
12375,Finland,2,178,457.50,228.75,2011-09-02,2011-11-29,10,2,Active
12377,Switzerland,2,944,1628.12,814.06,2010-12-20,2011-01-28,315,2,Churned
12378,Switzerland,1,2529,4008.62,4008.62,2011-08-02,2011-08-02,129,1,Churned
12379,Belgium,2,407,852.24,426.12,2011-06-22,2011-09-19,81,2,At Risk
12380,Belgium,4,1127,2724.81,681.20,2011-06-07,2011-11-18,21,4,Active
12381,Norway,5,808,1845.31,369.06,2011-08-12,2011-12-05,4,5,Active
12383,Belgium,5,1532,1850.56,370.11,2010-12-22,2011-06-08,184,5,Churned
12384,Switzerland,2,126,585.27,292.64,2011-08-10,2011-11-11,28,2,Active
12386,Australia,2,354,401.90,200.95,2010-12-08,2011-01-06,337,2,Churned
12388,Australia,6,1462,2780.66,463.44,2011-01-17,2011-11-24,15,6,Active
12390,Belgium,1,353,549.84,549.84,2011-09-21,2011-09-21,79,1,At Risk
12391,Cyprus,1,293,439.66,439.66,2011-11-18,2011-11-18,21,1,Active
12393,Australia,4,816,1582.60,395.65,2011-01-11,2011-09-28,72,4,At Risk
12394,Denmark,2,819,1272.48,636.24,2011-05-06,2011-10-07,63,2,At Risk
12395,Belgium,12,2118,3018.63,251.55,2010-12-03,2011-11-20,19,12,Active
12397,Belgium,2,1263,2409.90,1204.95,2011-07-27,2011-11-04,35,2,Active
12398,Switzerland,1,1394,1635.66,1635.66,2011-10-25,2011-10-25,45,1,Active
12399,Belgium,4,1178,1108.65,277.16,2011-03-23,2011-08-12,119,4,At Risk
12401,Belgium,1,11,84.30,84.30,2011-02-09,2011-02-09,303,1,Churned
12402,Belgium,1,94,225.60,225.60,2011-01-20,2011-01-20,323,1,Churned
12403,Denmark,1,96,427.70,427.70,2011-10-21,2011-10-21,49,1,Active
12405,Finland,1,857,1710.39,1710.39,2011-07-14,2011-07-14,148,1,Churned
12406,Denmark,2,1818,3415.30,1707.65,2011-06-09,2011-11-17,22,2,Active
12407,Belgium,5,1416,1708.12,341.62,2011-03-20,2011-10-21,49,5,Active
12408,Belgium,5,1409,2888.55,577.71,2011-03-24,2011-11-07,32,5,Active
12409,Switzerland,3,5551,11072.67,3690.89,2011-06-10,2011-09-22,78,3,At Risk
12410,Switzerland,2,211,693.33,346.67,2011-02-04,2011-02-04,308,2,Churned
12412,Denmark,3,829,1226.88,408.96,2011-06-23,2011-09-26,74,3,At Risk
12413,France,3,286,758.10,252.70,2011-01-06,2011-10-04,66,3,At Risk
12414,Austria,3,300,562.41,187.47,2011-02-02,2011-05-06,217,3,Churned
12415,Australia,21,77374,124914.53,5948.31,2011-01-06,2011-11-15,24,21,Active
12417,Spain,9,1552,3649.10,405.46,2010-12-17,2011-12-06,3,9,Active
12418,Switzerland,1,407,668.58,668.58,2011-08-19,2011-08-19,112,1,At Risk
12420,Cyprus,1,345,600.39,600.39,2011-10-07,2011-10-07,63,1,At Risk
12421,Spain,4,484,807.04,201.76,2011-01-24,2011-11-24,15,4,Active
12422,Switzerland,3,370,803.56,267.85,2011-01-19,2011-09-05,95,3,At Risk
12423,Belgium,8,1339,1859.31,232.41,2010-12-21,2011-12-09,0,8,Active
12424,Australia,2,740,1760.96,880.48,2011-06-30,2011-06-30,162,2,Churned
12425,Portugal,1,496,777.20,777.20,2011-09-22,2011-09-22,78,1,At Risk
12426,Germany,1,258,582.73,582.73,2011-05-29,2011-05-29,194,1,Churned
12427,Germany,3,533,825.80,275.27,2010-12-03,2011-11-18,21,3,Active
12428,Finland,9,3536,7956.46,884.05,2011-03-01,2011-11-14,25,9,Active
12429,Denmark,4,1557,3750.40,937.60,2010-12-09,2011-11-30,9,4,Active
12430,Norway,1,117,256.40,256.40,2011-10-27,2011-10-27,43,1,Active
12431,Belgium,15,2896,6419.95,428.00,2010-12-01,2011-11-04,35,15,Active
12432,Norway,5,1801,5059.32,1011.86,2011-06-20,2011-10-28,42,5,Active
12433,Norway,7,11071,13375.87,1910.84,2010-12-01,2011-12-09,0,7,Active
12434,Australia,2,394,806.14,403.07,2011-03-24,2011-09-16,84,2,At Risk
12435,Denmark,2,2055,7829.89,3914.95,2011-03-17,2011-09-21,79,2,At Risk
12436,Norway,1,211,509.01,509.01,2011-09-01,2011-09-01,99,1,At Risk
12437,France,18,2922,4951.41,275.08,2011-01-12,2011-12-08,1,18,Active
12438,Norway,2,1180,2906.85,1453.43,2011-07-22,2011-11-25,14,2,Active
12441,France,1,121,173.55,173.55,2010-12-08,2010-12-08,366,1,Churned
12442,Spain,1,182,172.06,172.06,2011-12-06,2011-12-06,3,1,Active
12444,Norway,5,1153,5005.46,1001.09,2011-06-21,2011-11-18,21,5,Active
12445,Spain,1,62,133.40,133.40,2011-11-17,2011-11-17,22,1,Active
12446,RSA,1,351,1002.31,1002.31,2011-10-13,2011-10-13,57,1,Active
12447,Belgium,1,190,476.49,476.49,2011-04-10,2011-04-10,243,1,Churned
12448,Spain,1,243,449.45,449.45,2011-10-26,2011-10-26,44,1,Active
12449,Belgium,4,1553,4067.29,1016.82,2011-06-05,2011-11-17,22,4,Active
12450,Spain,2,128,197.88,98.94,2011-06-19,2011-07-06,156,2,Churned
12451,Switzerland,5,6575,9035.52,1807.10,2011-01-19,2011-11-29,10,5,Active
12452,Switzerland,2,185,430.57,215.29,2011-11-23,2011-11-23,16,2,Active
12453,Austria,1,473,707.09,707.09,2011-07-28,2011-07-28,134,1,Churned
12454,Spain,1,1006,3528.34,3528.34,2011-10-14,2011-10-14,56,1,Active
12455,Spain,6,2089,2466.86,411.14,2011-02-16,2011-09-27,73,6,At Risk
12456,Switzerland,3,1633,3181.04,1060.35,2011-03-30,2011-10-26,44,3,Active
12457,Switzerland,7,843,2363.23,337.60,2011-04-14,2011-10-04,66,7,At Risk
12458,Switzerland,2,506,947.40,473.70,2011-02-28,2011-09-29,71,2,At Risk
12461,Switzerland,2,287,826.88,413.44,2011-07-08,2011-09-06,94,2,At Risk
12462,Spain,2,536,1189.59,594.80,2011-02-09,2011-11-21,18,2,Active
12463,Belgium,4,776,1344.78,336.20,2011-04-12,2011-10-17,53,4,Active
12464,Belgium,8,112,1212.05,151.51,2011-02-03,2011-11-29,10,8,Active
12465,Belgium,2,479,742.19,371.10,2011-06-23,2011-11-22,17,2,Active
12468,Germany,2,366,729.54,364.77,2011-01-27,2011-06-05,187,2,Churned
12471,Germany,30,8200,19788.65,659.62,2010-12-10,2011-12-07,2,30,Active
12472,Germany,7,4148,6572.11,938.87,2010-12-05,2011-11-07,32,7,Active
12473,Germany,5,2414,3928.05,785.61,2011-06-01,2011-11-10,29,5,Active
12474,Germany,18,4833,7324.09,406.89,2011-01-14,2011-11-22,17,18,Active
12475,Germany,1,535,723.38,723.38,2011-10-17,2011-10-17,53,1,Active
12476,Germany,11,2408,6816.42,619.67,2010-12-13,2011-11-24,15,11,Active
12477,Germany,6,3653,13219.74,2203.29,2011-02-11,2011-11-17,22,6,Active
12478,Greece,1,236,680.99,680.99,2011-12-06,2011-12-06,3,1,Active
12479,Germany,1,385,527.20,527.20,2011-11-28,2011-11-28,11,1,Active
12480,Germany,4,1707,3281.63,820.41,2011-01-07,2011-11-11,28,4,Active
12481,Germany,10,3294,5579.82,557.98,2010-12-09,2011-11-17,22,10,Active
12483,Sweden,8,1110,2484.98,310.62,2011-01-04,2011-11-22,17,8,Active
12484,Spain,6,2187,4527.32,754.55,2011-01-07,2011-11-07,32,6,Active
12488,France,3,529,1298.66,432.89,2011-09-25,2011-11-30,9,3,Active
12489,France,1,105,334.93,334.93,2011-01-07,2011-01-07,336,1,Churned
12490,France,10,3064,5417.93,541.79,2011-01-14,2011-12-04,5,10,Active
12491,France,1,260,460.40,460.40,2011-11-01,2011-11-01,38,1,Active
12492,Germany,2,192,263.21,131.61,2011-08-26,2011-10-07,63,2,At Risk
12493,France,2,207,433.74,216.87,2011-05-26,2011-06-27,165,2,Churned
12494,France,7,707,1246.10,178.01,2010-12-09,2011-11-24,15,7,Active
12497,Germany,1,1236,1043.10,1043.10,2011-09-19,2011-09-19,81,1,At Risk
12498,Germany,3,159,403.70,134.57,2011-10-13,2011-11-18,21,3,Active
12500,Germany,11,2678,4257.82,387.07,2011-01-10,2011-11-16,23,11,Active
12501,Germany,1,1783,2169.39,2169.39,2011-01-07,2011-01-07,336,1,Churned
12502,Spain,5,820,3723.87,744.77,2011-02-03,2011-09-05,95,5,At Risk
12504,Germany,2,90,482.05,241.03,2011-11-09,2011-11-21,18,2,Active
12506,France,1,23,73.50,73.50,2011-04-21,2011-04-21,232,1,Churned
12507,Spain,3,894,1304.81,434.94,2011-02-14,2011-07-28,134,3,Churned
12508,France,2,271,397.88,198.94,2011-11-10,2011-11-13,26,2,Active
12509,France,1,55,176.50,176.50,2011-02-28,2011-02-28,284,1,Churned
12510,Spain,2,353,982.57,491.29,2011-01-18,2011-07-20,142,2,Churned
12512,Israel,2,96,132.18,66.09,2011-10-04,2011-10-04,66,2,At Risk
12513,France,1,462,612.29,612.29,2011-08-19,2011-08-19,112,1,At Risk
12514,Italy,1,440,1017.68,1017.68,2011-03-17,2011-03-17,267,1,Churned
12515,Italy,1,131,383.70,383.70,2010-12-21,2010-12-21,353,1,Churned
12516,Germany,2,875,1312.06,656.03,2011-06-12,2011-09-23,77,2,At Risk
12517,Germany,5,1361,2481.60,496.32,2011-06-02,2011-11-11,28,5,Active
12518,Germany,5,1318,2056.89,411.38,2011-08-21,2011-12-09,0,5,Active
12519,Germany,1,175,330.84,330.84,2011-10-07,2011-10-07,63,1,At Risk
12520,Germany,5,1439,2634.26,526.85,2011-03-11,2011-09-21,79,5,At Risk
12521,Germany,1,309,599.68,599.68,2011-07-20,2011-07-20,142,1,Churned
12522,Germany,2,194,192.72,96.36,2011-10-19,2011-10-31,39,2,Active
12523,France,11,865,1789.77,162.71,2011-01-12,2011-11-20,19,11,Active
12524,Germany,8,3699,4485.72,560.72,2011-01-10,2011-11-30,9,8,Active
12526,Germany,3,632,1316.66,438.89,2011-09-06,2011-12-09,0,3,Active
12527,Germany,3,234,348.71,116.24,2011-01-18,2011-09-19,81,3,At Risk
12528,Germany,6,756,1933.48,322.25,2011-01-31,2011-11-30,9,6,Active
12530,Germany,4,913,1662.28,415.57,2011-01-07,2011-10-11,59,4,Active
12531,Germany,1,45,125.22,125.22,2011-11-25,2011-11-25,14,1,Active
12532,France,1,153,349.83,349.83,2011-11-09,2011-11-09,30,1,Active
12534,Germany,1,651,1089.18,1089.18,2011-08-01,2011-08-01,130,1,Churned
12535,France,2,219,716.35,358.18,2011-06-06,2011-09-09,91,2,At Risk
12536,France,3,2803,12601.83,4200.61,2011-10-11,2011-10-27,43,3,Active
12538,Spain,1,191,363.95,363.95,2011-11-10,2011-11-10,29,1,Active
12539,Spain,4,2067,5568.35,1392.09,2011-01-10,2011-11-17,22,4,Active
12540,Spain,17,6685,13400.24,788.25,2010-12-13,2011-11-20,19,17,Active
12541,Spain,3,680,981.18,327.06,2011-03-04,2011-11-10,29,3,Active
12544,Spain,1,136,372.70,372.70,2011-11-03,2011-11-03,36,1,Active
12545,Spain,2,523,1000.39,500.20,2011-03-25,2011-09-25,75,2,At Risk
12546,Spain,2,633,1161.50,580.75,2011-09-23,2011-10-24,46,2,Active
12547,Spain,2,134,207.80,103.90,2011-03-04,2011-05-26,197,2,Churned
12548,Spain,1,49,95.20,95.20,2011-06-26,2011-06-26,166,1,Churned
12550,Spain,1,569,964.83,964.83,2011-09-21,2011-09-21,79,1,At Risk
12551,Spain,1,100,168.00,168.00,2010-12-17,2010-12-17,357,1,Churned
12552,Italy,2,88,437.82,218.91,2011-10-31,2011-11-01,38,2,Active
12553,France,10,1965,3692.28,369.23,2011-01-14,2011-12-01,8,10,Active
12556,Spain,2,355,599.56,299.78,2011-07-11,2011-10-20,50,2,Active
12557,Spain,5,4384,11990.96,2398.19,2010-12-03,2011-11-23,16,5,Active
12558,USA,1,196,269.96,269.96,2011-12-02,2011-12-02,7,1,Active
12559,Germany,2,283,561.71,280.86,2011-01-24,2011-02-02,310,2,Churned
12560,Germany,3,1110,2134.01,711.34,2011-07-19,2011-12-04,5,3,Active
12561,Germany,1,177,238.85,238.85,2011-02-10,2011-02-10,302,1,Churned
12562,France,7,1779,3781.74,540.25,2011-05-25,2011-12-01,8,7,Active
12564,France,1,133,456.90,456.90,2011-03-23,2011-03-23,261,1,Churned
12565,Saudi Arabia,1,80,145.92,145.92,2011-02-24,2011-02-24,288,1,Churned
12566,Germany,1,265,351.65,351.65,2011-09-14,2011-09-14,86,1,At Risk
12567,France,10,4305,9401.28,940.13,2010-12-05,2011-11-17,22,10,Active
12569,Germany,32,1801,4124.69,128.90,2011-04-01,2011-12-07,2,32,Active
12571,France,2,523,519.61,259.81,2011-08-10,2011-10-31,39,2,Active
12572,Germany,2,452,1020.42,510.21,2011-10-19,2011-12-01,8,2,Active
12573,France,1,84,160.54,160.54,2011-04-26,2011-04-26,227,1,Churned
12574,France,1,61,218.45,218.45,2011-01-28,2011-01-28,315,1,Churned
12576,Poland,5,967,1315.83,263.17,2011-02-08,2011-11-04,35,5,Active
12577,France,3,469,626.60,208.87,2010-12-15,2011-11-04,35,3,Active
12578,Italy,2,1196,2794.51,1397.26,2011-01-13,2011-11-18,21,2,Active
12579,France,1,285,440.42,440.42,2011-09-22,2011-09-22,78,1,At Risk
12580,Germany,1,238,415.70,415.70,2011-04-07,2011-04-07,246,1,Churned
12581,Germany,1,161,197.71,197.71,2011-10-31,2011-10-31,39,1,Active
12582,Finland,2,300,511.36,255.68,2011-02-24,2011-04-15,238,2,Churned
12583,France,15,5060,7281.38,485.43,2010-12-01,2011-12-07,2,15,Active
12584,Italy,9,416,2338.15,259.79,2011-03-04,2011-12-06,3,9,Active
12585,Germany,2,1279,2040.10,1020.05,2010-12-23,2011-04-19,234,2,Churned
12586,Italy,1,79,196.94,196.94,2011-11-22,2011-11-22,17,1,Active
12587,Finland,1,51,144.00,144.00,2011-12-02,2011-12-02,7,1,Active
12588,Finland,1,53,214.90,214.90,2011-10-31,2011-10-31,39,1,Active
12589,France,2,306,646.68,323.34,2011-07-18,2011-11-11,28,2,Active
12590,Germany,2,4283,9864.26,4932.13,2011-05-12,2011-05-12,211,2,Churned
12591,Italy,1,228,452.85,452.85,2011-01-26,2011-01-26,317,1,Churned
12592,Germany,2,290,437.60,218.80,2011-05-10,2011-09-08,92,2,At Risk
12593,France,3,206,418.10,139.37,2011-05-05,2011-08-23,108,3,At Risk
12594,Italy,10,1777,3338.22,333.82,2011-01-21,2011-11-02,37,10,Active
12596,Spain,2,474,618.27,309.14,2011-04-11,2011-10-19,51,2,Active
12597,Spain,4,2236,3811.22,952.81,2011-03-16,2011-11-20,19,4,Active
12598,France,8,1964,3023.08,377.89,2011-02-28,2011-11-30,9,8,Active
12599,France,7,956,1032.58,147.51,2011-02-08,2011-11-10,29,7,Active
12600,Germany,10,774,2599.04,259.90,2010-12-03,2011-11-11,28,10,Active
12601,Germany,5,245,577.06,115.41,2011-01-11,2011-06-03,189,5,Churned
12602,France,1,162,153.12,153.12,2011-10-12,2011-10-12,58,1,Active
12603,Germany,1,63,739.20,739.20,2011-11-18,2011-11-18,21,1,Active
12604,France,2,201,254.18,127.09,2011-03-23,2011-09-21,79,2,At Risk
12607,USA,1,1228,1579.51,1579.51,2011-10-10,2011-10-10,60,1,Active
12609,Germany,3,648,1126.85,375.62,2011-01-25,2011-09-22,78,3,At Risk
12610,Italy,5,1049,2099.54,419.91,2011-08-05,2011-11-17,22,5,Active
12611,Italy,1,846,1193.32,1193.32,2011-10-18,2011-10-18,52,1,Active
12612,Germany,1,262,704.04,704.04,2011-09-26,2011-09-26,74,1,At Risk
12613,Germany,5,1644,3344.38,668.88,2011-03-22,2011-10-13,57,5,Active
12614,Germany,1,76,315.60,315.60,2011-03-07,2011-03-07,277,1,Churned
12615,France,4,1376,2291.19,572.80,2011-06-24,2011-12-07,2,4,Active
12616,France,2,284,713.30,356.65,2011-02-15,2011-09-05,95,2,At Risk
12617,France,1,210,352.98,352.98,2011-11-10,2011-11-10,29,1,Active
12618,Italy,1,96,177.31,177.31,2011-11-18,2011-11-18,21,1,Active
12619,Germany,9,3378,3641.24,404.58,2011-03-31,2011-11-23,16,9,Active
12620,France,3,1181,1339.41,446.47,2011-05-19,2011-11-25,14,3,Active
12621,Germany,20,7440,13689.67,684.48,2010-12-09,2011-12-08,1,20,Active
12622,Germany,1,69,180.10,180.10,2011-04-21,2011-04-21,232,1,Churned
12623,Germany,1,191,305.10,305.10,2011-03-08,2011-03-08,276,1,Churned
12624,France,2,355,641.13,320.57,2011-06-15,2011-08-25,106,2,At Risk
12625,Germany,2,1612,2683.82,1341.91,2011-01-24,2011-05-12,211,2,Churned
12626,Germany,9,3453,6620.48,735.61,2011-01-17,2011-11-16,23,9,Active
12627,Germany,7,2752,4478.53,639.79,2011-07-22,2011-11-29,10,7,Active
12628,Germany,3,448,786.46,262.15,2011-10-06,2011-12-05,4,3,Active
12630,Finland,2,548,1270.88,635.44,2011-10-27,2011-11-30,9,2,Active
12631,Finland,1,236,640.50,640.50,2011-10-13,2011-10-13,57,1,Active
12633,Germany,4,1162,2163.98,541.00,2011-02-25,2011-10-12,58,4,Active
12635,Germany,2,1172,1689.18,844.59,2011-07-08,2011-09-11,89,2,At Risk
12637,France,8,2994,6002.90,750.36,2011-01-20,2011-10-03,67,8,At Risk
12638,Sweden,1,577,671.69,671.69,2011-11-06,2011-11-06,33,1,Active
12639,Sweden,1,201,486.10,486.10,2011-04-15,2011-04-15,238,1,Churned
12640,France,3,311,1174.58,391.53,2011-09-19,2011-11-16,23,3,Active
12641,Sweden,1,72,185.90,185.90,2011-08-16,2011-08-16,115,1,At Risk
12642,Germany,3,552,1013.26,337.75,2011-08-24,2011-11-14,25,3,Active
12643,France,6,1808,3344.64,557.44,2011-01-11,2011-08-03,128,6,Churned
12644,Germany,1,325,477.91,477.91,2011-08-02,2011-08-02,129,1,Churned
12645,Germany,4,1084,1775.18,443.80,2011-01-27,2011-11-06,33,4,Active
12646,USA,2,897,1346.97,673.49,2011-10-21,2011-12-05,4,2,Active
12647,Germany,12,1431,3722.82,310.24,2010-12-05,2011-11-17,22,12,Active
12648,Germany,1,160,318.05,318.05,2011-07-08,2011-07-08,154,1,Churned
12649,Germany,3,586,623.51,207.84,2011-05-11,2011-08-24,107,3,At Risk
12650,France,1,254,314.44,314.44,2011-12-06,2011-12-06,3,1,Active
12651,France,1,78,114.00,114.00,2011-01-09,2011-01-09,334,1,Churned
12652,France,1,505,919.98,919.98,2011-01-12,2011-01-12,331,1,Churned
12653,Israel,2,919,2209.85,1104.93,2011-02-16,2011-07-14,148,2,Churned
12654,Germany,5,264,601.98,120.40,2011-02-17,2011-11-29,10,5,Active
12656,France,5,1723,4051.17,810.23,2011-04-20,2011-11-22,17,5,Active
12657,France,4,1044,1643.18,410.80,2011-09-22,2011-11-28,11,4,Active
12658,Germany,1,320,686.05,686.05,2011-11-21,2011-11-21,18,1,Active
12659,France,1,105,91.68,91.68,2011-11-10,2011-11-10,29,1,Active
12660,France,1,127,245.10,245.10,2011-11-28,2011-11-28,11,1,Active
12662,Germany,11,2058,3849.78,349.98,2010-12-01,2011-12-09,0,11,Active
12664,Finland,9,1203,4881.88,542.43,2011-01-21,2011-12-01,8,9,Active
12665,Germany,1,37,63.00,63.00,2011-01-19,2011-01-19,324,1,Churned
12667,Finland,1,395,620.13,620.13,2011-10-12,2011-10-12,58,1,Active
12668,Germany,4,1634,3807.15,951.79,2010-12-19,2011-11-28,11,4,Active
12669,France,3,1115,2744.03,914.68,2011-03-28,2011-07-12,150,3,Churned
12670,France,5,1397,2996.05,599.21,2011-04-21,2011-11-29,10,5,Active
12672,France,1,78,225.90,225.90,2011-01-14,2011-01-14,329,1,Churned
12673,Germany,2,351,610.52,305.26,2011-01-17,2011-12-04,5,2,Active
12674,France,4,1133,1970.60,492.65,2011-05-16,2011-11-01,38,4,Active
12676,Sweden,6,670,1331.39,221.90,2011-02-01,2011-11-15,24,6,Active
12678,France,12,10923,17628.46,1469.04,2010-12-21,2011-10-28,42,12,Active
12679,France,4,554,1113.02,278.26,2011-03-01,2011-10-12,58,4,Active
12680,France,4,443,862.81,215.70,2011-08-18,2011-12-09,0,4,Active
12681,France,22,7536,13787.54,626.71,2010-12-07,2011-11-25,14,22,Active
12682,France,31,5555,12279.82,396.12,2010-12-03,2011-12-06,3,31,Active
12683,France,15,4987,8476.57,565.10,2010-12-09,2011-12-05,4,15,Active
12684,France,7,1985,2283.63,326.23,2011-05-10,2011-12-02,7,7,Active
12685,France,6,1523,2863.08,477.18,2011-09-07,2011-11-11,28,6,Active
12686,France,1,107,89.14,89.14,2010-12-03,2010-12-03,371,1,Churned
12688,Israel,1,3028,4873.81,4873.81,2011-08-18,2011-08-18,113,1,At Risk
12689,France,2,628,1247.61,623.81,2011-08-04,2011-11-14,25,2,Active
12690,France,1,106,389.01,389.01,2011-05-18,2011-05-18,205,1,Churned
12691,France,6,394,1035.80,172.63,2010-12-17,2011-11-11,28,6,Active
12693,Germany,4,255,855.91,213.98,2011-01-24,2011-08-04,127,4,Churned
12694,France,2,509,869.67,434.84,2011-06-09,2011-09-30,70,2,At Risk
12695,France,4,220,582.10,145.53,2011-05-13,2011-12-02,7,4,Active
12697,Sweden,3,508,957.59,319.20,2011-06-23,2011-11-11,28,3,Active
12700,France,4,2967,4939.99,1235.00,2011-05-08,2011-12-02,7,4,Active
12701,Germany,2,678,797.71,398.86,2011-04-11,2011-09-21,79,2,At Risk
12702,Germany,1,53,219.00,219.00,2011-11-20,2011-11-20,19,1,Active
12703,Germany,1,164,283.55,283.55,2011-09-29,2011-09-29,71,1,At Risk
12704,Finland,8,1006,2340.84,292.61,2011-06-23,2011-12-02,7,8,Active
12705,Germany,9,3997,6868.29,763.14,2010-12-17,2011-11-24,15,9,Active
12707,France,1,256,603.42,603.42,2011-02-21,2011-02-21,291,1,Churned
12708,Germany,10,1307,2712.91,271.29,2010-12-06,2011-11-10,29,10,Active
12709,Germany,15,3912,9706.52,647.10,2010-12-08,2011-11-24,15,15,Active
12710,Germany,3,851,1149.02,383.01,2011-05-22,2011-09-04,96,3,At Risk
12712,Germany,13,1062,4396.13,338.16,2010-12-03,2011-11-11,28,13,Active
12713,Germany,1,508,848.55,848.55,2011-12-09,2011-12-09,0,1,Active
12714,France,5,3069,4708.86,941.77,2011-02-18,2011-11-30,9,5,Active
12715,Sweden,1,192,343.36,343.36,2011-08-25,2011-08-25,106,1,At Risk
12716,France,2,708,1053.49,526.75,2011-07-29,2011-12-06,3,2,Active
12717,Greece,2,506,1030.98,515.49,2011-04-08,2011-07-11,151,2,Churned
12718,France,1,203,238.25,238.25,2011-09-29,2011-09-29,71,1,At Risk
12719,France,2,374,644.95,322.48,2011-10-05,2011-12-04,5,2,Active
12720,Germany,25,4672,5781.73,231.27,2010-12-05,2011-12-07,2,25,Active
12721,France,6,1959,2656.13,442.69,2010-12-20,2011-11-08,31,6,Active
12722,France,4,566,997.63,249.41,2011-07-12,2011-09-15,85,4,At Risk
12723,France,5,434,725.07,145.01,2011-10-05,2011-12-06,3,5,Active
12724,France,4,445,1031.41,257.85,2011-01-11,2011-12-04,5,4,Active
12725,Italy,1,164,427.80,427.80,2010-12-03,2010-12-03,371,1,Churned
12726,France,7,3143,2609.10,372.73,2010-12-17,2011-11-11,28,7,Active
12727,France,7,2098,3980.70,568.67,2011-01-23,2011-11-29,10,7,Active
12728,France,4,419,836.33,209.08,2011-01-11,2011-09-29,71,4,At Risk
12729,France,1,233,453.01,453.01,2011-08-18,2011-08-18,113,1,At Risk
12731,France,12,8437,18895.91,1574.66,2010-12-10,2011-11-16,23,12,Active
12732,France,1,111,236.26,236.26,2011-06-13,2011-06-13,179,1,Churned
12733,USA,1,137,383.95,383.95,2011-04-19,2011-04-19,234,1,Churned
12734,France,1,88,110.40,110.40,2010-12-22,2010-12-22,352,1,Churned
12735,France,2,368,779.57,389.79,2011-01-06,2011-01-28,315,2,Churned
12736,France,1,173,234.00,234.00,2011-01-11,2011-01-11,332,1,Churned
12738,Germany,1,148,155.35,155.35,2010-12-02,2010-12-02,372,1,Churned
12739,United Arab Emirates,2,486,1013.04,506.52,2011-09-01,2011-09-22,78,2,At Risk
12740,France,1,342,427.60,427.60,2011-10-07,2011-10-07,63,1,At Risk
12743,Unspecified,2,315,540.13,270.07,2011-07-28,2011-07-28,134,2,Churned
12744,Singapore,7,5241,21279.29,3039.90,2011-01-25,2011-10-19,51,7,Active
12747,United Kingdom,11,1275,4196.01,381.46,2010-12-05,2011-12-07,2,11,Active
12748,United Kingdom,209,25287,33053.19,158.15,2010-12-01,2011-12-09,0,209,Active
12749,United Kingdom,5,1471,4090.88,818.18,2011-05-10,2011-12-06,3,5,Active
12750,Poland,1,137,275.88,275.88,2011-08-03,2011-08-03,128,1,Churned
12752,Norway,1,2262,4366.78,4366.78,2011-09-19,2011-09-19,81,1,At Risk
12753,Japan,6,11421,21429.39,3571.57,2010-12-12,2011-11-17,22,6,Active
12754,Japan,3,6481,3010.74,1003.58,2011-02-04,2011-04-18,235,3,Churned
12755,Japan,2,1491,3811.95,1905.98,2010-12-09,2011-03-04,280,2,Churned
12756,Japan,1,144,112.08,112.08,2011-09-14,2011-09-14,86,1,At Risk
12757,Portugal,13,2395,7834.65,602.67,2011-05-12,2011-11-24,15,13,Active
12758,Portugal,2,2135,2791.59,1395.80,2011-03-08,2011-08-15,116,2,At Risk
12759,Netherlands,3,902,1531.44,510.48,2011-03-09,2011-10-18,52,3,Active
12762,Portugal,2,1227,1898.52,949.26,2011-11-14,2011-12-02,7,2,Active
12763,Japan,2,316,494.08,247.04,2010-12-05,2011-07-24,138,2,Churned
12764,Lebanon,1,386,1693.88,1693.88,2011-01-27,2011-01-27,316,1,Churned
12766,Portugal,7,3646,6989.63,998.52,2010-12-08,2011-12-06,3,7,Active
12769,Brazil,1,356,1143.60,1143.60,2011-04-15,2011-04-15,238,1,Churned
12770,Japan,1,743,1351.45,1351.45,2011-05-13,2011-05-13,210,1,Churned
12772,Portugal,1,556,892.47,892.47,2011-10-11,2011-10-11,59,1,Active
12775,Netherlands,5,877,1386.04,277.21,2011-02-01,2011-11-22,17,5,Active
12778,Netherlands,6,825,822.23,137.04,2011-01-31,2011-11-20,19,6,Active
12779,Poland,8,2024,3981.36,497.67,2010-12-03,2011-11-02,37,8,Active
12781,Czech Republic,2,671,826.74,413.37,2011-02-28,2011-10-07,63,2,At Risk
12782,Portugal,5,1086,2330.92,466.18,2010-12-17,2011-12-05,4,5,Active
12783,Portugal,6,624,2225.91,370.99,2011-09-25,2011-12-07,2,6,Active
12784,Portugal,2,280,532.82,266.41,2011-11-24,2011-11-30,9,2,Active
12785,Portugal,1,131,311.95,311.95,2010-12-10,2010-12-10,364,1,Churned
12787,Netherlands,3,261,463.66,154.55,2011-05-31,2011-11-30,9,3,Active
12789,Netherlands,1,4,91.85,91.85,2011-10-05,2011-10-05,65,1,At Risk
12790,Netherlands,1,166,324.92,324.92,2011-05-31,2011-05-31,192,1,Churned
12791,Netherlands,1,97,192.60,192.60,2010-12-01,2010-12-01,373,1,Churned
12792,Portugal,1,217,400.54,400.54,2011-03-28,2011-03-28,256,1,Churned
12793,Portugal,2,295,545.48,272.74,2010-12-03,2011-01-09,334,2,Churned
12794,Portugal,2,592,860.41,430.21,2011-09-02,2011-10-17,53,2,Active
12795,Portugal,1,68,430.48,430.48,2011-11-21,2011-11-21,18,1,Active
12797,Portugal,1,118,254.03,254.03,2010-12-09,2010-12-09,365,1,Churned
12798,Japan,3,5256,6977.04,2325.68,2011-06-22,2011-11-29,10,3,Active
12802,Netherlands,1,314,427.58,427.58,2011-06-06,2011-06-06,186,1,Churned
12808,Portugal,3,188,483.65,161.22,2010-12-06,2011-11-03,36,3,Active
12809,Portugal,1,220,489.31,489.31,2011-06-15,2011-06-15,177,1,Churned
12811,Portugal,3,230,514.85,171.62,2011-02-28,2011-03-24,260,3,Churned
12812,Japan,1,164,229.64,229.64,2011-10-26,2011-10-26,44,1,Active
12814,Poland,1,49,125.92,125.92,2011-08-30,2011-08-30,101,1,At Risk
12815,Poland,2,379,1063.46,531.73,2011-05-25,2011-07-15,147,2,Churned
12816,Poland,2,128,572.20,286.10,2011-06-16,2011-09-05,95,2,At Risk
12817,Austria,1,53,166.04,166.04,2011-03-03,2011-03-03,281,1,Churned
12818,Austria,1,929,1542.08,1542.08,2011-03-23,2011-03-23,261,1,Churned
12820,United Kingdom,4,722,942.34,235.59,2011-01-17,2011-12-06,3,4,Active
12821,United Kingdom,1,70,92.72,92.72,2011-05-09,2011-05-09,214,1,Churned
12822,United Kingdom,2,550,948.88,474.44,2011-09-13,2011-09-30,70,2,At Risk
12823,United Kingdom,5,230,1759.50,351.90,2011-02-16,2011-09-26,74,5,At Risk
12824,United Kingdom,1,232,397.12,397.12,2011-10-11,2011-10-11,59,1,Active
12826,United Kingdom,7,1058,1474.72,210.67,2010-12-09,2011-12-07,2,7,Active
12827,United Kingdom,3,197,430.15,143.38,2011-10-26,2011-12-04,5,3,Active
12828,United Kingdom,6,494,1018.71,169.79,2011-08-01,2011-12-07,2,6,Active
12829,United Kingdom,2,376,293.00,146.50,2010-12-14,2011-01-07,336,2,Churned
12830,United Kingdom,6,9848,6814.64,1135.77,2011-06-21,2011-11-02,37,6,Active
12831,United Kingdom,1,135,215.05,215.05,2011-03-22,2011-03-22,262,1,Churned
12832,United Kingdom,2,195,383.03,191.52,2011-09-02,2011-11-07,32,2,Active
12833,United Kingdom,1,156,417.38,417.38,2011-07-17,2011-07-17,145,1,Churned
12834,United Kingdom,1,110,312.38,312.38,2011-03-02,2011-03-02,282,1,Churned
12836,United Kingdom,4,1062,2610.36,652.59,2011-02-01,2011-10-11,59,4,Active
12837,United Kingdom,1,24,134.10,134.10,2011-06-19,2011-06-19,173,1,Churned
12838,United Kingdom,2,355,671.95,335.98,2010-12-01,2011-11-06,33,2,Active
12839,United Kingdom,14,3807,5591.42,399.39,2010-12-07,2011-12-07,2,14,Active
12840,United Kingdom,4,1511,2726.77,681.69,2011-04-27,2011-07-19,143,4,Churned
12841,United Kingdom,25,2720,3991.58,159.66,2010-12-03,2011-12-05,4,25,Active
12842,United Kingdom,2,547,1118.99,559.50,2011-02-04,2011-09-30,70,2,At Risk
12843,United Kingdom,8,781,1702.26,212.78,2011-03-20,2011-10-05,65,8,At Risk
12844,United Kingdom,2,125,325.96,162.98,2011-08-01,2011-11-10,29,2,Active
12845,United Kingdom,4,204,354.09,88.52,2011-02-22,2011-03-17,267,4,Churned
12847,United Kingdom,1,873,843.64,843.64,2011-11-17,2011-11-17,22,1,Active
12849,United Kingdom,2,597,1010.29,505.15,2011-03-16,2011-11-08,31,2,Active
12851,United Kingdom,1,106,131.81,131.81,2011-09-04,2011-09-04,96,1,At Risk
12852,United Kingdom,1,149,311.55,311.55,2011-02-18,2011-02-18,294,1,Churned
12853,United Kingdom,6,800,1957.10,326.18,2011-01-28,2011-07-28,134,6,Churned
12854,United Kingdom,3,626,1316.25,438.75,2011-01-25,2011-09-22,78,3,At Risk
12855,United Kingdom,1,30,38.10,38.10,2010-12-02,2010-12-02,372,1,Churned
12856,United Kingdom,6,1076,2170.78,361.80,2011-10-07,2011-12-02,7,6,Active
12857,United Kingdom,2,343,1106.40,553.20,2011-02-10,2011-05-13,210,2,Churned
12863,United Kingdom,1,188,521.20,521.20,2011-10-18,2011-10-18,52,1,Active
12864,United Kingdom,1,216,147.12,147.12,2011-07-24,2011-07-24,138,1,Churned
12865,Austria,2,925,1568.23,784.12,2011-08-08,2011-11-13,26,2,Active
12866,Belgium,1,171,559.12,559.12,2011-03-01,2011-03-01,283,1,Churned
12867,United Kingdom,7,4284,4009.34,572.76,2010-12-14,2011-11-13,26,7,Active
12868,United Kingdom,6,928,1607.06,267.84,2010-12-01,2011-06-07,185,6,Churned
12871,United Kingdom,2,200,380.64,190.32,2011-05-16,2011-09-16,84,2,At Risk
12872,United Kingdom,2,319,599.97,299.99,2010-12-09,2011-01-17,326,2,Churned
12873,United Kingdom,1,128,374.00,374.00,2011-03-02,2011-03-02,282,1,Churned
12875,United Kingdom,2,2019,343.23,171.62,2010-12-12,2011-07-19,143,2,Churned
12876,Belgium,2,1941,2218.02,1109.01,2011-05-27,2011-10-13,57,2,Active
12877,United Kingdom,12,1178,1535.77,127.98,2010-12-16,2011-12-06,3,12,Active
12878,United Kingdom,2,547,854.99,427.50,2011-03-18,2011-04-17,236,2,Churned
12879,United Kingdom,3,370,573.22,191.07,2011-09-09,2011-10-26,44,3,Active
12881,United Kingdom,1,21,298.00,298.00,2011-03-09,2011-03-09,275,1,Churned
12882,United Kingdom,2,246,1463.04,731.52,2011-11-06,2011-11-30,9,2,Active
12883,United Kingdom,4,196,703.47,175.87,2011-09-11,2011-11-15,24,4,Active
12884,United Kingdom,1,43,309.05,309.05,2011-09-12,2011-09-12,88,1,At Risk
12885,United Kingdom,3,655,1175.22,391.74,2011-08-08,2011-10-07,63,3,At Risk
12886,United Kingdom,2,770,1378.40,689.20,2011-05-04,2011-10-03,67,2,At Risk
12888,United Kingdom,2,76,354.12,177.06,2011-03-29,2011-05-09,214,2,Churned
12890,United Kingdom,1,256,376.72,376.72,2011-11-15,2011-11-15,24,1,Active
12891,United Kingdom,3,950,331.00,110.33,2011-02-20,2011-06-07,185,3,Churned
12893,United Kingdom,1,90,176.55,176.55,2011-11-09,2011-11-09,30,1,Active
12895,United Kingdom,2,210,372.80,186.40,2011-09-14,2011-10-28,42,2,Active
12897,United Kingdom,2,110,216.50,108.25,2011-02-11,2011-05-19,204,2,Churned
12901,United Kingdom,28,23075,17654.54,630.52,2011-03-14,2011-12-01,8,28,Active
12902,United Kingdom,1,66,138.68,138.68,2011-03-20,2011-03-20,264,1,Churned
12904,United Kingdom,2,294,496.06,248.03,2011-06-20,2011-11-21,18,2,Active
12906,United Kingdom,5,1749,2919.81,583.96,2011-09-22,2011-11-28,11,5,Active
12908,United Kingdom,2,1200,750.00,375.00,2011-01-31,2011-06-16,176,2,Churned
12909,United Kingdom,5,1280,2178.67,435.73,2011-03-31,2011-10-31,39,5,Active
12910,United Kingdom,8,1692,3075.04,384.38,2011-04-12,2011-11-16,23,8,Active
12912,United Kingdom,5,670,1662.30,332.46,2011-10-30,2011-12-07,2,5,Active
12913,United Kingdom,5,1419,2483.63,496.73,2010-12-06,2011-12-05,4,5,Active
12915,United Kingdom,2,93,363.65,181.83,2010-12-02,2011-07-14,148,2,Churned
12916,United Kingdom,4,1083,2944.95,736.24,2011-01-23,2011-07-24,138,4,Churned
12917,United Kingdom,1,120,594.00,594.00,2011-08-03,2011-08-03,128,1,Churned
12919,United Kingdom,6,673,1335.19,222.53,2011-06-23,2011-12-01,8,6,Active
12920,United Kingdom,1,128,162.78,162.78,2011-11-22,2011-11-22,17,1,Active
12921,United Kingdom,37,9526,16587.09,448.30,2010-12-01,2011-11-30,9,37,Active
12922,United Kingdom,1,370,405.38,405.38,2011-07-01,2011-07-01,161,1,Churned
12923,United Kingdom,1,68,172.82,172.82,2011-10-06,2011-10-06,64,1,At Risk
12924,United Kingdom,4,481,933.70,233.43,2011-01-16,2011-09-12,88,4,At Risk
12925,United Kingdom,2,541,694.05,347.03,2011-09-26,2011-12-05,4,2,Active
12928,United Kingdom,5,1472,2062.70,412.54,2010-12-15,2011-11-04,35,5,Active
12929,United Kingdom,1,37,117.85,117.85,2011-02-01,2011-02-01,311,1,Churned
12930,United Kingdom,2,252,415.80,207.90,2011-06-21,2011-09-22,78,2,At Risk
12931,United Kingdom,15,28004,42055.96,2803.73,2010-12-17,2011-11-18,21,15,Active
12933,United Kingdom,3,499,607.53,202.51,2011-03-01,2011-11-15,24,3,Active
12935,United Kingdom,7,1853,2160.70,308.67,2011-01-24,2011-12-07,2,7,Active
12936,United Kingdom,4,559,1063.90,265.98,2011-09-22,2011-11-22,17,4,Active
12937,United Kingdom,4,1007,1504.27,376.07,2011-03-17,2011-11-24,15,4,Active
12938,United Kingdom,1,140,114.14,114.14,2011-11-14,2011-11-14,25,1,Active
12939,United Kingdom,8,4876,11581.80,1447.73,2011-01-09,2011-10-06,64,8,At Risk
12940,United Kingdom,2,404,899.69,449.85,2011-09-13,2011-10-16,54,2,Active
12942,United Kingdom,3,198,675.60,225.20,2010-12-09,2011-07-31,131,3,Churned
12944,United Kingdom,2,289,604.51,302.26,2010-12-20,2011-11-04,35,2,Active
12945,United Kingdom,1,165,462.95,462.95,2011-02-24,2011-02-24,288,1,Churned
12947,United Kingdom,6,1165,1603.99,267.33,2010-12-01,2011-07-19,143,6,Churned
12948,United Kingdom,7,1080,2064.95,294.99,2011-03-20,2011-11-23,16,7,Active
12949,United Kingdom,8,2381,4167.22,520.90,2011-04-01,2011-11-09,30,8,Active
12950,United Kingdom,3,1380,1843.00,614.33,2011-11-15,2011-12-07,2,3,Active
12951,United Kingdom,6,503,1064.07,177.35,2011-01-13,2011-12-01,8,6,Active
12952,United Kingdom,4,653,1387.79,346.95,2011-09-22,2011-12-04,5,4,Active
12953,United Kingdom,1,84,329.85,329.85,2011-11-30,2011-11-30,9,1,Active
12955,United Kingdom,11,3664,4757.16,432.47,2011-03-17,2011-12-08,1,11,Active
12956,United Kingdom,1,34,108.07,108.07,2011-02-06,2011-02-06,306,1,Churned
12957,United Kingdom,8,2549,4017.54,502.19,2011-01-04,2011-11-30,9,8,Active
12962,United Kingdom,2,129,266.39,133.20,2011-08-18,2011-12-02,7,2,Active
12963,United Kingdom,8,881,1856.63,232.08,2010-12-09,2011-12-01,8,8,Active
12965,United Kingdom,1,282,769.81,769.81,2011-09-11,2011-09-11,89,1,At Risk
12966,United Kingdom,1,75,160.18,160.18,2011-11-30,2011-11-30,9,1,Active
12967,United Kingdom,2,438,1660.90,830.45,2010-12-03,2010-12-16,358,2,Churned
12968,United Kingdom,1,73,135.95,135.95,2011-08-19,2011-08-19,112,1,At Risk
12970,United Kingdom,4,268,405.47,101.37,2011-01-21,2011-12-02,7,4,Active
12971,United Kingdom,86,9289,11189.91,130.12,2010-12-02,2011-12-06,3,86,Active
12974,United Kingdom,1,24,144.80,144.80,2011-05-26,2011-05-26,197,1,Churned
12976,United Kingdom,1,561,738.60,738.60,2011-05-12,2011-05-12,211,1,Churned
12977,United Kingdom,1,12,39.24,39.24,2011-07-06,2011-07-06,156,1,Churned
12980,United Kingdom,9,886,7374.90,819.43,2010-12-16,2011-07-05,157,9,Churned
12981,United Kingdom,2,242,372.22,186.11,2011-07-29,2011-11-10,29,2,Active
12982,United Kingdom,1,288,390.54,390.54,2011-04-11,2011-04-11,242,1,Churned
12984,United Kingdom,1,26,97.50,97.50,2011-11-21,2011-11-21,18,1,Active
12985,United Kingdom,2,1533,1239.38,619.69,2011-11-11,2011-12-09,0,2,Active
12987,United Kingdom,2,219,558.70,279.35,2011-05-26,2011-09-27,73,2,At Risk
12988,United Kingdom,1,126,505.82,505.82,2011-02-20,2011-02-20,292,1,Churned
12989,United Kingdom,15,2943,6924.11,461.61,2010-12-10,2011-12-06,3,15,Active
12990,United Kingdom,3,200,409.50,136.50,2011-02-02,2011-11-08,31,3,Active
12991,United Kingdom,2,405,503.76,251.88,2011-08-19,2011-11-16,23,2,Active
12993,United Kingdom,4,240,414.76,103.69,2011-02-14,2011-11-16,23,4,Active
12994,United Kingdom,3,459,974.42,324.81,2011-03-16,2011-12-05,4,3,Active
12995,United Kingdom,1,108,211.32,211.32,2011-09-15,2011-09-15,85,1,At Risk
12997,United Kingdom,4,664,1226.89,306.72,2011-01-26,2011-11-17,22,4,Active
12999,United Kingdom,3,342,455.88,151.96,2011-04-08,2011-05-27,196,3,Churned
13000,United Kingdom,3,379,534.85,178.28,2010-12-10,2011-08-25,106,3,At Risk
13001,United Kingdom,13,5490,9785.97,752.77,2011-01-17,2011-12-05,4,13,Active
13002,United Kingdom,1,73,120.95,120.95,2011-01-25,2011-01-25,318,1,Churned
13003,United Kingdom,3,103,149.05,49.68,2011-05-09,2011-08-26,105,3,At Risk
13004,United Kingdom,18,4822,5655.91,314.22,2010-12-17,2011-11-28,11,18,Active
13005,United Kingdom,2,172,513.70,256.85,2011-04-07,2011-06-19,173,2,Churned
13006,United Kingdom,1,55,81.57,81.57,2011-10-14,2011-10-14,56,1,Active
13008,United Kingdom,1,175,229.47,229.47,2011-01-20,2011-01-20,323,1,Churned
13011,United Kingdom,1,13,50.55,50.55,2010-12-02,2010-12-02,372,1,Churned
13012,United Kingdom,8,820,1646.84,205.86,2011-02-18,2011-11-30,9,8,Active
13013,United Kingdom,13,2224,4810.94,370.07,2010-12-03,2011-12-08,1,13,Active
13014,United Kingdom,10,905,3466.28,346.63,2011-03-03,2011-11-29,10,10,Active
13015,United Kingdom,5,1609,3339.64,667.93,2011-04-04,2011-10-17,53,5,Active
13016,United Kingdom,3,527,789.89,263.30,2011-08-08,2011-09-27,73,3,At Risk
13017,United Kingdom,1,48,204.00,204.00,2011-12-02,2011-12-02,7,1,Active
13018,United Kingdom,28,5435,7277.70,259.92,2011-02-17,2011-11-23,16,28,Active
13021,United Kingdom,9,1352,2616.38,290.71,2010-12-16,2011-12-05,4,9,Active
13023,United Kingdom,2,286,689.90,344.95,2011-08-02,2011-10-06,64,2,At Risk
13026,United Kingdom,5,1620,975.36,195.07,2011-03-09,2011-12-08,1,5,Active
13027,United Kingdom,6,17280,6912.00,1152.00,2010-12-20,2011-08-18,113,6,At Risk
13028,United Kingdom,2,798,661.32,330.66,2011-10-25,2011-11-17,22,2,Active
13029,United Kingdom,3,134,1247.50,415.83,2010-12-21,2011-11-09,30,3,Active
13030,United Kingdom,2,348,752.44,376.22,2010-12-06,2011-11-28,11,2,Active
13032,United Kingdom,2,375,1010.18,505.09,2011-09-13,2011-10-18,52,2,Active
13033,United Kingdom,1,83,190.55,190.55,2010-12-17,2010-12-17,357,1,Churned
13034,United Kingdom,2,369,642.77,321.39,2010-12-05,2011-10-16,54,2,Active
13035,United Kingdom,2,644,921.88,460.94,2011-03-24,2011-09-27,73,2,At Risk
13037,United Kingdom,3,431,881.07,293.69,2011-03-28,2011-07-24,138,3,Churned
13038,United Kingdom,3,360,908.46,302.82,2011-02-22,2011-09-20,80,3,At Risk
13040,United Kingdom,2,355,676.99,338.50,2011-11-06,2011-12-01,8,2,Active
13043,United Kingdom,1,254,516.42,516.42,2011-03-11,2011-03-11,273,1,Churned
13044,United Kingdom,1,429,560.47,560.47,2011-02-21,2011-02-21,291,1,Churned
13045,United Kingdom,1,221,305.28,305.28,2011-09-01,2011-09-01,99,1,At Risk
13046,United Kingdom,2,264,629.31,314.66,2011-03-18,2011-11-09,30,2,Active
13047,United Kingdom,10,1391,3237.54,323.75,2010-12-01,2011-11-08,31,10,Active
13048,United Kingdom,4,1228,1819.41,454.85,2011-01-16,2011-11-25,14,4,Active
13049,United Kingdom,2,268,656.68,328.34,2011-01-25,2011-10-06,64,2,At Risk
13050,United Kingdom,17,3748,5836.86,343.34,2010-12-08,2011-11-25,14,17,Active
13052,United Kingdom,1,222,348.15,348.15,2011-05-11,2011-05-11,212,1,Churned
13055,United Kingdom,3,894,1214.41,404.80,2011-05-10,2011-09-22,78,3,At Risk
13058,United Kingdom,3,52,271.40,90.47,2011-07-11,2011-11-15,24,3,Active
13059,United Kingdom,1,35,183.40,183.40,2011-04-04,2011-04-04,249,1,Churned
13060,United Kingdom,1,123,307.53,307.53,2011-03-31,2011-03-31,253,1,Churned
13061,United Kingdom,1,107,248.61,248.61,2011-09-28,2011-09-28,72,1,At Risk
13062,United Kingdom,1,343,346.98,346.98,2011-06-01,2011-06-01,191,1,Churned
13064,United Kingdom,4,514,1105.59,276.40,2011-01-16,2011-11-27,12,4,Active
13065,United Kingdom,1,74,205.86,205.86,2010-12-01,2010-12-01,373,1,Churned
13066,United Kingdom,2,322,470.80,235.40,2011-11-07,2011-11-15,24,2,Active
13067,United Kingdom,1,32,115.46,115.46,2011-09-18,2011-09-18,82,1,At Risk
13068,United Kingdom,2,200,344.00,172.00,2011-01-24,2011-11-29,10,2,Active
13069,United Kingdom,24,5873,4431.44,184.64,2010-12-05,2011-12-09,0,24,Active
13070,United Kingdom,1,110,228.80,228.80,2011-05-31,2011-05-31,192,1,Churned
13072,United Kingdom,1,69,177.15,177.15,2011-03-18,2011-03-18,266,1,Churned
13075,United Kingdom,1,485,919.61,919.61,2011-08-02,2011-08-02,129,1,Churned
13077,United Kingdom,4,862,728.02,182.01,2010-12-08,2011-12-08,1,4,Active
13078,United Kingdom,26,5630,12627.94,485.69,2010-12-08,2011-12-06,3,26,Active
13079,United Kingdom,5,62,220.10,44.02,2011-07-22,2011-12-05,4,5,Active
13080,United Kingdom,1,120,58.08,58.08,2011-06-13,2011-06-13,179,1,Churned
13081,United Kingdom,11,19068,28337.38,2576.13,2010-12-03,2011-11-28,11,11,Active
13082,United Kingdom,9,4324,3613.63,401.51,2011-01-05,2011-08-05,126,9,Churned
13083,United Kingdom,2,187,303.75,151.88,2011-09-25,2011-12-05,4,2,Active
13085,United Kingdom,2,216,416.08,208.04,2011-02-17,2011-07-05,157,2,Churned
13089,United Kingdom,97,31025,58762.08,605.79,2010-12-05,2011-12-07,2,97,Active
13090,United Kingdom,14,2263,8910.82,636.49,2010-12-02,2011-12-01,8,14,Active
13091,United Kingdom,1,466,345.82,345.82,2011-11-11,2011-11-11,28,1,Active
13092,United Kingdom,5,279,477.83,95.57,2010-12-15,2011-09-30,70,5,At Risk
13093,United Kingdom,8,3961,7832.47,979.06,2010-12-01,2011-03-09,275,8,Churned
13094,United Kingdom,12,1716,1927.32,160.61,2010-12-06,2011-11-18,21,12,Active
13095,United Kingdom,1,144,74.40,74.40,2011-09-30,2011-09-30,70,1,At Risk
13097,United Kingdom,10,2360,6003.22,600.32,2010-12-14,2011-11-07,32,10,Active
13098,United Kingdom,28,15968,28882.44,1031.52,2011-01-26,2011-12-08,1,28,Active
13099,United Kingdom,1,288,207.36,207.36,2011-09-01,2011-09-01,99,1,At Risk
13101,United Kingdom,1,113,101.19,101.19,2011-04-19,2011-04-19,234,1,Churned
13102,United Kingdom,24,4204,6424.09,267.67,2010-12-09,2011-12-08,1,24,Active
13103,United Kingdom,1,82,243.94,243.94,2011-10-31,2011-10-31,39,1,Active
13104,United Kingdom,6,504,1098.48,183.08,2010-12-20,2011-12-06,3,6,Active
13106,United Kingdom,1,18,76.50,76.50,2011-07-29,2011-07-29,133,1,Churned
13107,United Kingdom,4,1293,1531.62,382.91,2011-01-10,2011-10-26,44,4,Active
13108,United Kingdom,1,298,350.06,350.06,2010-12-02,2010-12-02,372,1,Churned
13109,United Kingdom,2,520,786.54,393.27,2011-07-05,2011-10-11,59,2,Active
13110,United Kingdom,7,388,1488.67,212.67,2011-02-01,2011-11-08,31,7,Active
13113,United Kingdom,24,3045,12245.96,510.25,2010-12-08,2011-12-09,0,24,Active
13115,United Kingdom,4,1567,2294.78,573.70,2011-06-08,2011-11-28,11,4,Active
13116,United Kingdom,1,291,501.14,501.14,2011-07-24,2011-07-24,138,1,Churned
13117,United Kingdom,8,945,984.91,123.11,2010-12-02,2011-11-18,21,8,Active
13118,United Kingdom,5,410,1197.81,239.56,2011-02-24,2011-11-20,19,5,Active
13120,United Kingdom,1,12,30.60,30.60,2011-04-15,2011-04-15,238,1,Churned
13121,United Kingdom,1,252,283.73,283.73,2011-03-15,2011-03-15,269,1,Churned
13122,United Kingdom,2,585,922.39,461.20,2011-04-13,2011-09-06,94,2,At Risk
13124,United Kingdom,3,2119,3756.33,1252.11,2010-12-15,2011-09-11,89,3,At Risk
13126,United Kingdom,8,2143,2099.64,262.46,2010-12-08,2011-12-05,4,8,Active
13127,United Kingdom,1,127,259.17,259.17,2011-09-23,2011-09-23,77,1,At Risk
13130,United Kingdom,1,32,64.00,64.00,2011-09-06,2011-09-06,94,1,At Risk
13131,United Kingdom,3,447,1073.30,357.77,2011-06-05,2011-11-16,23,3,Active
13132,United Kingdom,1,20,77.30,77.30,2011-03-23,2011-03-23,261,1,Churned
13133,United Kingdom,2,32,109.80,54.90,2011-02-08,2011-03-11,273,2,Churned
13134,United Kingdom,4,1059,1793.58,448.40,2011-04-13,2011-09-15,85,4,At Risk
13135,United Kingdom,1,4300,3096.00,3096.00,2011-05-27,2011-05-27,196,1,Churned
13136,United Kingdom,5,1328,2607.61,521.52,2011-05-11,2011-10-14,56,5,Active
13137,United Kingdom,8,2204,3603.29,450.41,2011-02-04,2011-11-29,10,8,Active
13138,United Kingdom,6,473,962.39,160.40,2010-12-02,2011-11-17,22,6,Active
13139,United Kingdom,7,2425,5064.94,723.56,2011-03-25,2011-11-23,16,7,Active
13140,United Kingdom,3,185,422.47,140.82,2010-12-08,2011-08-23,108,3,At Risk
13141,United Kingdom,5,1548,2388.75,477.75,2011-01-28,2011-09-16,84,5,At Risk
13142,United Kingdom,1,258,307.09,307.09,2011-11-20,2011-11-20,19,1,Active
13144,United Kingdom,1,21,110.95,110.95,2011-01-11,2011-01-11,332,1,Churned
13145,United Kingdom,4,145,618.52,154.63,2010-12-02,2011-10-31,39,4,Active
13146,United Kingdom,1,154,228.91,228.91,2011-11-13,2011-11-13,26,1,Active
13147,United Kingdom,4,144,712.80,178.20,2011-09-01,2011-11-29,10,4,Active
13148,United Kingdom,12,1965,3683.26,306.94,2010-12-10,2011-11-10,29,12,Active
13149,United Kingdom,4,1280,1676.06,419.02,2011-02-23,2011-11-25,14,4,Active
13151,United Kingdom,1,363,1257.87,1257.87,2011-02-17,2011-02-17,295,1,Churned
13153,United Kingdom,1,418,486.22,486.22,2011-12-04,2011-12-04,5,1,Active
13155,United Kingdom,4,497,971.76,242.94,2010-12-06,2011-11-06,33,4,Active
13157,United Kingdom,4,1439,1741.22,435.31,2011-02-14,2011-10-21,49,4,Active
13158,United Kingdom,4,784,1201.06,300.27,2011-01-25,2011-09-06,94,4,At Risk
13159,United Kingdom,4,1058,1429.35,357.34,2011-08-16,2011-12-01,8,4,Active
13160,United Kingdom,1,56,91.80,91.80,2011-11-17,2011-11-17,22,1,Active
13161,United Kingdom,1,29,112.75,112.75,2011-01-30,2011-01-30,313,1,Churned
13162,United Kingdom,4,1713,1688.29,422.07,2011-01-09,2011-08-09,122,4,Churned
13165,United Kingdom,2,1376,1021.48,510.74,2010-12-23,2011-10-24,46,2,Active
13166,United Kingdom,1,216,417.20,417.20,2011-03-01,2011-03-01,283,1,Churned
13167,United Kingdom,4,785,791.33,197.83,2011-07-19,2011-11-21,18,4,Active
13168,United Kingdom,4,670,1299.59,324.90,2011-01-25,2011-11-03,36,4,Active
13169,United Kingdom,2,272,712.88,356.44,2011-04-01,2011-10-07,63,2,At Risk
13170,United Kingdom,1,141,108.81,108.81,2011-11-13,2011-11-13,26,1,Active
13171,United Kingdom,3,229,468.41,156.14,2011-02-13,2011-11-18,21,3,Active
13173,United Kingdom,2,277,353.65,176.83,2010-12-07,2011-12-05,4,2,Active
13174,United Kingdom,3,1352,2742.82,914.27,2010-12-05,2011-11-23,16,3,Active
13176,United Kingdom,1,448,481.49,481.49,2011-10-24,2011-10-24,46,1,Active
13177,United Kingdom,1,91,282.45,282.45,2011-10-06,2011-10-06,64,1,At Risk
13178,United Kingdom,11,3570,5725.47,520.50,2010-12-14,2011-11-13,26,11,Active
13182,United Kingdom,1,201,121.18,121.18,2011-10-25,2011-10-25,45,1,Active
13183,United Kingdom,9,2208,3957.78,439.75,2011-01-09,2011-12-02,7,9,Active
13184,United Kingdom,10,1662,1668.95,166.90,2011-02-22,2011-11-25,14,10,Active
13185,United Kingdom,1,12,71.40,71.40,2011-03-17,2011-03-17,267,1,Churned
13186,United Kingdom,3,820,1575.89,525.30,2011-08-03,2011-10-31,39,3,Active
13187,United Kingdom,1,95,236.02,236.02,2011-01-06,2011-01-06,337,1,Churned
13188,United Kingdom,1,25,114.60,114.60,2011-11-28,2011-11-28,11,1,Active
13189,United Kingdom,2,842,260.68,130.34,2011-08-16,2011-11-21,18,2,Active
13192,United Kingdom,2,595,911.94,455.97,2011-05-18,2011-09-05,95,2,At Risk
13193,United Kingdom,1,46,112.08,112.08,2011-10-09,2011-10-09,61,1,At Risk
13194,United Kingdom,1,26,60.70,60.70,2011-07-27,2011-07-27,135,1,Churned
13196,United Kingdom,4,1224,1797.78,449.45,2011-03-22,2011-11-28,11,4,Active
13198,United Kingdom,6,2648,3401.24,566.87,2010-12-13,2011-11-29,10,6,Active
13199,United Kingdom,38,6176,9817.12,258.35,2010-12-08,2011-12-06,3,38,Active
13200,United Kingdom,4,516,870.09,217.52,2011-08-05,2011-11-20,19,4,Active
13203,United Kingdom,4,800,869.46,217.37,2011-04-11,2011-11-30,9,4,Active
13207,United Kingdom,2,130,250.26,125.13,2011-07-12,2011-11-24,15,2,Active
13208,United Kingdom,6,803,1217.65,202.94,2011-02-03,2011-10-12,58,6,Active
13209,United Kingdom,8,4253,5891.61,736.45,2010-12-13,2011-11-09,30,8,Active
13210,United Kingdom,1,316,353.48,353.48,2011-09-07,2011-09-07,93,1,At Risk
13211,United Kingdom,3,834,1095.42,365.14,2010-12-13,2011-11-29,10,3,Active
13212,United Kingdom,3,309,786.83,262.28,2011-10-09,2011-11-20,19,3,Active
13213,United Kingdom,5,1360,1520.58,304.12,2011-05-24,2011-10-14,56,5,Active
13216,United Kingdom,1,297,333.74,333.74,2011-03-17,2011-03-17,267,1,Churned
13217,United Kingdom,3,262,533.98,177.99,2011-07-06,2011-08-09,122,3,Churned
13218,United Kingdom,1,88,62.64,62.64,2011-08-04,2011-08-04,127,1,Churned
13220,United Kingdom,4,196,819.29,204.82,2011-04-17,2011-09-22,78,4,At Risk
13221,United Kingdom,2,244,847.41,423.71,2010-12-15,2011-04-13,240,2,Churned
13223,United Kingdom,2,88,163.20,81.60,2011-04-21,2011-05-23,200,2,Churned
13224,United Kingdom,2,1518,2155.95,1077.98,2011-07-11,2011-10-10,60,2,Active
13225,United Kingdom,7,3416,6463.84,923.41,2010-12-13,2011-12-06,3,7,Active
13226,United Kingdom,1,80,108.21,108.21,2011-03-11,2011-03-11,273,1,Churned
13227,United Kingdom,1,99,257.70,257.70,2011-05-22,2011-05-22,201,1,Churned
13228,United Kingdom,1,200,358.00,358.00,2011-09-19,2011-09-19,81,1,At Risk
13229,United Kingdom,1,63,160.95,160.95,2011-04-28,2011-04-28,225,1,Churned
13230,United Kingdom,14,1638,2755.63,196.83,2010-12-09,2011-12-05,4,14,Active
13232,United Kingdom,7,773,1328.35,189.76,2011-04-10,2011-11-27,12,7,Active
13233,United Kingdom,2,1004,605.12,302.56,2011-01-07,2011-09-26,74,2,At Risk
13235,United Kingdom,1,441,1031.07,1031.07,2011-05-11,2011-05-11,212,1,Churned
13236,United Kingdom,2,416,744.85,372.43,2011-08-25,2011-11-15,24,2,Active
13238,United Kingdom,4,298,700.73,175.18,2010-12-14,2011-11-22,17,4,Active
13239,United Kingdom,1,327,329.56,329.56,2011-03-23,2011-03-23,261,1,Churned
13240,United Kingdom,4,298,663.65,165.91,2010-12-09,2011-09-04,96,4,At Risk
13242,United Kingdom,3,130,270.40,90.13,2011-05-10,2011-08-19,112,3,At Risk
13243,United Kingdom,1,232,585.12,585.12,2011-05-20,2011-05-20,203,1,Churned
13244,United Kingdom,1,38,121.74,121.74,2011-09-08,2011-09-08,92,1,At Risk
13245,United Kingdom,1,125,430.50,430.50,2011-10-20,2011-10-20,50,1,Active
13246,United Kingdom,6,1587,1961.52,326.92,2011-01-13,2011-11-21,18,6,Active
13247,United Kingdom,4,328,501.12,125.28,2011-09-18,2011-11-22,17,4,Active
13248,United Kingdom,2,305,465.68,232.84,2011-06-03,2011-08-07,124,2,Churned
13249,United Kingdom,3,546,711.41,237.14,2011-03-23,2011-09-08,92,3,At Risk
13253,United Kingdom,2,1572,1030.40,515.20,2011-01-04,2011-07-06,156,2,Churned
13255,United Kingdom,2,177,399.51,199.76,2010-12-01,2011-11-30,9,2,Active
13258,United Kingdom,3,282,672.83,224.28,2011-05-18,2011-11-28,11,3,Active
13259,United Kingdom,1,126,283.18,283.18,2011-10-09,2011-10-09,61,1,At Risk
13260,United Kingdom,1,142,557.62,557.62,2011-10-09,2011-10-09,61,1,At Risk
13261,United Kingdom,2,210,944.10,472.05,2011-02-27,2011-03-16,268,2,Churned
13262,United Kingdom,1,125,200.29,200.29,2011-03-21,2011-03-21,263,1,Churned
13263,United Kingdom,35,4768,7436.93,212.48,2011-01-18,2011-12-08,1,35,Active
13265,United Kingdom,5,1740,2092.66,418.53,2011-03-11,2011-10-17,53,5,Active
13266,United Kingdom,12,4428,3834.26,319.52,2011-03-28,2011-11-28,11,12,Active
13267,United Kingdom,19,1969,4521.49,237.97,2010-12-08,2011-12-07,2,19,Active
13268,United Kingdom,11,3624,3174.75,288.61,2011-03-17,2011-11-22,17,11,Active
13269,United Kingdom,15,3513,5343.28,356.22,2010-12-05,2011-12-08,1,15,Active
13270,United Kingdom,1,200,590.00,590.00,2010-12-08,2010-12-08,366,1,Churned
13271,United Kingdom,1,240,211.49,211.49,2011-11-02,2011-11-02,37,1,Active
13272,United Kingdom,2,96,276.56,138.28,2011-09-11,2011-11-08,31,2,Active
13273,United Kingdom,1,153,138.98,138.98,2011-08-18,2011-08-18,113,1,At Risk
13276,United Kingdom,2,161,590.93,295.47,2011-09-01,2011-10-07,63,2,At Risk
13277,United Kingdom,4,176,258.40,64.60,2011-07-29,2011-11-24,15,4,Active
13278,United Kingdom,1,537,542.73,542.73,2011-10-30,2011-10-30,40,1,Active
13279,United Kingdom,1,73,137.75,137.75,2011-09-22,2011-09-22,78,1,At Risk
13280,United Kingdom,3,518,798.46,266.15,2011-01-06,2011-08-09,122,3,Churned
13282,United Kingdom,3,307,1132.14,377.38,2011-05-03,2011-11-21,18,3,Active
13283,United Kingdom,2,90,93.66,46.83,2011-06-07,2011-10-11,59,2,Active
13284,United Kingdom,1,91,201.19,201.19,2011-01-13,2011-01-13,330,1,Churned
13285,United Kingdom,4,2051,2709.12,677.28,2011-02-22,2011-11-16,23,4,Active
13291,United Kingdom,1,233,361.11,361.11,2011-07-07,2011-07-07,155,1,Churned
13292,United Kingdom,2,347,578.94,289.47,2011-02-28,2011-11-01,38,2,Active
13294,United Kingdom,2,453,873.74,436.87,2011-04-04,2011-06-03,189,2,Churned
13295,United Kingdom,1,82,201.20,201.20,2010-12-15,2010-12-15,359,1,Churned
13296,United Kingdom,1,78,87.40,87.40,2011-07-25,2011-07-25,137,1,Churned
13297,United Kingdom,4,963,2089.85,522.46,2011-10-03,2011-12-02,7,4,Active
13298,United Kingdom,1,96,360.00,360.00,2011-12-08,2011-12-08,1,1,Active
13299,United Kingdom,1,30,142.50,142.50,2011-03-16,2011-03-16,268,1,Churned
13300,United Kingdom,1,203,371.89,371.89,2011-06-23,2011-06-23,169,1,Churned
13301,United Kingdom,4,345,618.09,154.52,2011-02-20,2011-08-28,103,4,At Risk
13302,United Kingdom,1,5,63.75,63.75,2011-07-07,2011-07-07,155,1,Churned
13304,United Kingdom,1,238,300.42,300.42,2010-12-23,2010-12-23,351,1,Churned
13305,United Kingdom,10,1232,2000.86,200.09,2010-12-02,2011-12-05,4,10,Active
13307,United Kingdom,1,4,15.00,15.00,2011-08-11,2011-08-11,120,1,At Risk
13308,United Kingdom,3,843,1385.51,461.84,2011-05-20,2011-11-17,22,3,Active
13309,United Kingdom,5,1544,1456.79,291.36,2011-02-04,2011-12-02,7,5,Active
13310,United Kingdom,3,587,1132.03,377.34,2011-01-19,2011-11-11,28,3,Active
13311,United Kingdom,2,305,598.57,299.29,2011-07-12,2011-12-05,4,2,Active
13313,United Kingdom,5,851,1555.32,311.06,2011-01-04,2011-11-17,22,5,Active
13314,United Kingdom,3,560,775.94,258.65,2011-09-27,2011-12-08,1,3,Active
13316,United Kingdom,4,5508,5732.93,1433.23,2011-03-30,2011-11-02,37,4,Active
13317,United Kingdom,6,1035,2273.68,378.95,2010-12-16,2011-10-04,66,6,At Risk
13318,United Kingdom,3,304,640.76,213.59,2011-11-02,2011-12-08,1,3,Active
13319,United Kingdom,26,4724,10845.55,417.14,2010-12-09,2011-12-04,5,26,Active
13320,United Kingdom,4,1086,1532.20,383.05,2011-05-10,2011-09-22,78,4,At Risk
13321,United Kingdom,2,372,567.36,283.68,2011-09-14,2011-09-28,72,2,At Risk
13322,United Kingdom,1,117,199.48,199.48,2011-11-22,2011-11-22,17,1,Active
13323,United Kingdom,5,175,787.85,157.57,2011-09-16,2011-12-06,3,5,Active
13324,United Kingdom,10,5205,7121.95,712.20,2010-12-14,2011-11-03,36,10,Active
13325,United Kingdom,1,240,675.30,675.30,2011-09-19,2011-09-19,81,1,At Risk
13327,United Kingdom,8,1600,3627.77,453.47,2010-12-09,2011-11-01,38,8,Active
13328,United Kingdom,1,680,1308.48,1308.48,2011-01-27,2011-01-27,316,1,Churned
13329,United Kingdom,2,463,789.00,394.50,2010-12-08,2011-11-08,31,2,Active
13330,United Kingdom,3,751,1140.93,380.31,2011-01-28,2011-09-08,92,3,At Risk
13332,United Kingdom,1,179,350.90,350.90,2011-11-25,2011-11-25,14,1,Active
13334,United Kingdom,3,1764,3502.32,1167.44,2011-02-07,2011-09-18,82,3,At Risk
13336,United Kingdom,1,559,795.12,795.12,2011-09-23,2011-09-23,77,1,At Risk
13338,United Kingdom,1,256,487.02,487.02,2011-07-05,2011-07-05,157,1,Churned
13339,United Kingdom,1,326,860.12,860.12,2011-05-23,2011-05-23,200,1,Churned
13340,United Kingdom,7,5770,10736.48,1533.78,2011-03-08,2011-10-25,45,7,Active
13341,United Kingdom,1,301,775.85,775.85,2011-03-24,2011-03-24,260,1,Churned
13343,United Kingdom,1,135,353.43,353.43,2011-06-15,2011-06-15,177,1,Churned
13344,United Kingdom,3,952,2511.69,837.23,2011-03-07,2011-10-03,67,3,At Risk
13345,United Kingdom,1,141,389.50,389.50,2011-02-25,2011-02-25,287,1,Churned
13347,United Kingdom,1,205,341.36,341.36,2011-09-30,2011-09-30,70,1,At Risk
13348,United Kingdom,1,136,233.76,233.76,2011-10-06,2011-10-06,64,1,At Risk
13349,United Kingdom,1,225,247.32,247.32,2011-11-29,2011-11-29,10,1,Active
13350,United Kingdom,2,287,979.12,489.56,2011-09-21,2011-11-23,16,2,Active
13351,United Kingdom,1,117,373.94,373.94,2011-10-04,2011-10-04,66,1,At Risk
13352,United Kingdom,1,321,397.98,397.98,2011-10-10,2011-10-10,60,1,Active
13354,United Kingdom,1,604,743.53,743.53,2011-09-29,2011-09-29,71,1,At Risk
13355,United Kingdom,1,314,674.70,674.70,2011-08-09,2011-08-09,122,1,Churned
13356,United Kingdom,1,325,768.24,768.24,2011-09-20,2011-09-20,80,1,At Risk
13357,United Kingdom,1,321,609.40,609.40,2011-03-27,2011-03-27,257,1,Churned
13358,United Kingdom,1,285,439.03,439.03,2011-03-16,2011-03-16,268,1,Churned
13359,United Kingdom,1,161,439.56,439.56,2011-10-07,2011-10-07,63,1,At Risk
13362,United Kingdom,4,1382,3090.74,772.69,2011-02-25,2011-11-30,9,4,Active
13363,United Kingdom,2,710,992.50,496.25,2011-10-27,2011-11-22,17,2,Active
13364,United Kingdom,1,71,134.96,134.96,2011-09-29,2011-09-29,71,1,At Risk
13365,United Kingdom,2,1247,2225.37,1112.69,2011-05-06,2011-11-06,33,2,Active
13366,United Kingdom,1,144,56.16,56.16,2011-10-20,2011-10-20,50,1,Active
13368,United Kingdom,2,327,623.40,311.70,2011-01-06,2011-03-28,256,2,Churned
13369,United Kingdom,1,149,308.28,308.28,2010-12-09,2010-12-09,365,1,Churned
13370,United Kingdom,1,343,754.87,754.87,2010-12-03,2010-12-03,371,1,Churned
13372,United Kingdom,1,159,378.64,378.64,2011-09-11,2011-09-11,89,1,At Risk
13373,United Kingdom,3,1651,3312.25,1104.08,2011-03-08,2011-10-10,60,3,Active
13375,United Kingdom,1,442,778.65,778.65,2011-09-12,2011-09-12,88,1,At Risk
13376,United Kingdom,3,493,1019.76,339.92,2011-04-19,2011-09-01,99,3,At Risk
13379,United Kingdom,3,601,572.56,190.85,2011-07-26,2011-11-13,26,3,Active
13381,United Kingdom,6,2029,3639.31,606.55,2011-02-14,2011-11-08,31,6,Active
13382,United Kingdom,1,131,222.99,222.99,2011-03-04,2011-03-04,280,1,Churned
13384,United Kingdom,7,2422,4151.93,593.13,2011-06-14,2011-11-09,30,7,Active
13385,United Kingdom,1,281,534.57,534.57,2011-01-14,2011-01-14,329,1,Churned
13388,United Kingdom,2,282,677.10,338.55,2011-07-31,2011-07-31,131,2,Churned
13389,United Kingdom,3,429,797.96,265.99,2011-04-21,2011-11-28,11,3,Active
13390,United Kingdom,1,224,544.08,544.08,2011-09-26,2011-09-26,74,1,At Risk
13391,United Kingdom,1,4,59.80,59.80,2011-05-20,2011-05-20,203,1,Churned
13394,United Kingdom,8,2392,2520.02,315.00,2011-02-03,2011-12-08,1,8,Active
13395,United Kingdom,1,336,307.72,307.72,2011-06-07,2011-06-07,185,1,Churned
13396,United Kingdom,2,600,1360.99,680.50,2011-01-24,2011-11-10,29,2,Active
13397,United Kingdom,5,430,1544.13,308.83,2011-01-04,2011-09-28,72,5,At Risk
13398,United Kingdom,1,281,457.34,457.34,2011-05-31,2011-05-31,192,1,Churned
13402,United Kingdom,2,479,621.23,310.62,2010-12-02,2011-08-04,127,2,Churned
13403,United Kingdom,1,44,75.00,75.00,2011-11-22,2011-11-22,17,1,Active
13404,United Kingdom,2,111,252.49,126.25,2011-05-11,2011-12-08,1,2,Active
13405,United Kingdom,3,165,572.45,190.82,2011-01-26,2011-09-26,74,3,At Risk
13408,United Kingdom,62,16232,28117.04,453.50,2010-12-01,2011-12-08,1,62,Active
13410,United Kingdom,5,518,1003.06,200.61,2011-02-21,2011-11-15,24,5,Active
13411,United Kingdom,1,72,213.55,213.55,2011-08-24,2011-08-24,107,1,At Risk
13414,United Kingdom,3,1574,1390.50,463.50,2011-02-16,2011-07-29,133,3,Churned
13416,United Kingdom,2,142,712.50,356.25,2011-09-19,2011-10-27,43,2,Active
13417,United Kingdom,2,162,640.83,320.42,2011-05-18,2011-12-05,4,2,Active
13418,United Kingdom,18,3918,6127.43,340.41,2010-12-02,2011-11-28,11,18,Active
13419,United Kingdom,1,275,221.06,221.06,2011-10-07,2011-10-07,63,1,At Risk
13420,United Kingdom,2,101,159.85,79.93,2011-06-22,2011-07-13,149,2,Churned
13421,United Kingdom,2,1128,1833.71,916.86,2011-02-22,2011-10-30,40,2,Active
13422,United Kingdom,1,1326,2626.30,2626.30,2011-10-06,2011-10-06,64,1,At Risk
13425,United Kingdom,3,1123,1624.21,541.40,2011-02-18,2011-08-23,108,3,At Risk
13426,United Kingdom,10,2245,3641.32,364.13,2010-12-15,2011-12-09,0,10,Active
13427,United Kingdom,3,545,582.60,194.20,2011-05-08,2011-11-20,19,3,Active
13428,United Kingdom,1,151,201.78,201.78,2011-11-29,2011-11-29,10,1,Active
13429,United Kingdom,4,1390,1006.80,251.70,2011-09-25,2011-11-29,10,4,Active
13430,United Kingdom,2,751,679.45,339.73,2011-09-14,2011-11-21,18,2,Active
13431,United Kingdom,2,672,1269.10,634.55,2011-09-12,2011-10-03,67,2,At Risk
13434,United Kingdom,2,300,534.24,267.12,2011-09-04,2011-09-26,74,2,At Risk
13435,United Kingdom,7,2129,3809.89,544.27,2011-06-03,2011-12-04,5,7,Active
13436,United Kingdom,1,76,196.89,196.89,2011-12-08,2011-12-08,1,1,Active
13437,United Kingdom,7,1283,3408.06,486.87,2011-06-02,2011-11-25,14,7,Active
13439,United Kingdom,1,242,283.71,283.71,2011-03-29,2011-03-29,255,1,Churned
13441,United Kingdom,1,204,296.64,296.64,2011-09-09,2011-09-09,91,1,At Risk
13447,United Kingdom,3,584,1129.14,376.38,2011-11-04,2011-11-16,23,3,Active
13448,United Kingdom,6,1648,3534.69,589.12,2010-12-01,2011-11-23,16,6,Active
13449,United Kingdom,1,222,291.88,291.88,2011-11-16,2011-11-16,23,1,Active
13450,United Kingdom,6,1982,2043.72,340.62,2011-05-05,2011-11-13,26,6,Active
13451,United Kingdom,5,2128,2898.26,579.65,2011-01-09,2011-11-13,26,5,Active
13452,United Kingdom,2,2,590.00,295.00,2011-03-14,2011-03-25,259,2,Churned
13453,United Kingdom,2,134,356.98,178.49,2011-02-23,2011-06-27,165,2,Churned
13455,United Kingdom,2,354,1058.34,529.17,2010-12-08,2011-11-15,24,2,Active
13456,United Kingdom,6,765,1766.72,294.45,2011-05-16,2011-11-22,17,6,Active
13458,United Kingdom,14,5508,9646.57,689.04,2010-12-15,2011-12-02,7,14,Active
13460,United Kingdom,2,286,183.44,91.72,2011-10-21,2011-11-10,29,2,Active
13461,United Kingdom,3,1170,1445.00,481.67,2011-06-29,2011-11-01,38,3,Active
13462,United Kingdom,1,62,151.50,151.50,2011-04-01,2011-04-01,252,1,Churned
13464,United Kingdom,1,403,674.68,674.68,2011-10-12,2011-10-12,58,1,Active
13466,United Kingdom,1,259,307.90,307.90,2011-06-08,2011-06-08,184,1,Churned
13467,United Kingdom,2,580,1071.91,535.96,2011-11-03,2011-11-29,10,2,Active
13468,United Kingdom,37,2589,5704.97,154.19,2010-12-01,2011-12-08,1,37,Active
13470,United Kingdom,2,100,165.00,82.50,2011-08-16,2011-09-01,99,2,At Risk
13471,United Kingdom,4,1583,2501.84,625.46,2011-10-23,2011-12-08,1,4,Active
13473,United Kingdom,2,266,422.64,211.32,2011-01-11,2011-10-10,60,2,Active
13474,United Kingdom,1,129,226.84,226.84,2011-04-17,2011-04-17,236,1,Churned
13475,United Kingdom,4,1012,1431.78,357.95,2011-02-14,2011-06-01,191,4,Churned
13476,United Kingdom,2,417,1238.47,619.24,2011-03-03,2011-06-14,178,2,Churned
13477,United Kingdom,6,1021,1454.58,242.43,2011-02-21,2011-11-02,37,6,Active
13479,United Kingdom,2,134,300.95,150.48,2011-04-19,2011-05-23,200,2,Churned
13481,United Kingdom,5,1142,1804.56,360.91,2011-03-28,2011-10-25,45,5,Active
13482,United Kingdom,1,116,184.64,184.64,2011-04-21,2011-04-21,232,1,Churned
13483,United Kingdom,1,160,140.34,140.34,2011-10-05,2011-10-05,65,1,At Risk
13484,United Kingdom,1,44,313.80,313.80,2011-04-12,2011-04-12,241,1,Churned
13485,United Kingdom,1,277,454.24,454.24,2011-04-20,2011-04-20,233,1,Churned
13486,United Kingdom,3,669,1122.41,374.14,2011-07-07,2011-09-22,78,3,At Risk
13487,United Kingdom,3,265,575.40,191.80,2010-12-21,2011-10-13,57,3,Active
13488,United Kingdom,13,4518,8968.31,689.87,2010-12-07,2011-11-22,17,13,Active
13489,United Kingdom,4,560,449.52,112.38,2011-02-18,2011-08-26,105,4,At Risk
13491,United Kingdom,10,903,1215.82,121.58,2010-12-02,2011-10-19,51,10,Active
13492,Switzerland,3,408,1269.84,423.28,2011-05-09,2011-07-26,136,3,Churned
13493,Switzerland,2,380,618.63,309.32,2011-02-25,2011-03-09,275,2,Churned
13494,United Kingdom,1,162,316.26,316.26,2011-02-01,2011-02-01,311,1,Churned
13495,United Kingdom,5,829,2044.87,408.97,2010-12-06,2011-12-02,7,5,Active
13496,United Kingdom,2,341,653.33,326.67,2010-12-15,2011-11-29,10,2,Active
13497,United Kingdom,2,163,348.05,174.03,2010-12-06,2011-03-02,282,2,Churned
13499,United Kingdom,5,1365,1159.11,231.82,2011-03-15,2011-11-22,17,5,Active
13500,United Kingdom,3,609,1166.77,388.92,2011-08-09,2011-11-16,23,3,Active
13501,Switzerland,1,560,1340.32,1340.32,2011-02-24,2011-02-24,288,1,Churned
13502,United Kingdom,3,264,292.00,97.33,2011-01-20,2011-11-23,16,3,Active
13503,United Kingdom,1,248,216.85,216.85,2011-09-29,2011-09-29,71,1,At Risk
13504,United Kingdom,1,178,295.93,295.93,2011-10-06,2011-10-06,64,1,At Risk
13505,Switzerland,4,2486,4393.63,1098.41,2011-04-21,2011-09-28,72,4,At Risk
13506,United Kingdom,2,324,458.52,229.26,2010-12-05,2011-01-27,316,2,Churned
13507,United Kingdom,4,1597,2479.16,619.79,2011-07-17,2011-12-06,3,4,Active
13508,United Kingdom,1,24,110.97,110.97,2011-04-10,2011-04-10,243,1,Churned
13509,United Kingdom,7,1106,979.72,139.96,2011-02-28,2011-12-01,8,7,Active
13510,United Kingdom,4,1386,1791.56,447.89,2011-06-09,2011-12-08,1,4,Active
13512,United Kingdom,1,143,251.21,251.21,2011-03-24,2011-03-24,260,1,Churned
13513,United Kingdom,1,109,205.10,205.10,2011-08-05,2011-08-05,126,1,Churned
13514,United Kingdom,1,40,152.20,152.20,2011-09-27,2011-09-27,73,1,At Risk
13515,United Kingdom,4,681,891.12,222.78,2011-04-06,2011-09-28,72,4,At Risk
13516,United Kingdom,3,985,1389.41,463.14,2011-04-15,2011-11-18,21,3,Active
13517,United Kingdom,3,1369,2128.42,709.47,2011-06-13,2011-10-11,59,3,Active
13518,United Kingdom,1,382,627.16,627.16,2011-09-15,2011-09-15,85,1,At Risk
13519,United Kingdom,1,23,122.75,122.75,2011-09-22,2011-09-22,78,1,At Risk
13520,Switzerland,6,1649,3624.35,604.06,2010-12-03,2011-10-12,58,6,Active
13521,United Kingdom,3,718,1071.73,357.24,2011-11-29,2011-12-08,1,3,Active
13522,United Kingdom,1,44,125.80,125.80,2011-11-09,2011-11-09,30,1,Active
13523,United Kingdom,5,1752,3964.88,792.98,2010-12-08,2011-11-06,33,5,Active
13524,United Kingdom,5,324,680.18,136.04,2011-05-04,2011-10-30,40,5,Active
13525,United Kingdom,2,394,628.78,314.39,2011-04-05,2011-11-25,14,2,Active
13527,United Kingdom,7,1683,2242.36,320.34,2011-01-17,2011-11-06,33,7,Active
13529,United Kingdom,2,74,307.76,153.88,2011-05-19,2011-09-22,78,2,At Risk
13531,United Kingdom,2,174,483.80,241.90,2010-12-08,2011-05-18,205,2,Churned
13532,United Kingdom,1,129,210.31,210.31,2011-11-06,2011-11-06,33,1,Active
13533,United Kingdom,3,202,269.09,89.70,2011-03-17,2011-06-10,182,3,Churned
13534,United Kingdom,25,2961,5870.08,234.80,2010-12-16,2011-12-07,2,25,Active
13536,United Kingdom,7,2126,3444.39,492.06,2011-09-25,2011-12-08,1,7,Active
13538,United Kingdom,7,175,1280.85,182.98,2011-01-28,2011-10-27,43,7,Active
13539,United Kingdom,3,320,631.34,210.45,2011-02-03,2011-09-15,85,3,At Risk
13544,United Kingdom,2,112,276.06,138.03,2011-04-13,2011-10-31,39,2,Active
13546,United Kingdom,3,357,621.09,207.03,2011-05-23,2011-11-27,12,3,Active
13548,United Kingdom,2,436,678.16,339.08,2011-04-10,2011-09-04,96,2,At Risk
13549,United Kingdom,7,458,918.20,131.17,2011-04-11,2011-11-14,25,7,Active
13551,United Kingdom,1,12,91.80,91.80,2011-01-24,2011-01-24,319,1,Churned
13552,United Kingdom,12,1417,3740.07,311.67,2011-01-28,2011-10-04,66,12,At Risk
13555,United Kingdom,4,2636,4098.88,1024.72,2011-05-22,2011-09-27,73,4,At Risk
13557,United Kingdom,2,546,584.06,292.03,2011-03-04,2011-11-11,28,2,Active
13558,United Kingdom,4,338,594.52,148.63,2011-10-02,2011-12-04,5,4,Active
13560,United Kingdom,1,63,171.42,171.42,2011-12-02,2011-12-02,7,1,Active
13561,United Kingdom,1,83,141.86,141.86,2011-05-08,2011-05-08,215,1,Churned
13562,United Kingdom,3,757,1799.33,599.78,2011-04-08,2011-09-19,81,3,At Risk
13563,United Kingdom,2,209,777.53,388.77,2011-07-22,2011-09-16,84,2,At Risk
13564,United Kingdom,3,636,1724.67,574.89,2010-12-06,2011-07-18,144,3,Churned
13565,United Kingdom,2,172,240.22,120.11,2011-01-09,2011-11-20,19,2,Active
13566,United Kingdom,2,567,856.84,428.42,2011-09-18,2011-10-30,40,2,Active
13568,United Kingdom,1,66,187.05,187.05,2011-06-19,2011-06-19,173,1,Churned
13569,United Kingdom,2,156,338.62,169.31,2010-12-07,2011-11-22,17,2,Active
13570,United Kingdom,1,161,239.49,239.49,2011-04-10,2011-04-10,243,1,Churned
13571,United Kingdom,12,1757,2088.94,174.08,2011-03-31,2011-11-27,12,12,Active
13572,United Kingdom,1,534,1384.25,1384.25,2011-05-18,2011-05-18,205,1,Churned
13573,United Kingdom,2,302,290.25,145.13,2011-03-31,2011-10-20,50,2,Active
13575,United Kingdom,5,449,732.07,146.41,2011-06-16,2011-11-16,23,5,Active
13576,United Kingdom,18,2646,6717.34,373.19,2010-12-01,2011-11-29,10,18,Active
13577,United Kingdom,4,791,1687.60,421.90,2011-04-12,2011-11-14,25,4,Active
13579,United Kingdom,2,176,467.04,233.52,2010-12-05,2011-11-25,14,2,Active
13581,United Kingdom,1,30,118.00,118.00,2011-02-03,2011-02-03,309,1,Churned
13583,United Kingdom,1,725,781.03,781.03,2011-07-07,2011-07-07,155,1,Churned
13584,United Kingdom,1,37,142.40,142.40,2011-02-06,2011-02-06,306,1,Churned
13587,United Kingdom,1,180,712.40,712.40,2011-10-07,2011-10-07,63,1,At Risk
13588,United Kingdom,9,2606,2478.95,275.44,2011-03-29,2011-11-24,15,9,Active
13589,United Kingdom,2,114,379.65,189.83,2011-06-13,2011-11-25,14,2,Active
13590,United Kingdom,6,1848,1981.92,330.32,2011-02-09,2011-11-28,11,6,Active
13591,United Kingdom,3,485,1117.13,372.38,2011-03-18,2011-10-06,64,3,At Risk
13592,United Kingdom,4,84,247.96,61.99,2011-03-20,2011-11-04,35,4,Active
13593,United Kingdom,5,719,2011.88,402.38,2011-01-07,2011-08-23,108,5,At Risk
13594,United Kingdom,1,359,396.97,396.97,2011-10-18,2011-10-18,52,1,Active
13596,United Kingdom,2,384,664.11,332.06,2011-11-27,2011-12-04,5,2,Active
13598,United Kingdom,1,52,160.04,160.04,2011-10-23,2011-10-23,47,1,Active
13599,United Kingdom,21,3293,5149.92,245.23,2010-12-08,2011-12-08,1,21,Active
13600,United Kingdom,1,324,219.52,219.52,2011-01-31,2011-01-31,312,1,Churned
13601,United Kingdom,2,548,693.32,346.66,2011-05-12,2011-10-25,45,2,Active
13602,United Kingdom,1,267,428.89,428.89,2011-10-06,2011-10-06,64,1,At Risk
13603,United Kingdom,1,164,164.34,164.34,2011-11-13,2011-11-13,26,1,Active
13606,United Kingdom,3,276,276.75,92.25,2011-02-01,2011-11-10,29,3,Active
13607,United Kingdom,1,288,675.51,675.51,2011-10-30,2011-10-30,40,1,Active
13610,United Kingdom,7,488,1082.33,154.62,2011-02-27,2011-11-27,12,7,Active
13611,United Kingdom,3,754,1154.40,384.80,2010-12-15,2011-09-11,89,3,At Risk
13614,United Kingdom,4,564,1585.46,396.37,2011-01-13,2011-11-15,24,4,Active
13615,United Kingdom,1,189,417.69,417.69,2011-01-25,2011-01-25,318,1,Churned
13617,United Kingdom,3,300,544.18,181.39,2011-06-12,2011-10-30,40,3,Active
13618,United Kingdom,1,246,177.34,177.34,2011-06-19,2011-06-19,173,1,Churned
13621,United Kingdom,1,343,213.85,213.85,2011-08-15,2011-08-15,116,1,At Risk
13623,United Kingdom,5,286,727.74,145.55,2011-02-15,2011-11-09,30,5,Active
13626,United Kingdom,1,209,257.23,257.23,2011-04-01,2011-04-01,252,1,Churned
13627,United Kingdom,5,1269,1638.47,327.69,2010-12-17,2011-10-11,59,5,Active
13629,United Kingdom,11,4372,7792.36,708.40,2011-01-05,2011-11-16,23,11,Active
13630,United Kingdom,7,1391,2031.78,290.25,2011-02-27,2011-12-04,5,7,Active
13631,United Kingdom,11,467,3070.42,279.13,2011-03-17,2011-09-01,99,11,At Risk
13632,United Kingdom,5,1031,2118.93,423.79,2011-04-10,2011-11-15,24,5,Active
13634,United Kingdom,5,700,1547.36,309.47,2011-01-16,2011-11-06,33,5,Active
13635,United Kingdom,1,677,1071.03,1071.03,2011-10-03,2011-10-03,67,1,At Risk
13636,United Kingdom,5,592,949.12,189.82,2011-02-27,2011-11-03,36,5,Active
13637,United Kingdom,3,405,804.30,268.10,2011-04-27,2011-10-18,52,3,Active
13638,United Kingdom,1,93,122.64,122.64,2011-11-24,2011-11-24,15,1,Active
13639,United Kingdom,1,800,1033.34,1033.34,2011-09-26,2011-09-26,74,1,At Risk
13642,United Kingdom,1,151,312.28,312.28,2011-05-08,2011-05-08,215,1,Churned
13643,United Kingdom,3,273,519.44,173.15,2011-06-07,2011-11-08,31,3,Active
13644,United Kingdom,4,2067,2624.26,656.07,2011-08-26,2011-11-23,16,4,Active
13645,United Kingdom,1,158,252.10,252.10,2011-08-11,2011-08-11,120,1,At Risk
13647,United Kingdom,4,887,1648.12,412.03,2011-04-19,2011-11-30,9,4,Active
13649,United Kingdom,2,139,346.60,173.30,2010-12-08,2011-03-28,256,2,Churned
13650,United Kingdom,6,922,1836.34,306.06,2011-03-17,2011-11-23,16,6,Active
13651,United Kingdom,2,33,94.20,47.10,2011-10-31,2011-11-04,35,2,Active
13652,United Kingdom,3,578,1095.08,365.03,2010-12-06,2011-10-25,45,3,Active
13654,United Kingdom,6,2182,2707.33,451.22,2011-03-11,2011-10-27,43,6,Active
13655,United Kingdom,2,605,932.97,466.49,2011-04-12,2011-08-17,114,2,At Risk
13656,United Kingdom,2,490,379.65,189.83,2011-01-06,2011-06-28,164,2,Churned
13657,United Kingdom,2,209,382.14,191.07,2011-05-22,2011-11-29,10,2,Active
13658,United Kingdom,5,1019,2639.17,527.83,2011-05-19,2011-11-30,9,5,Active
13659,United Kingdom,2,882,1563.00,781.50,2011-01-23,2011-05-18,205,2,Churned
13662,United Kingdom,3,533,881.26,293.75,2011-03-25,2011-09-15,85,3,At Risk
13663,United Kingdom,1,91,189.47,189.47,2011-06-13,2011-06-13,179,1,Churned
13666,United Kingdom,3,41,84.65,28.22,2011-02-25,2011-10-10,60,3,Active
13667,United Kingdom,1,149,299.05,299.05,2011-07-13,2011-07-13,149,1,Churned
13668,United Kingdom,21,3722,6309.83,300.47,2010-12-12,2011-12-07,2,21,Active
13669,United Kingdom,2,237,218.55,109.28,2011-07-13,2011-10-20,50,2,Active
13670,United Kingdom,1,282,349.70,349.70,2011-09-25,2011-09-25,75,1,At Risk
13672,United Kingdom,2,57,186.39,93.20,2011-01-11,2011-02-11,301,2,Churned
13673,United Kingdom,2,114,387.44,193.72,2011-11-07,2011-11-21,18,2,Active
13675,United Kingdom,2,330,486.82,243.41,2011-02-28,2011-07-11,151,2,Churned
13678,United Kingdom,1,924,232.60,232.60,2011-07-11,2011-07-11,151,1,Churned
13680,United Kingdom,4,1934,3719.12,929.78,2011-01-04,2011-12-08,1,4,Active
13681,United Kingdom,4,360,827.83,206.96,2011-07-07,2011-11-22,17,4,Active
13682,United Kingdom,1,10,59.50,59.50,2011-06-05,2011-06-05,187,1,Churned
13684,United Kingdom,1,38,65.13,65.13,2011-02-27,2011-02-27,285,1,Churned
13685,United Kingdom,7,5056,3119.44,445.63,2011-10-10,2011-12-07,2,7,Active
13686,United Kingdom,1,70,72.00,72.00,2011-06-10,2011-06-10,182,1,Churned
13689,United Kingdom,1,512,910.00,910.00,2011-10-07,2011-10-07,63,1,At Risk
13690,United Kingdom,1,67,172.25,172.25,2011-10-11,2011-10-11,59,1,Active
13692,United Kingdom,3,1226,1488.32,496.11,2011-04-17,2011-11-15,24,3,Active
13694,United Kingdom,50,63312,65039.62,1300.79,2010-12-01,2011-12-06,3,50,Active
13695,United Kingdom,15,1603,2504.13,166.94,2011-03-25,2011-11-08,31,15,Active
13697,United Kingdom,1,177,151.30,151.30,2011-11-01,2011-11-01,38,1,Active
13699,United Kingdom,1,66,308.58,308.58,2011-07-07,2011-07-07,155,1,Churned
13700,United Kingdom,10,2281,2248.63,224.86,2011-01-16,2011-11-13,26,10,Active
13703,United Kingdom,1,10,99.50,99.50,2011-01-25,2011-01-25,318,1,Churned
13704,United Kingdom,9,1531,2308.06,256.45,2011-09-12,2011-12-04,5,9,Active
13705,United Kingdom,3,363,711.86,237.29,2010-12-01,2011-12-02,7,3,Active
13706,United Kingdom,1,189,330.79,330.79,2011-02-10,2011-02-10,302,1,Churned
13707,United Kingdom,2,351,806.41,403.21,2011-01-28,2011-03-17,267,2,Churned
13708,United Kingdom,1,301,285.33,285.33,2011-03-13,2011-03-13,271,1,Churned
13709,United Kingdom,13,3508,6307.65,485.20,2011-01-28,2011-12-06,3,13,Active
13710,United Kingdom,1,176,180.48,180.48,2011-11-08,2011-11-08,31,1,Active
13711,United Kingdom,2,140,252.06,126.03,2011-05-05,2011-05-05,218,2,Churned
13712,United Kingdom,1,352,228.84,228.84,2011-04-07,2011-04-07,246,1,Churned
13715,United Kingdom,5,562,1077.39,215.48,2010-12-02,2011-03-03,281,5,Churned
13716,United Kingdom,1,138,138.28,138.28,2011-03-15,2011-03-15,269,1,Churned
13717,United Kingdom,6,1959,1445.01,240.84,2011-02-14,2011-11-07,32,6,Active
13718,United Kingdom,2,173,306.55,153.28,2011-02-17,2011-04-07,246,2,Churned
13719,United Kingdom,5,609,1041.68,208.34,2011-04-19,2011-11-24,15,5,Active
13720,United Kingdom,4,501,799.90,199.98,2011-03-30,2011-08-15,116,4,At Risk
13721,United Kingdom,1,316,524.14,524.14,2011-11-03,2011-11-03,36,1,Active
13722,United Kingdom,3,1401,2375.41,791.80,2011-03-02,2011-07-31,131,3,Churned
13723,United Kingdom,1,43,199.85,199.85,2011-05-06,2011-05-06,217,1,Churned
13725,United Kingdom,8,806,1980.56,247.57,2011-02-04,2011-10-21,49,8,Active
13726,United Kingdom,2,1054,1079.66,539.83,2011-08-31,2011-11-01,38,2,Active
13727,United Kingdom,2,162,333.48,166.74,2011-11-06,2011-11-11,28,2,Active
13728,United Kingdom,6,458,1016.14,169.36,2011-02-02,2011-11-03,36,6,Active
13730,United Kingdom,2,488,752.60,376.30,2011-07-01,2011-07-27,135,2,Churned
13731,United Kingdom,2,278,610.59,305.30,2011-04-07,2011-05-04,219,2,Churned
13732,United Kingdom,1,498,491.86,491.86,2011-11-11,2011-11-11,28,1,Active
13735,United Kingdom,4,1128,2883.54,720.89,2011-04-19,2011-11-15,24,4,Active
13736,United Kingdom,2,496,729.80,364.90,2011-03-24,2011-12-04,5,2,Active
13737,United Kingdom,1,125,339.60,339.60,2011-05-23,2011-05-23,200,1,Churned
13739,United Kingdom,1,54,216.90,216.90,2011-11-21,2011-11-21,18,1,Active
13740,United Kingdom,1,425,350.75,350.75,2011-04-13,2011-04-13,240,1,Churned
13741,United Kingdom,3,218,668.43,222.81,2011-05-06,2011-09-29,71,3,At Risk
13742,United Kingdom,12,1115,3107.87,258.99,2011-01-23,2011-11-23,16,12,Active
13743,United Kingdom,7,1776,1341.60,191.66,2011-03-25,2011-12-07,2,7,Active
13744,United Kingdom,2,1153,1080.52,540.26,2011-02-20,2011-09-05,95,2,At Risk
13745,United Kingdom,1,496,300.04,300.04,2011-06-30,2011-06-30,162,1,Churned
13747,United Kingdom,1,8,79.60,79.60,2010-12-01,2010-12-01,373,1,Churned
13748,United Kingdom,5,439,948.25,189.65,2010-12-01,2011-09-05,95,5,At Risk
13750,United Kingdom,5,516,1647.26,329.45,2011-01-07,2011-10-17,53,5,Active
13751,United Kingdom,1,152,296.25,296.25,2011-02-24,2011-02-24,288,1,Churned
13752,United Kingdom,6,874,1175.38,195.90,2011-04-07,2011-08-07,124,6,Churned
13753,United Kingdom,1,512,741.26,741.26,2011-02-25,2011-02-25,287,1,Churned
13754,United Kingdom,2,214,282.60,141.30,2011-01-26,2011-07-11,151,2,Churned
13755,United Kingdom,9,1242,2108.06,234.23,2011-10-07,2011-12-06,3,9,Active
13756,United Kingdom,14,3188,5189.52,370.68,2010-12-07,2011-12-07,2,14,Active
13758,United Kingdom,7,1844,3190.55,455.79,2010-12-01,2011-11-28,11,7,Active
13759,United Kingdom,2,287,659.41,329.71,2011-09-29,2011-11-06,33,2,Active
13760,United Kingdom,2,197,286.79,143.40,2011-03-28,2011-10-16,54,2,Active
13761,United Kingdom,2,642,1070.65,535.33,2011-06-13,2011-10-20,50,2,Active
13762,United Kingdom,1,272,306.72,306.72,2011-05-05,2011-05-05,218,1,Churned
13763,United Kingdom,1,728,1714.96,1714.96,2011-10-07,2011-10-07,63,1,At Risk
13764,United Kingdom,3,926,1519.42,506.47,2011-01-06,2011-09-30,70,3,At Risk
13767,United Kingdom,37,7322,17220.36,465.42,2010-12-01,2011-12-07,2,37,Active
13769,United Kingdom,10,1163,2796.51,279.65,2010-12-07,2011-12-07,2,10,Active
13771,United Kingdom,4,1477,2634.45,658.61,2011-04-06,2011-10-06,64,4,At Risk
13772,United Kingdom,3,540,1122.63,374.21,2011-04-14,2011-11-06,33,3,Active
13774,United Kingdom,1,192,345.00,345.00,2011-09-19,2011-09-19,81,1,At Risk
13777,United Kingdom,33,12897,25977.16,787.19,2010-12-01,2011-12-09,0,33,Active
13778,United Kingdom,1,70,178.70,178.70,2011-08-28,2011-08-28,103,1,At Risk
13780,United Kingdom,2,318,360.01,180.01,2011-06-22,2011-12-02,7,2,Active
13781,United Kingdom,1,30,127.84,127.84,2011-04-03,2011-04-03,250,1,Churned
13782,United Kingdom,6,369,908.86,151.48,2011-01-16,2011-11-27,12,6,Active
13784,United Kingdom,11,2493,2462.79,223.89,2011-01-11,2011-11-30,9,11,Active
13786,United Kingdom,1,136,230.40,230.40,2010-12-07,2010-12-07,367,1,Churned
13787,United Kingdom,2,337,309.04,154.52,2010-12-10,2011-09-25,75,2,At Risk
13790,United Kingdom,1,748,348.80,348.80,2011-12-05,2011-12-05,4,1,Active
13791,United Kingdom,2,1200,1516.00,758.00,2011-06-24,2011-08-04,127,2,Churned
13792,United Kingdom,2,92,195.55,97.78,2011-02-25,2011-10-04,66,2,At Risk
13798,United Kingdom,57,23948,37153.85,651.82,2010-12-02,2011-12-08,1,57,Active
13799,United Kingdom,2,402,688.86,344.43,2011-02-18,2011-08-15,116,2,At Risk
13800,United Kingdom,1,331,558.32,558.32,2011-02-03,2011-02-03,309,1,Churned
13801,United Kingdom,1,168,324.80,324.80,2011-10-04,2011-10-04,66,1,At Risk
13802,United Kingdom,3,2572,4599.42,1533.14,2011-02-01,2011-07-24,138,3,Churned
13803,United Kingdom,1,121,277.07,277.07,2011-03-29,2011-03-29,255,1,Churned
13804,United Kingdom,7,1462,2588.39,369.77,2011-02-23,2011-11-09,30,7,Active
13805,United Kingdom,2,1900,924.60,462.30,2011-08-02,2011-10-18,52,2,Active
13806,United Kingdom,1,56,256.38,256.38,2011-10-07,2011-10-07,63,1,At Risk
13807,United Kingdom,1,36,112.60,112.60,2010-12-07,2010-12-07,367,1,Churned
13808,United Kingdom,5,782,1747.66,349.53,2011-09-04,2011-12-04,5,5,Active
13809,Cyprus,1,29,155.05,155.05,2011-02-07,2011-02-07,305,1,Churned
13810,Germany,3,312,1499.01,499.67,2011-10-14,2011-11-11,28,3,Active
13811,Germany,3,68,814.50,271.50,2011-04-14,2011-06-09,183,3,Churned
13812,Germany,3,333,539.00,179.67,2011-08-26,2011-10-28,42,3,Active
13813,Germany,4,552,1366.86,341.72,2011-07-28,2011-10-31,39,4,Active
13814,Germany,2,864,1579.12,789.56,2011-07-25,2011-09-08,92,2,At Risk
13815,Germany,4,2560,4027.36,1006.84,2011-01-25,2011-11-17,22,4,Active
13816,Germany,2,269,571.67,285.84,2011-10-06,2011-11-16,23,2,Active
13817,Germany,2,211,382.98,191.49,2010-12-23,2011-11-10,29,2,Active
13819,United Kingdom,3,1109,1140.35,380.12,2011-01-24,2011-02-11,301,3,Churned
13821,United Kingdom,2,153,385.64,192.82,2011-03-23,2011-07-18,144,2,Churned
13822,United Kingdom,2,611,632.00,316.00,2011-10-30,2011-12-04,5,2,Active
13823,United Kingdom,2,439,957.66,478.83,2011-09-09,2011-11-21,18,2,Active
13824,United Kingdom,5,768,1698.94,339.79,2011-02-02,2011-11-07,32,5,Active
13826,United Kingdom,1,82,189.50,189.50,2011-06-16,2011-06-16,176,1,Churned
13827,United Kingdom,3,138,409.80,136.60,2011-07-19,2011-10-13,57,3,Active
13828,United Kingdom,1,311,209.49,209.49,2011-11-17,2011-11-17,22,1,Active
13831,United Kingdom,6,743,2198.45,366.41,2010-12-05,2011-11-23,16,6,Active
13832,United Kingdom,1,28,52.20,52.20,2011-11-20,2011-11-20,19,1,Active
13833,United Kingdom,1,117,383.85,383.85,2011-07-03,2011-07-03,159,1,Churned
13835,United Kingdom,4,442,834.57,208.64,2011-05-08,2011-11-14,25,4,Active
13837,United Kingdom,2,182,266.59,133.30,2011-01-26,2011-05-12,211,2,Churned
13838,United Kingdom,4,254,674.82,168.71,2010-12-05,2011-12-04,5,4,Active
13841,United Kingdom,1,100,85.00,85.00,2011-04-01,2011-04-01,252,1,Churned
13842,United Kingdom,9,1768,3385.62,376.18,2010-12-08,2011-10-12,58,9,Active
13844,United Kingdom,1,196,361.62,361.62,2011-11-28,2011-11-28,11,1,Active
13845,United Kingdom,1,182,312.98,312.98,2011-10-06,2011-10-06,64,1,At Risk
13846,United Kingdom,3,388,865.06,288.35,2010-12-14,2011-11-15,24,3,Active
13848,United Kingdom,3,3700,1255.00,418.33,2010-12-08,2011-09-08,92,3,At Risk
13849,United Kingdom,2,1016,1537.95,768.98,2011-06-22,2011-10-19,51,2,Active
13850,United Kingdom,1,944,1595.48,1595.48,2011-08-02,2011-08-02,129,1,Churned
13851,United Kingdom,3,1705,2651.46,883.82,2011-02-24,2011-09-05,95,3,At Risk
13853,United Kingdom,1,312,1090.14,1090.14,2011-10-13,2011-10-13,57,1,Active
13854,United Kingdom,25,2296,8109.52,324.38,2010-12-09,2011-12-01,8,25,Active
13856,United Kingdom,3,494,388.50,129.50,2011-05-20,2011-06-24,168,3,Churned
13858,United Kingdom,1,75,216.17,216.17,2011-10-13,2011-10-13,57,1,Active
13859,United Kingdom,1,129,201.16,201.16,2011-01-17,2011-01-17,326,1,Churned
13860,United Kingdom,5,591,1245.90,249.18,2011-09-14,2011-12-08,1,5,Active
13862,United Kingdom,8,1688,2209.36,276.17,2011-01-11,2011-11-21,18,8,Active
13863,United Kingdom,1,224,305.78,305.78,2011-04-06,2011-04-06,247,1,Churned
13865,United Kingdom,4,204,501.56,125.39,2011-02-23,2011-10-12,58,4,Active
13866,United Kingdom,1,57,145.67,145.67,2011-09-26,2011-09-26,74,1,At Risk
13867,United Kingdom,3,501,1005.09,335.03,2011-05-05,2011-11-08,31,3,Active
13868,United Kingdom,2,1964,3192.54,1596.27,2011-11-01,2011-12-02,7,2,Active
13869,United Kingdom,4,1709,3083.65,770.91,2010-12-17,2011-08-08,123,4,Churned
13870,United Kingdom,8,1325,2770.94,346.37,2011-02-25,2011-12-07,2,8,Active
13871,United Kingdom,13,2806,6403.25,492.56,2011-02-04,2011-11-17,22,13,Active
13873,United Kingdom,3,140,389.60,129.87,2011-02-03,2011-08-12,119,3,At Risk
13874,United Kingdom,1,180,540.45,540.45,2010-12-16,2010-12-16,358,1,Churned
13875,United Kingdom,5,1316,1786.79,357.36,2011-02-11,2011-10-17,53,5,Active
13876,United Kingdom,1,36,122.70,122.70,2011-10-07,2011-10-07,63,1,At Risk
13877,United Kingdom,1,108,117.24,117.24,2011-09-14,2011-09-14,86,1,At Risk
13878,United Kingdom,1,463,1271.57,1271.57,2011-10-16,2011-10-16,54,1,Active
13880,United Kingdom,13,1842,3219.77,247.67,2010-12-07,2011-11-18,21,13,Active
13881,United Kingdom,20,10118,17159.52,857.98,2011-02-01,2011-12-06,3,20,Active
13882,United Kingdom,5,953,1191.13,238.23,2011-10-06,2011-12-07,2,5,Active
13883,United Kingdom,5,1436,2674.48,534.90,2011-03-31,2011-11-29,10,5,Active
13884,United Kingdom,5,300,787.60,157.52,2011-03-01,2011-12-02,7,5,Active
13885,United Kingdom,2,182,506.80,253.40,2011-05-23,2011-06-03,189,2,Churned
13886,United Kingdom,1,126,243.56,243.56,2011-09-29,2011-09-29,71,1,At Risk
13887,United Kingdom,1,147,349.55,349.55,2011-05-19,2011-05-19,204,1,Churned
13888,United Kingdom,2,254,595.67,297.84,2011-05-05,2011-08-12,119,2,At Risk
13889,United Kingdom,1,146,416.90,416.90,2011-09-08,2011-09-08,92,1,At Risk
13890,United Kingdom,10,831,1883.81,188.38,2010-12-16,2011-12-08,1,10,Active
13892,United Kingdom,4,983,632.97,158.24,2011-04-07,2011-11-13,26,4,Active
13893,United Kingdom,1,190,821.10,821.10,2011-02-15,2011-02-15,297,1,Churned
13894,United Kingdom,3,354,564.62,188.21,2011-02-02,2011-11-16,23,3,Active
13895,United Kingdom,4,1365,2593.07,648.27,2011-06-28,2011-11-11,28,4,Active
13897,United Kingdom,1,200,311.16,311.16,2011-10-20,2011-10-20,50,1,Active
13898,United Kingdom,1,133,155.93,155.93,2011-01-18,2011-01-18,325,1,Churned
13899,United Kingdom,2,156,388.52,194.26,2011-03-10,2011-11-23,16,2,Active
13900,United Kingdom,3,430,740.95,246.98,2011-03-22,2011-06-09,183,3,Churned
13901,United Kingdom,5,1739,2867.20,573.44,2011-01-25,2011-09-28,72,5,At Risk
13904,United Kingdom,2,332,332.64,166.32,2011-02-18,2011-11-02,37,2,Active
13908,United Kingdom,4,1478,2369.55,592.39,2011-03-08,2011-09-21,79,4,At Risk
13911,United Kingdom,9,2731,2580.91,286.77,2011-02-04,2011-10-13,57,9,Active
13914,United Kingdom,2,380,626.45,313.23,2011-11-03,2011-11-28,11,2,Active
13917,United Kingdom,2,228,272.04,136.02,2011-06-01,2011-10-21,49,2,Active
13918,United Kingdom,2,1140,1212.84,606.42,2011-03-31,2011-10-21,49,2,Active
13919,Denmark,2,474,384.81,192.41,2011-08-10,2011-10-11,59,2,Active
13922,United Kingdom,1,93,172.25,172.25,2010-12-23,2010-12-23,351,1,Churned
13923,United Kingdom,1,185,351.13,351.13,2011-10-17,2011-10-17,53,1,Active
13924,United Kingdom,6,1575,1838.85,306.48,2011-09-28,2011-12-08,1,6,Active
13925,United Kingdom,4,331,678.25,169.56,2011-07-28,2011-09-08,92,4,At Risk
13926,United Kingdom,1,104,223.85,223.85,2011-11-16,2011-11-16,23,1,Active
13927,United Kingdom,1,214,348.99,348.99,2011-09-26,2011-09-26,74,1,At Risk
13928,United Kingdom,4,129,464.57,116.14,2011-07-29,2011-11-29,10,4,Active
13929,United Kingdom,2,143,842.65,421.33,2011-01-17,2011-06-23,169,2,Churned
13930,United Kingdom,2,274,337.34,168.67,2011-07-26,2011-10-13,57,2,Active
13931,United Kingdom,2,725,1237.53,618.77,2011-03-04,2011-09-05,95,2,At Risk
13932,United Kingdom,1,72,307.40,307.40,2011-02-18,2011-02-18,294,1,Churned
13933,United Kingdom,2,205,608.79,304.40,2011-07-14,2011-08-22,109,2,At Risk
13934,United Kingdom,1,390,922.10,922.10,2011-03-21,2011-03-21,263,1,Churned
13936,United Kingdom,1,330,376.58,376.58,2011-06-13,2011-06-13,179,1,Churned
13937,United Kingdom,1,123,158.85,158.85,2011-06-23,2011-06-23,169,1,Churned
13938,United Kingdom,1,70,71.66,71.66,2011-11-04,2011-11-04,35,1,Active
13939,United Kingdom,3,847,568.55,189.52,2011-02-01,2011-11-16,23,3,Active
13940,United Kingdom,4,516,839.14,209.79,2011-07-18,2011-11-22,17,4,Active
13941,United Kingdom,5,2364,5112.96,1022.59,2010-12-02,2011-11-18,21,5,Active
13946,United Kingdom,3,443,561.57,187.19,2011-03-17,2011-09-21,79,3,At Risk
13947,United Kingdom,1,44,90.60,90.60,2011-10-05,2011-10-05,65,1,At Risk
13948,United Kingdom,1,40,102.00,102.00,2010-12-14,2010-12-14,360,1,Churned
13949,United Kingdom,6,2474,2427.32,404.55,2011-09-06,2011-12-07,2,6,Active
13950,United Kingdom,4,323,745.06,186.27,2011-04-07,2011-11-28,11,4,Active
13951,United Kingdom,3,459,674.45,224.82,2011-02-18,2011-06-16,176,3,Churned
13952,United Kingdom,2,1431,3251.07,1625.54,2011-04-15,2011-05-06,217,2,Churned
13953,United Kingdom,7,2724,3515.68,502.24,2010-12-22,2011-12-02,7,7,Active
13954,United Kingdom,2,150,439.92,219.96,2011-09-30,2011-12-08,1,2,Active
13955,United Kingdom,2,154,322.96,161.48,2011-02-07,2011-07-08,154,2,Churned
13956,United Kingdom,5,486,1019.27,203.85,2011-03-13,2011-12-04,5,5,Active
13959,United Kingdom,3,355,594.04,198.01,2010-12-12,2011-09-21,79,3,At Risk
13960,United Kingdom,2,142,230.22,115.11,2011-09-29,2011-11-18,21,2,Active
13962,United Kingdom,2,87,169.55,84.78,2011-04-08,2011-11-18,21,2,Active
13963,United Kingdom,4,460,664.54,166.14,2010-12-07,2011-02-04,308,4,Churned
13967,United Kingdom,1,42,80.70,80.70,2011-07-17,2011-07-17,145,1,Churned
13969,United Kingdom,18,4528,9024.17,501.34,2010-12-09,2011-12-02,7,18,Active
13971,United Kingdom,8,1844,2758.26,344.78,2011-02-27,2011-11-21,18,8,Active
13972,United Kingdom,2,187,190.25,95.13,2011-05-22,2011-09-30,70,2,At Risk
13973,United Kingdom,1,109,264.70,264.70,2011-02-25,2011-02-25,287,1,Churned
13974,United Kingdom,1,249,413.59,413.59,2011-10-21,2011-10-21,49,1,Active
13975,United Kingdom,6,1697,2461.24,410.21,2011-03-08,2011-11-08,31,6,Active
13976,United Kingdom,1,154,357.98,357.98,2011-05-17,2011-05-17,206,1,Churned
13978,United Kingdom,2,315,196.79,98.40,2011-10-25,2011-11-25,14,2,Active
13979,United Kingdom,1,639,869.87,869.87,2011-09-27,2011-09-27,73,1,At Risk
13980,United Kingdom,1,172,200.14,200.14,2011-10-10,2011-10-10,60,1,Active
13982,United Kingdom,4,1136,1871.81,467.95,2010-12-09,2011-10-31,39,4,Active
13983,United Kingdom,12,1183,2603.43,216.95,2010-12-08,2011-11-10,29,12,Active
13984,United Kingdom,5,679,920.51,184.10,2010-12-08,2011-11-13,26,5,Active
13985,United Kingdom,15,3445,7060.13,470.68,2011-03-20,2011-12-05,4,15,Active
13986,United Kingdom,1,430,320.46,320.46,2011-11-22,2011-11-22,17,1,Active
13988,United Kingdom,6,3044,4147.96,691.33,2011-03-30,2011-11-20,19,6,Active
13989,United Kingdom,2,1313,1266.08,633.04,2011-04-14,2011-10-05,65,2,At Risk
13990,United Kingdom,1,190,311.30,311.30,2011-05-10,2011-05-10,213,1,Churned
13991,United Kingdom,6,995,852.88,142.15,2011-07-19,2011-11-27,12,6,Active
13992,United Kingdom,1,64,76.80,76.80,2011-11-09,2011-11-09,30,1,Active
13993,United Kingdom,9,900,3466.36,385.15,2011-01-13,2011-10-28,42,9,Active
13994,United Kingdom,6,932,2274.14,379.02,2011-07-14,2011-12-06,3,6,Active
13995,United Kingdom,5,879,1393.69,278.74,2011-04-08,2011-11-24,15,5,Active
13999,United Kingdom,12,2243,3901.81,325.15,2010-12-13,2011-11-29,10,12,Active
14000,United Kingdom,1,710,635.66,635.66,2011-05-12,2011-05-12,211,1,Churned
14001,United Kingdom,3,962,2043.08,681.03,2010-12-01,2011-10-25,45,3,Active
14002,United Kingdom,2,877,529.73,264.87,2011-07-06,2011-07-28,134,2,Churned
14004,United Kingdom,7,2668,4582.64,654.66,2011-02-24,2011-10-27,43,7,Active
14005,United Kingdom,5,2478,2874.72,574.94,2011-05-08,2011-11-30,9,5,Active
14006,United Kingdom,3,641,962.19,320.73,2011-01-31,2011-08-16,115,3,At Risk
14009,United Kingdom,2,365,695.61,347.81,2011-05-18,2011-05-25,198,2,Churned
14012,United Kingdom,1,160,328.80,328.80,2011-03-07,2011-03-07,277,1,Churned
14013,United Kingdom,3,462,473.02,157.67,2011-03-09,2011-08-21,110,3,At Risk
14014,United Kingdom,1,1076,505.18,505.18,2011-09-23,2011-09-23,77,1,At Risk
14015,United Kingdom,1,378,917.34,917.34,2011-10-18,2011-10-18,52,1,Active
14016,EIRE,4,2125,4341.21,1085.30,2010-12-17,2011-07-01,161,4,Churned
14019,United Kingdom,3,1037,1421.61,473.87,2011-07-24,2011-10-24,46,3,Active
14020,United Kingdom,2,441,642.80,321.40,2011-09-12,2011-11-23,16,2,Active
14021,United Kingdom,3,192,631.90,210.63,2011-03-28,2011-07-07,155,3,Churned
14022,United Kingdom,1,487,440.00,440.00,2011-04-28,2011-04-28,225,1,Churned
14023,United Kingdom,2,345,584.07,292.04,2011-04-03,2011-12-02,7,2,Active
14024,United Kingdom,2,150,327.70,163.85,2011-08-07,2011-08-10,121,2,Churned
14027,United Kingdom,1,62,104.82,104.82,2011-10-10,2011-10-10,60,1,Active
14029,United Kingdom,2,198,467.66,233.83,2011-07-18,2011-10-07,63,2,At Risk
14030,United Kingdom,8,1478,2358.84,294.86,2010-12-08,2011-11-21,18,8,Active
14031,United Kingdom,19,5788,17286.86,909.83,2010-12-02,2011-12-02,7,19,Active
14032,United Kingdom,11,2032,2975.59,270.51,2010-12-08,2011-12-07,2,11,Active
14034,United Kingdom,3,420,648.89,216.30,2011-07-05,2011-11-17,22,3,Active
14035,United Kingdom,5,739,1428.02,285.60,2011-02-15,2011-11-11,28,5,Active
14036,United Kingdom,1,268,626.65,626.65,2011-02-28,2011-02-28,284,1,Churned
14037,United Kingdom,2,46,147.20,73.60,2010-12-10,2011-06-16,176,2,Churned
14038,United Kingdom,3,965,1560.38,520.13,2011-05-16,2011-09-22,78,3,At Risk
14039,United Kingdom,1,92,152.20,152.20,2011-11-06,2011-11-06,33,1,Active
14040,United Kingdom,12,1544,3560.32,296.69,2011-01-12,2011-10-30,40,12,Active
14041,United Kingdom,1,94,141.41,141.41,2011-03-18,2011-03-18,266,1,Churned
14044,United Kingdom,4,304,646.42,161.61,2011-02-03,2011-11-13,26,4,Active
14045,United Kingdom,4,535,1659.75,414.94,2010-12-01,2011-08-22,109,4,At Risk
14046,United Kingdom,1,460,154.99,154.99,2011-02-28,2011-02-28,284,1,Churned
14047,United Kingdom,5,381,1308.61,261.72,2010-12-02,2011-12-01,8,5,Active
14048,United Kingdom,1,288,409.93,409.93,2011-02-07,2011-02-07,305,1,Churned
14049,United Kingdom,4,3808,5578.72,1394.68,2011-01-26,2011-11-23,16,4,Active
14050,United Kingdom,2,689,746.36,373.18,2011-08-25,2011-11-08,31,2,Active
14051,United Kingdom,23,3756,15610.39,678.71,2010-12-08,2011-12-09,0,23,Active
14052,United Kingdom,1,89,225.36,225.36,2011-11-20,2011-11-20,19,1,Active
14053,United Kingdom,2,215,260.25,130.13,2011-07-03,2011-08-07,124,2,Churned
14054,United Kingdom,1,62,92.46,92.46,2011-10-05,2011-10-05,65,1,At Risk
14055,United Kingdom,1,216,725.64,725.64,2011-08-25,2011-08-25,106,1,At Risk
14056,United Kingdom,23,4252,8152.71,354.47,2011-02-28,2011-12-08,1,23,Active
14057,United Kingdom,17,4873,6211.66,365.39,2010-12-14,2011-11-16,23,17,Active
14059,United Kingdom,1,128,183.60,183.60,2011-03-18,2011-03-18,266,1,Churned
14060,United Kingdom,19,5386,6140.42,323.18,2010-12-02,2011-12-05,4,19,Active
14062,United Kingdom,12,5593,10464.85,872.07,2010-12-10,2011-11-30,9,12,Active
14064,United Kingdom,5,1772,1334.34,266.87,2011-03-10,2011-11-10,29,5,Active
14066,United Kingdom,1,45,152.55,152.55,2011-03-18,2011-03-18,266,1,Churned
14067,United Kingdom,2,361,374.70,187.35,2011-09-04,2011-10-07,63,2,At Risk
14068,United Kingdom,1,73,265.85,265.85,2011-01-23,2011-01-23,320,1,Churned
14071,United Kingdom,8,994,1437.57,179.70,2011-03-20,2011-12-06,3,8,Active
14073,United Kingdom,1,130,151.04,151.04,2011-11-07,2011-11-07,32,1,Active
14075,United Kingdom,3,754,942.26,314.09,2011-03-23,2011-12-05,4,3,Active
14076,United Kingdom,1,79,118.67,118.67,2011-08-02,2011-08-02,129,1,Churned
14077,United Kingdom,5,268,499.42,99.88,2011-03-10,2011-10-30,40,5,Active
14078,United Kingdom,6,310,1049.37,174.90,2010-12-01,2011-08-30,101,6,At Risk
14079,United Kingdom,1,301,375.10,375.10,2011-08-07,2011-08-07,124,1,Churned
14080,United Kingdom,1,48,45.60,45.60,2011-11-07,2011-11-07,32,1,Active
14081,United Kingdom,2,592,921.62,460.81,2010-12-05,2011-02-10,302,2,Churned
14082,United Kingdom,1,110,182.25,182.25,2010-12-10,2010-12-10,364,1,Churned
14083,United Kingdom,9,705,1002.90,111.43,2010-12-03,2011-12-05,4,9,Active
14085,United Kingdom,18,3177,4421.29,245.63,2010-12-06,2011-12-07,2,18,Active
14087,United Kingdom,1,250,191.47,191.47,2011-12-07,2011-12-07,2,1,Active
14088,United Kingdom,13,12665,50491.81,3883.99,2011-01-21,2011-11-29,10,13,Active
14089,United Kingdom,1,133,158.75,158.75,2011-10-14,2011-10-14,56,1,Active
14090,United Kingdom,1,72,76.32,76.32,2011-01-19,2011-01-19,324,1,Churned
14092,United Kingdom,14,2066,4076.91,291.21,2010-12-16,2011-12-02,7,14,Active
14093,United Kingdom,1,391,433.86,433.86,2011-11-27,2011-11-27,12,1,Active
14096,United Kingdom,17,16352,65164.79,3833.22,2011-08-30,2011-12-05,4,17,Active
14098,United Kingdom,1,104,147.35,147.35,2011-11-03,2011-11-03,36,1,Active
14099,United Kingdom,11,2179,3104.17,282.20,2010-12-20,2011-11-23,16,11,Active
14100,United Kingdom,1,63,191.95,191.95,2011-07-25,2011-07-25,137,1,Churned
14101,United Kingdom,6,6942,5976.79,996.13,2011-01-17,2011-09-27,73,6,At Risk
14102,United Kingdom,5,769,1105.88,221.18,2011-10-26,2011-12-04,5,5,Active
14104,United Kingdom,2,72,216.21,108.11,2011-06-27,2011-07-08,154,2,Churned
14105,United Kingdom,1,800,1266.23,1266.23,2011-04-14,2011-04-14,239,1,Churned
14107,United Kingdom,7,1793,2703.23,386.18,2010-12-10,2011-10-19,51,7,Active
14108,United Kingdom,2,381,597.91,298.96,2011-08-30,2011-11-09,30,2,Active
14109,United Kingdom,1,88,144.20,144.20,2011-09-28,2011-09-28,72,1,At Risk
14110,United Kingdom,12,2445,5683.15,473.60,2011-03-18,2011-12-06,3,12,Active
14111,United Kingdom,4,458,692.85,173.21,2011-04-12,2011-11-25,14,4,Active
14112,United Kingdom,7,1651,2915.15,416.45,2011-03-09,2011-11-17,22,7,Active
14113,United Kingdom,4,745,1840.42,460.11,2010-12-20,2011-12-06,3,4,Active
14114,United Kingdom,2,101,386.53,193.27,2011-01-13,2011-03-11,273,2,Churned
14116,United Kingdom,5,707,1382.74,276.55,2011-08-10,2011-11-20,19,5,Active
14117,United Kingdom,1,72,90.00,90.00,2011-07-19,2011-07-19,143,1,Churned
14121,United Kingdom,4,2082,2780.15,695.04,2011-10-11,2011-12-06,3,4,Active
14124,United Kingdom,1,1618,419.58,419.58,2011-09-16,2011-09-16,84,1,At Risk
14125,United Kingdom,3,1628,2720.63,906.88,2011-09-22,2011-11-29,10,3,Active
14126,United Kingdom,3,508,706.13,235.38,2011-11-29,2011-12-02,7,3,Active
14127,United Kingdom,3,321,709.71,236.57,2011-02-02,2011-08-09,122,3,Churned
14128,United Kingdom,2,564,637.50,318.75,2011-03-29,2011-10-10,60,2,Active
14129,United Kingdom,5,592,1123.86,224.77,2011-03-24,2011-12-08,1,5,Active
14130,United Kingdom,1,257,480.91,480.91,2011-01-24,2011-01-24,319,1,Churned
14132,United Kingdom,11,3368,3586.03,326.00,2011-06-09,2011-12-07,2,11,Active
14133,United Kingdom,3,348,605.64,201.88,2011-01-28,2011-08-02,129,3,Churned
14135,United Kingdom,15,3850,4690.31,312.69,2010-12-02,2011-12-08,1,15,Active
14138,United Kingdom,2,600,965.88,482.94,2011-10-07,2011-12-08,1,2,Active
14139,United Kingdom,1,510,415.82,415.82,2011-10-24,2011-10-24,46,1,Active
14140,United Kingdom,2,811,935.05,467.53,2011-11-08,2011-12-06,3,2,Active
14141,United Kingdom,4,355,915.13,228.78,2011-08-26,2011-12-07,2,4,Active
14142,United Kingdom,1,313,311.81,311.81,2010-12-01,2010-12-01,373,1,Churned
14143,United Kingdom,1,30,115.80,115.80,2011-07-29,2011-07-29,133,1,Churned
14145,United Kingdom,4,756,3742.20,935.55,2011-05-06,2011-10-24,46,4,Active
14146,United Kingdom,5,2437,4191.00,838.20,2010-12-17,2011-12-01,8,5,Active
14147,United Kingdom,2,108,483.40,241.70,2011-02-27,2011-09-22,78,2,At Risk
14148,United Kingdom,1,16,157.20,157.20,2011-04-20,2011-04-20,233,1,Churned
14149,United Kingdom,1,218,446.62,446.62,2011-05-03,2011-05-03,220,1,Churned
14150,United Kingdom,2,496,658.64,329.32,2010-12-15,2011-11-04,35,2,Active
14152,United Kingdom,2,711,621.29,310.65,2011-04-19,2011-09-25,75,2,At Risk
14154,United Kingdom,2,465,1345.62,672.81,2011-04-14,2011-04-14,239,2,Churned
14155,United Kingdom,1,25,118.75,118.75,2011-03-18,2011-03-18,266,1,Churned
14156,EIRE,55,57768,117210.08,2131.09,2010-12-03,2011-11-30,9,55,Active
14157,United Kingdom,2,271,424.89,212.45,2011-02-27,2011-11-20,19,2,Active
14158,United Kingdom,1,781,507.66,507.66,2011-10-30,2011-10-30,40,1,Active
14159,United Kingdom,11,4348,4630.35,420.94,2010-12-12,2011-11-20,19,11,Active
14161,United Kingdom,3,450,1097.62,365.87,2010-12-05,2011-05-08,215,3,Churned
14162,United Kingdom,2,142,289.36,144.68,2011-02-20,2011-06-19,173,2,Churned
14163,United Kingdom,4,893,2445.91,611.48,2011-04-14,2011-09-13,87,4,At Risk
14164,United Kingdom,2,1033,1631.77,815.89,2011-09-20,2011-09-30,70,2,At Risk
14165,United Kingdom,1,53,120.44,120.44,2011-03-09,2011-03-09,275,1,Churned
14167,United Kingdom,4,147,562.59,140.65,2011-01-12,2011-10-31,39,4,Active
14171,United Kingdom,1,167,363.79,363.79,2011-09-02,2011-09-02,98,1,At Risk
14173,United Kingdom,4,150,450.84,112.71,2011-05-04,2011-11-29,10,4,Active
14174,United Kingdom,1,94,134.46,134.46,2011-11-06,2011-11-06,33,1,Active
14175,United Kingdom,3,1515,3222.30,1074.10,2011-01-14,2011-10-11,59,3,Active
14176,United Kingdom,4,209,576.90,144.23,2010-12-07,2011-02-15,297,4,Churned
14177,United Kingdom,4,204,549.46,137.37,2011-06-13,2011-09-14,86,4,At Risk
14178,United Kingdom,7,1494,1600.26,228.61,2011-06-10,2011-12-01,8,7,Active
14179,United Kingdom,2,319,701.57,350.79,2011-10-18,2011-10-30,40,2,Active
14180,United Kingdom,25,719,4748.52,189.94,2010-12-02,2011-11-29,10,25,Active
14184,United Kingdom,1,127,452.89,452.89,2011-10-04,2011-10-04,66,1,At Risk
14185,United Kingdom,1,6,197.65,197.65,2011-01-12,2011-01-12,331,1,Churned
14188,United Kingdom,6,1162,2054.36,342.39,2011-02-02,2011-11-09,30,6,Active
14189,United Kingdom,15,3937,4654.08,310.27,2010-12-06,2011-12-07,2,15,Active
14191,United Kingdom,13,3662,4684.76,360.37,2011-05-03,2011-12-08,1,13,Active
14193,United Kingdom,2,445,853.39,426.70,2011-03-15,2011-10-03,67,2,At Risk
14194,United Kingdom,21,5840,11349.52,540.45,2011-02-04,2011-12-05,4,21,Active
14195,United Kingdom,2,760,1012.00,506.00,2011-04-01,2011-05-22,201,2,Churned
14196,United Kingdom,1,142,335.52,335.52,2011-08-25,2011-08-25,106,1,At Risk
14198,United Kingdom,4,290,701.40,175.35,2011-04-14,2011-11-21,18,4,Active
14199,United Kingdom,1,28,185.40,185.40,2011-05-05,2011-05-05,218,1,Churned
14201,United Kingdom,7,590,747.44,106.78,2010-12-15,2011-10-10,60,7,Active
14204,United Kingdom,1,72,150.61,150.61,2011-12-07,2011-12-07,2,1,Active
14205,United Kingdom,2,204,466.70,233.35,2011-03-20,2011-11-23,16,2,Active
14206,United Kingdom,1,276,328.16,328.16,2011-04-14,2011-04-14,239,1,Churned
14208,United Kingdom,1,114,151.74,151.74,2011-09-06,2011-09-06,94,1,At Risk
14209,United Kingdom,6,691,2073.43,345.57,2011-01-11,2011-11-29,10,6,Active
14210,United Kingdom,6,760,1905.84,317.64,2010-12-03,2011-08-26,105,6,At Risk
14211,United Kingdom,9,1242,2241.10,249.01,2011-02-17,2011-10-17,53,9,Active
14212,United Kingdom,1,1152,1070.48,1070.48,2011-09-11,2011-09-11,89,1,At Risk
14214,United Kingdom,5,751,1004.38,200.88,2011-03-07,2011-11-09,30,5,Active
14215,United Kingdom,6,1358,1789.72,298.29,2010-12-06,2011-11-28,11,6,Active
14216,United Kingdom,4,594,1839.30,459.83,2011-11-02,2011-12-06,3,4,Active
14217,United Kingdom,17,689,2004.98,117.94,2010-12-08,2011-12-08,1,17,Active
14218,United Kingdom,1,160,169.48,169.48,2011-10-28,2011-10-28,42,1,Active
14219,United Kingdom,1,78,89.94,89.94,2011-12-05,2011-12-05,4,1,Active
14220,United Kingdom,2,272,632.40,316.20,2010-12-16,2011-04-06,247,2,Churned
14221,United Kingdom,9,2191,3432.80,381.42,2011-01-04,2011-10-28,42,9,Active
14222,United Kingdom,1,607,683.17,683.17,2011-06-15,2011-06-15,177,1,Churned
14223,United Kingdom,3,585,991.13,330.38,2011-03-20,2011-09-08,92,3,At Risk
14224,United Kingdom,4,483,1009.73,252.43,2011-01-23,2011-08-21,110,4,At Risk
14226,United Kingdom,5,1296,2214.79,442.96,2011-03-15,2011-11-11,28,5,Active
14227,United Kingdom,10,1820,3350.96,335.10,2011-02-28,2011-11-13,26,10,Active
14229,United Kingdom,3,610,1547.20,515.73,2011-01-10,2011-10-19,51,3,Active
14231,United Kingdom,3,409,925.71,308.57,2011-02-24,2011-06-09,183,3,Churned
14232,United Kingdom,5,1941,2048.07,409.61,2011-03-20,2011-10-28,42,5,Active
14233,United Kingdom,4,680,1462.72,365.68,2011-01-26,2011-10-21,49,4,Active
14234,United Kingdom,4,951,754.12,188.53,2011-10-13,2011-11-17,22,4,Active
14235,United Kingdom,5,1959,3144.86,628.97,2011-03-24,2011-09-25,75,5,At Risk
14236,United Kingdom,2,310,490.86,245.43,2010-12-02,2011-09-20,80,2,At Risk
14237,United Kingdom,1,38,161.00,161.00,2010-12-01,2010-12-01,373,1,Churned
14238,United Kingdom,1,111,146.85,146.85,2011-01-17,2011-01-17,326,1,Churned
14239,United Kingdom,11,993,2380.85,216.44,2011-01-27,2011-10-27,43,11,Active
14240,United Kingdom,2,418,890.34,445.17,2011-04-28,2011-11-09,30,2,Active
14241,United Kingdom,1,146,213.70,213.70,2011-06-09,2011-06-09,183,1,Churned
14242,United Kingdom,2,123,280.55,140.28,2011-01-18,2011-04-19,234,2,Churned
14243,United Kingdom,10,1221,2588.77,258.88,2010-12-09,2011-12-01,8,10,Active
14245,United Kingdom,2,976,1693.45,846.73,2011-03-21,2011-05-04,219,2,Churned
14246,United Kingdom,3,804,1474.06,491.35,2011-04-08,2011-08-21,110,3,At Risk
14247,United Kingdom,1,47,136.77,136.77,2011-03-06,2011-03-06,278,1,Churned
14248,United Kingdom,1,102,302.58,302.58,2011-01-25,2011-01-25,318,1,Churned
14250,United Kingdom,3,1200,1904.05,634.68,2011-09-11,2011-12-02,7,3,Active
14251,United Kingdom,5,1674,2879.70,575.94,2011-10-13,2011-12-08,1,5,Active
14256,United Kingdom,2,414,969.06,484.53,2010-12-10,2011-03-24,260,2,Churned
14257,United Kingdom,5,1682,3099.72,619.94,2011-01-25,2011-10-06,64,5,At Risk
14258,United Kingdom,9,7100,12669.98,1407.78,2011-01-06,2011-11-30,9,9,Active
14259,United Kingdom,1,68,120.00,120.00,2011-07-21,2011-07-21,141,1,Churned
14261,United Kingdom,2,406,1163.45,581.73,2011-09-22,2011-10-20,50,2,Active
14262,United Kingdom,8,1645,2618.23,327.28,2011-04-13,2011-12-01,8,8,Active
14264,United Kingdom,2,70,333.97,166.99,2011-04-08,2011-07-08,154,2,Churned
14265,Unspecified,2,330,530.18,265.09,2011-07-14,2011-08-22,109,2,At Risk
14267,United Kingdom,3,530,1516.24,505.41,2011-03-24,2011-06-30,162,3,Churned
14270,United Kingdom,1,197,492.65,492.65,2011-01-12,2011-01-12,331,1,Churned
14271,United Kingdom,1,88,112.32,112.32,2011-04-28,2011-04-28,225,1,Churned
14272,United Kingdom,2,599,437.96,218.98,2011-03-30,2011-09-27,73,2,At Risk
14273,United Kingdom,4,264,559.97,139.99,2011-04-11,2011-10-19,51,4,Active
14276,United Kingdom,3,744,1119.74,373.25,2011-02-23,2011-09-02,98,3,At Risk
14277,France,3,1976,4188.00,1396.00,2011-05-11,2011-11-24,15,3,Active
14280,United Kingdom,1,52,134.04,134.04,2011-05-27,2011-05-27,196,1,Churned
14282,United Kingdom,15,2656,3701.44,246.76,2010-12-07,2011-12-06,3,15,Active
14284,United Kingdom,2,161,595.25,297.63,2011-09-14,2011-11-09,30,2,Active
14285,United Kingdom,4,541,1910.01,477.50,2011-06-16,2011-11-18,21,4,Active
14286,United Kingdom,3,4338,4628.75,1542.92,2011-04-11,2011-11-16,23,3,Active
14287,United Kingdom,3,261,176.63,58.88,2011-05-25,2011-12-01,8,3,Active
14288,United Kingdom,1,188,426.60,426.60,2011-05-10,2011-05-10,213,1,Churned
14289,United Kingdom,6,292,911.26,151.88,2011-02-23,2011-12-01,8,6,Active
14290,United Kingdom,5,915,2314.65,462.93,2010-12-13,2011-11-28,11,5,Active
14291,United Kingdom,11,2749,3883.25,353.02,2011-03-09,2011-12-08,1,11,Active
14292,United Kingdom,9,1663,4871.93,541.33,2011-03-02,2011-12-02,7,9,Active
14293,United Kingdom,4,709,1046.56,261.64,2010-12-06,2011-12-06,3,4,Active
14295,United Kingdom,1,84,166.20,166.20,2011-10-30,2011-10-30,40,1,Active
14297,United Kingdom,4,865,1305.33,326.33,2011-03-10,2011-11-22,17,4,Active
14298,United Kingdom,44,58343,51527.30,1171.08,2010-12-14,2011-12-01,8,44,Active
14299,United Kingdom,9,2149,3965.62,440.62,2010-12-09,2011-12-01,8,9,Active
14300,United Kingdom,1,32,43.20,43.20,2011-11-21,2011-11-21,18,1,Active
14301,United Kingdom,1,606,640.14,640.14,2011-08-14,2011-08-14,117,1,At Risk
14304,United Kingdom,1,139,383.45,383.45,2011-05-01,2011-05-01,222,1,Churned
14305,United Kingdom,3,1089,1858.96,619.65,2011-07-27,2011-09-29,71,3,At Risk
14306,United Kingdom,2,1075,2093.32,1046.66,2011-09-15,2011-10-19,51,2,Active
14307,United Kingdom,6,2058,2995.72,499.29,2010-12-01,2011-09-12,88,6,At Risk
14309,United Kingdom,9,1633,2352.53,261.39,2010-12-16,2011-12-01,8,9,Active
14311,United Kingdom,1,146,310.26,310.26,2011-04-11,2011-04-11,242,1,Churned
14312,United Kingdom,6,1012,1611.59,268.60,2011-01-06,2011-10-24,46,6,Active
14314,United Kingdom,1,296,120.00,120.00,2011-08-25,2011-08-25,106,1,At Risk
14315,United Kingdom,6,1021,2481.13,413.52,2011-03-18,2011-10-26,44,6,Active
14317,United Kingdom,1,255,508.58,508.58,2011-10-06,2011-10-06,64,1,At Risk
14320,United Kingdom,2,325,477.79,238.90,2011-01-11,2011-05-17,206,2,Churned
14321,United Kingdom,5,2406,1530.75,306.15,2011-01-10,2011-11-29,10,5,Active
14323,United Kingdom,2,350,605.06,302.53,2011-04-15,2011-08-17,114,2,At Risk
14326,United Kingdom,1,103,183.85,183.85,2011-04-11,2011-04-11,242,1,Churned
14327,United Kingdom,1,139,311.65,311.65,2011-06-29,2011-06-29,163,1,Churned
14329,United Kingdom,7,3087,4975.24,710.75,2011-01-14,2011-11-22,17,7,Active
14331,United Kingdom,2,252,462.66,231.33,2011-07-27,2011-08-07,124,2,Churned
14332,United Kingdom,3,463,840.21,280.07,2011-07-15,2011-11-17,22,3,Active
14333,United Kingdom,1,58,415.20,415.20,2011-10-03,2011-10-03,67,1,At Risk
14334,United Kingdom,8,1731,2552.21,319.03,2010-12-16,2011-11-23,16,8,Active
14335,Germany,2,375,454.86,227.43,2011-09-04,2011-11-23,16,2,Active
14336,United Kingdom,4,1759,1614.91,403.73,2011-03-08,2011-11-23,16,4,Active
14338,United Kingdom,2,335,588.22,294.11,2011-05-27,2011-07-01,161,2,Churned
14339,United Kingdom,1,168,309.52,309.52,2011-04-11,2011-04-11,242,1,Churned
14340,United Kingdom,1,58,134.70,134.70,2011-05-05,2011-05-05,218,1,Churned
14341,United Kingdom,8,1397,2166.98,270.87,2011-01-25,2011-10-25,45,8,Active
14342,United Kingdom,4,347,668.56,167.14,2011-05-13,2011-11-18,21,4,Active
14344,United Kingdom,8,477,889.93,111.24,2010-12-06,2011-08-04,127,8,Churned
14345,United Kingdom,1,50,108.98,108.98,2011-11-01,2011-11-01,38,1,Active
14346,United Kingdom,2,605,1021.58,510.79,2011-02-15,2011-08-11,120,2,At Risk
14348,United Kingdom,1,183,409.57,409.57,2011-03-24,2011-03-24,260,1,Churned
14349,United Kingdom,1,86,133.50,133.50,2011-11-29,2011-11-29,10,1,Active
14350,United Kingdom,1,183,282.93,282.93,2011-03-10,2011-03-10,274,1,Churned
14351,United Kingdom,1,12,51.00,51.00,2011-06-28,2011-06-28,164,1,Churned
14352,United Kingdom,4,538,1078.96,269.74,2011-03-11,2011-07-05,157,4,Churned
14353,United Kingdom,1,64,90.60,90.60,2011-05-08,2011-05-08,215,1,Churned
14354,United Kingdom,2,210,163.62,81.81,2011-11-09,2011-12-04,5,2,Active
14355,United Kingdom,1,92,174.40,174.40,2010-12-09,2010-12-09,365,1,Churned
14356,United Kingdom,2,277,701.23,350.62,2011-09-19,2011-09-21,79,2,At Risk
14357,United Kingdom,1,147,225.12,225.12,2011-10-27,2011-10-27,43,1,Active
14359,United Kingdom,3,371,912.18,304.06,2011-09-13,2011-11-20,19,3,Active
14360,United Kingdom,4,1139,2118.03,529.51,2011-09-06,2011-11-08,31,4,Active
14362,United Kingdom,1,96,151.50,151.50,2011-11-17,2011-11-17,22,1,Active
14364,United Kingdom,8,1967,3717.35,464.67,2011-05-12,2011-08-23,108,8,At Risk
14367,United Kingdom,16,4426,9227.82,576.74,2011-03-08,2011-12-01,8,16,Active
14368,United Kingdom,1,36,155.00,155.00,2011-01-24,2011-01-24,319,1,Churned
14371,United Kingdom,1,34,100.50,100.50,2011-02-17,2011-02-17,295,1,Churned
14373,United Kingdom,1,17,76.55,76.55,2010-12-16,2010-12-16,358,1,Churned
14375,United Kingdom,1,184,235.56,235.56,2011-06-07,2011-06-07,185,1,Churned
14377,United Kingdom,2,219,617.05,308.53,2011-03-22,2011-06-01,191,2,Churned
14379,United Kingdom,2,292,348.10,174.05,2011-02-17,2011-10-26,44,2,Active
14381,United Kingdom,1,146,202.68,202.68,2011-10-18,2011-10-18,52,1,Active
14382,United Kingdom,1,1231,615.49,615.49,2011-11-13,2011-11-13,26,1,Active
14383,United Kingdom,3,817,1247.69,415.90,2011-06-29,2011-11-01,38,3,Active
14385,United Kingdom,3,159,202.11,67.37,2011-11-16,2011-11-30,9,3,Active
14386,United Kingdom,1,54,142.40,142.40,2011-02-16,2011-02-16,296,1,Churned
14387,United Kingdom,3,795,1727.60,575.87,2011-08-22,2011-11-07,32,3,Active
14388,United Kingdom,8,1941,3212.84,401.61,2010-12-02,2011-11-29,10,8,Active
14389,United Kingdom,2,729,1043.46,521.73,2011-06-02,2011-10-05,65,2,At Risk
14390,United Kingdom,9,2133,4642.57,515.84,2010-12-02,2011-11-29,10,9,Active
14393,United Kingdom,1,13,67.95,67.95,2011-05-05,2011-05-05,218,1,Churned
14395,United Kingdom,9,1689,3479.91,386.66,2010-12-02,2011-12-07,2,9,Active
14396,United Kingdom,2,225,487.99,244.00,2010-12-03,2011-10-05,65,2,At Risk
14397,United Kingdom,19,1890,2612.96,137.52,2011-05-10,2011-12-07,2,19,Active
14400,United Kingdom,1,454,574.70,574.70,2011-07-13,2011-07-13,149,1,Churned
14401,United Kingdom,13,4507,4051.48,311.65,2010-12-15,2011-12-05,4,13,Active
14403,United Kingdom,4,519,1475.81,368.95,2011-04-06,2011-08-01,130,4,Churned
14404,United Kingdom,6,827,1449.32,241.55,2010-12-05,2011-11-06,33,6,Active
14406,United Kingdom,1,77,156.75,156.75,2011-08-12,2011-08-12,119,1,At Risk
14407,United Kingdom,6,1415,2157.73,359.62,2011-03-08,2011-08-24,107,6,At Risk
14408,United Kingdom,7,1610,2599.03,371.29,2011-03-20,2011-11-29,10,7,Active
14409,United Kingdom,6,1230,2059.45,343.24,2010-12-06,2011-09-29,71,6,At Risk
14410,United Kingdom,9,567,1100.27,122.25,2011-02-07,2011-09-08,92,9,At Risk
14411,United Kingdom,1,196,1063.00,1063.00,2011-02-02,2011-02-02,310,1,Churned
14412,United Kingdom,2,786,770.03,385.02,2011-09-28,2011-10-28,42,2,Active
14413,United Kingdom,1,67,121.05,121.05,2010-12-12,2010-12-12,362,1,Churned
14414,United Kingdom,7,2512,1496.98,213.85,2010-12-16,2011-09-09,91,7,At Risk
14415,United Kingdom,13,2996,5855.57,450.43,2010-12-14,2011-12-08,1,13,Active
14416,United Kingdom,2,326,490.22,245.11,2011-10-28,2011-11-17,22,2,Active
14418,United Kingdom,3,1711,1937.25,645.75,2011-08-23,2011-12-06,3,3,Active
14419,United Kingdom,6,483,1051.79,175.30,2010-12-10,2011-11-29,10,6,Active
14420,United Kingdom,1,334,387.52,387.52,2011-09-01,2011-09-01,99,1,At Risk
14421,United Kingdom,2,365,813.11,406.56,2011-05-12,2011-10-13,57,2,Active
14422,United Kingdom,6,2906,4263.64,710.61,2011-03-17,2011-12-09,0,6,Active
14423,United Kingdom,1,120,265.20,265.20,2011-05-05,2011-05-05,218,1,Churned
14424,United Kingdom,1,48,322.08,322.08,2011-11-22,2011-11-22,17,1,Active
14426,United Kingdom,10,2699,4481.67,448.17,2011-01-31,2011-11-16,23,10,Active
14427,United Kingdom,2,228,363.34,181.67,2011-10-07,2011-10-20,50,2,Active
14428,United Kingdom,5,428,1224.06,244.81,2011-01-18,2011-12-02,7,5,Active
14431,United Kingdom,1,130,470.36,470.36,2011-02-10,2011-02-10,302,1,Churned
14432,United Kingdom,6,2013,2248.50,374.75,2011-09-11,2011-11-30,9,6,Active
14434,United Kingdom,6,368,1372.80,228.80,2011-09-28,2011-11-18,21,6,Active
14436,United Kingdom,1,129,89.06,89.06,2011-09-02,2011-09-02,98,1,At Risk
14437,United Kingdom,1,60,63.00,63.00,2010-12-09,2010-12-09,365,1,Churned
14438,United Kingdom,1,82,131.90,131.90,2011-02-06,2011-02-06,306,1,Churned
14439,Greece,1,526,2661.24,2661.24,2011-01-24,2011-01-24,319,1,Churned
14440,United Kingdom,5,588,2357.68,471.54,2010-12-09,2011-12-01,8,5,Active
14441,United Kingdom,4,446,1712.89,428.22,2011-03-29,2011-12-09,0,4,Active
14442,Channel Islands,2,482,1589.82,794.91,2011-01-27,2011-05-19,204,2,Churned
14443,United Kingdom,4,938,1420.20,355.05,2010-12-06,2011-10-17,53,4,Active
14446,United Kingdom,4,916,1010.35,252.59,2011-04-07,2011-12-09,0,4,Active
14447,United Kingdom,5,571,1163.23,232.65,2011-03-04,2011-11-21,18,5,Active
14448,United Kingdom,2,104,375.35,187.68,2010-12-10,2011-11-30,9,2,Active
14449,United Kingdom,4,741,885.80,221.45,2010-12-02,2011-11-21,18,4,Active
14450,United Kingdom,3,241,483.25,161.08,2011-01-23,2011-06-12,180,3,Churned
14451,United Kingdom,2,378,643.90,321.95,2011-05-29,2011-10-10,60,2,Active
14452,United Kingdom,2,116,259.05,129.53,2011-09-07,2011-11-29,10,2,Active
14453,United Kingdom,1,49,119.93,119.93,2011-06-02,2011-06-02,190,1,Churned
14456,United Kingdom,9,2885,3017.28,335.25,2011-07-20,2011-12-04,5,9,Active
14457,United Kingdom,1,88,113.64,113.64,2011-02-02,2011-02-02,310,1,Churned
14459,United Kingdom,1,760,1837.92,1837.92,2011-07-07,2011-07-07,155,1,Churned
14460,United Kingdom,3,881,434.34,144.78,2011-02-02,2011-08-21,110,3,At Risk
14461,United Kingdom,3,766,2103.06,701.02,2011-03-23,2011-07-14,148,3,Churned
14462,United Kingdom,11,956,1980.57,180.05,2011-01-04,2011-10-04,66,11,At Risk
14463,United Kingdom,3,179,529.62,176.54,2011-05-18,2011-09-02,98,3,At Risk
14465,United Kingdom,3,398,1038.44,346.15,2011-02-10,2011-04-07,246,3,Churned
14466,United Kingdom,7,1006,2272.40,324.63,2010-12-02,2011-11-10,29,7,Active
14467,United Kingdom,4,276,596.26,149.07,2011-01-31,2011-11-22,17,4,Active
14470,United Kingdom,2,193,461.19,230.60,2011-02-25,2011-11-28,11,2,Active
14472,United Kingdom,8,1135,1852.67,231.58,2010-12-19,2011-08-28,103,8,At Risk
14473,United Kingdom,2,88,234.34,117.17,2011-03-02,2011-09-26,74,2,At Risk
14474,United Kingdom,1,140,547.66,547.66,2011-10-24,2011-10-24,46,1,Active
14475,United Kingdom,3,447,925.85,308.62,2011-02-08,2011-09-29,71,3,At Risk
14476,United Kingdom,1,110,193.00,193.00,2011-03-27,2011-03-27,257,1,Churned
14477,United Kingdom,4,720,1309.60,327.40,2011-02-15,2011-11-20,19,4,Active
14479,United Kingdom,2,117,316.25,158.13,2010-12-09,2011-03-31,253,2,Churned
14480,United Kingdom,1,143,279.05,279.05,2011-11-28,2011-11-28,11,1,Active
14481,United Kingdom,2,489,636.51,318.26,2011-02-25,2011-06-28,164,2,Churned
14482,United Kingdom,6,1627,2022.81,337.14,2011-04-14,2011-11-21,18,6,Active
14483,United Kingdom,1,97,137.10,137.10,2011-03-03,2011-03-03,281,1,Churned
14484,United Kingdom,1,210,321.92,321.92,2011-10-20,2011-10-20,50,1,Active
14485,United Kingdom,1,70,162.80,162.80,2011-11-01,2011-11-01,38,1,Active
14487,United Kingdom,6,712,1165.48,194.25,2010-12-06,2011-11-13,26,6,Active
14488,United Kingdom,1,799,1064.28,1064.28,2011-10-03,2011-10-03,67,1,At Risk
14489,United Kingdom,1,299,463.38,463.38,2011-05-16,2011-05-16,207,1,Churned
14491,United Kingdom,2,139,340.93,170.47,2010-12-02,2011-06-17,175,2,Churned
14493,United Kingdom,5,1285,2383.24,476.65,2011-07-07,2011-12-02,7,5,Active
14494,United Kingdom,1,92,139.56,139.56,2011-11-14,2011-11-14,25,1,Active
14495,United Kingdom,2,62,123.80,61.90,2011-08-10,2011-10-20,50,2,Active
14496,United Kingdom,2,159,538.81,269.41,2010-12-01,2011-02-01,311,2,Churned
14497,United Kingdom,1,235,475.37,475.37,2011-02-03,2011-02-03,309,1,Churned
14498,United Kingdom,5,1098,1957.32,391.46,2010-12-13,2011-10-28,42,5,Active
14499,United Kingdom,3,496,808.44,269.48,2011-03-06,2011-11-13,26,3,Active
14500,United Kingdom,3,117,356.85,118.95,2011-06-03,2011-09-12,88,3,At Risk
14501,United Kingdom,2,161,251.21,125.61,2011-01-24,2011-06-09,183,2,Churned
14502,United Kingdom,11,1480,2429.83,220.89,2011-01-30,2011-11-20,19,11,Active
14503,United Kingdom,6,2004,3543.26,590.54,2011-06-14,2011-12-06,3,6,Active
14504,United Kingdom,4,308,673.26,168.32,2011-03-06,2011-10-23,47,4,Active
14505,United Kingdom,8,2739,5859.43,732.43,2010-12-12,2011-11-22,17,8,Active
14506,United Kingdom,5,704,1960.65,392.13,2010-12-05,2011-11-22,17,5,Active
14507,United Kingdom,6,594,1367.88,227.98,2011-03-08,2011-11-16,23,6,Active
14508,United Kingdom,2,129,268.05,134.03,2011-09-11,2011-11-17,22,2,Active
14511,United Kingdom,5,784,1314.81,262.96,2011-07-29,2011-11-28,11,5,Active
14512,United Kingdom,2,122,275.28,137.64,2011-04-21,2011-06-05,187,2,Churned
14513,United Kingdom,3,361,455.59,151.86,2011-02-24,2011-08-31,100,3,At Risk
14514,United Kingdom,3,564,990.20,330.07,2011-01-12,2011-10-09,61,3,At Risk
14515,United Kingdom,6,1110,2076.89,346.15,2011-05-05,2011-11-22,17,6,Active
14517,United Kingdom,2,91,330.45,165.23,2011-07-21,2011-11-06,33,2,Active
14518,United Kingdom,1,278,174.37,174.37,2011-10-06,2011-10-06,64,1,At Risk
14520,United Kingdom,2,146,270.60,135.30,2011-02-22,2011-12-08,1,2,Active
14522,United Kingdom,4,525,974.54,243.64,2011-05-25,2011-11-15,24,4,Active
14523,United Kingdom,1,251,241.09,241.09,2011-08-23,2011-08-23,108,1,At Risk
14524,United Kingdom,9,669,1843.83,204.87,2010-12-14,2011-11-08,31,9,Active
14525,United Kingdom,9,2637,4215.90,468.43,2010-12-13,2011-11-20,19,9,Active
14527,United Kingdom,55,2088,8507.13,154.68,2010-12-05,2011-12-07,2,55,Active
14528,United Kingdom,1,278,364.22,364.22,2011-11-02,2011-11-02,37,1,Active
14529,United Kingdom,3,325,578.61,192.87,2011-08-21,2011-10-10,60,3,Active
14530,United Kingdom,6,1395,2862.11,477.02,2011-02-16,2011-11-14,25,6,Active
14532,United Kingdom,4,284,932.85,233.21,2010-12-22,2011-04-17,236,4,Churned
14533,United Kingdom,7,4019,1949.72,278.53,2010-12-22,2011-11-15,24,7,Active
14534,United Kingdom,18,2027,4397.30,244.29,2011-01-25,2011-12-07,2,18,Active
14535,United Kingdom,3,1824,2854.84,951.61,2011-04-05,2011-10-10,60,3,Active
14536,United Kingdom,1,39,170.95,170.95,2011-03-25,2011-03-25,259,1,Churned
14537,United Kingdom,1,120,355.56,355.56,2011-10-13,2011-10-13,57,1,Active
14538,United Kingdom,2,155,388.25,194.13,2011-03-28,2011-10-06,64,2,At Risk
14539,United Kingdom,2,428,537.48,268.74,2011-10-26,2011-11-24,15,2,Active
14540,United Kingdom,3,411,952.66,317.55,2011-02-03,2011-11-30,9,3,Active
14541,United Kingdom,8,641,1453.35,181.67,2011-01-24,2011-10-12,58,8,Active
14542,United Kingdom,1,19,103.25,103.25,2011-06-07,2011-06-07,185,1,Churned
14543,United Kingdom,16,675,3599.73,224.98,2010-12-10,2011-11-11,28,16,Active
14544,United Kingdom,2,1536,2004.30,1002.15,2010-12-13,2011-11-15,24,2,Active
14546,United Kingdom,5,1313,2573.93,514.79,2011-04-05,2011-12-04,5,5,Active
14547,United Kingdom,8,2639,3974.75,496.84,2011-10-16,2011-12-06,3,8,Active
14548,United Kingdom,2,256,652.80,326.40,2011-01-26,2011-07-12,150,2,Churned
14549,United Kingdom,1,136,289.24,289.24,2011-02-01,2011-02-01,311,1,Churned
14550,United Kingdom,2,389,757.37,378.69,2011-10-26,2011-11-29,10,2,Active
14551,United Kingdom,2,106,186.23,93.12,2011-05-19,2011-11-21,18,2,Active
14552,United Kingdom,1,90,164.22,164.22,2011-07-11,2011-07-11,151,1,Churned
14553,United Kingdom,5,493,859.27,171.85,2011-01-04,2011-11-20,19,5,Active
14554,United Kingdom,4,1443,2279.49,569.87,2011-10-18,2011-11-29,10,4,Active
14555,United Kingdom,2,122,312.54,156.27,2011-02-10,2011-10-13,57,2,Active
14557,United Kingdom,1,510,788.38,788.38,2011-09-15,2011-09-15,85,1,At Risk
14560,United Kingdom,22,1260,2237.77,101.72,2010-12-17,2011-12-02,7,22,Active
14561,United Kingdom,3,1014,1080.76,360.25,2011-06-08,2011-09-25,75,3,At Risk
14562,United Kingdom,18,1815,5006.77,278.15,2011-02-08,2011-12-06,3,18,Active
14565,United Kingdom,4,1540,3099.12,774.78,2010-12-13,2011-09-05,95,4,At Risk
14566,Channel Islands,1,800,1432.00,1432.00,2011-08-21,2011-08-21,110,1,At Risk
14567,United Kingdom,2,412,1530.36,765.18,2011-08-01,2011-10-14,56,2,Active
14569,United Kingdom,1,79,227.39,227.39,2011-12-08,2011-12-08,1,1,Active
14570,United Kingdom,2,95,218.06,109.03,2011-03-04,2011-03-04,280,2,Churned
14572,United Kingdom,7,1420,2804.54,400.65,2011-01-19,2011-12-06,3,7,Active
14573,United Kingdom,9,534,1639.82,182.20,2010-12-02,2011-06-13,179,9,Churned
14576,United Kingdom,1,12,35.40,35.40,2010-12-02,2010-12-02,372,1,Churned
14577,United Kingdom,4,353,859.71,214.93,2010-12-12,2011-11-27,12,4,Active
14578,United Kingdom,1,240,168.63,168.63,2011-12-06,2011-12-06,3,1,Active
14581,United Kingdom,1,217,138.60,138.60,2011-11-23,2011-11-23,16,1,Active
14582,United Kingdom,1,73,114.11,114.11,2011-10-30,2011-10-30,40,1,Active
14583,United Kingdom,5,751,986.96,197.39,2011-05-18,2011-12-04,5,5,Active
14584,United Kingdom,4,381,1033.06,258.27,2011-05-25,2011-06-23,169,4,Churned
14585,United Kingdom,1,91,157.05,157.05,2011-10-20,2011-10-20,50,1,Active
14586,United Kingdom,1,444,237.36,237.36,2011-03-08,2011-03-08,276,1,Churned
14587,United Kingdom,9,749,1580.29,175.59,2011-01-12,2011-11-21,18,9,Active
14589,United Kingdom,1,5,39.75,39.75,2010-12-03,2010-12-03,371,1,Churned
14591,United Kingdom,4,1228,1320.21,330.05,2011-05-10,2011-11-24,15,4,Active
14592,United Kingdom,3,407,557.94,185.98,2011-10-06,2011-11-04,35,3,Active
14593,United Kingdom,3,330,617.15,205.72,2011-05-25,2011-11-18,21,3,Active
14594,United Kingdom,2,183,363.33,181.67,2010-12-01,2011-12-02,7,2,Active
14595,United Kingdom,6,978,1740.60,290.10,2011-01-30,2011-11-20,19,6,Active
14597,United Kingdom,2,566,866.24,433.12,2011-06-01,2011-11-28,11,2,Active
14598,United Kingdom,1,189,221.97,221.97,2011-10-26,2011-10-26,44,1,Active
14600,United Kingdom,1,125,393.33,393.33,2011-02-07,2011-02-07,305,1,Churned
14601,United Kingdom,1,168,213.96,213.96,2011-11-29,2011-11-29,10,1,Active
14603,United Kingdom,1,400,660.00,660.00,2011-03-10,2011-03-10,274,1,Churned
14606,United Kingdom,93,6187,12076.15,129.85,2010-12-01,2011-12-08,1,93,Active
14607,United Kingdom,14,11526,16209.50,1157.82,2011-03-23,2011-11-24,15,14,Active
14608,United Kingdom,4,437,1785.15,446.29,2010-12-12,2011-12-05,4,4,Active
14609,United Kingdom,4,7026,601.56,150.39,2011-02-16,2011-09-28,72,4,At Risk
14616,United Kingdom,3,104,406.08,135.36,2011-01-26,2011-04-11,242,3,Churned
14618,United Kingdom,3,264,553.44,184.48,2011-01-06,2011-11-30,9,3,Active
14619,United Kingdom,1,152,394.44,394.44,2011-04-08,2011-04-08,245,1,Churned
14620,United Kingdom,2,214,412.78,206.39,2011-03-01,2011-05-18,205,2,Churned
14621,United Kingdom,5,993,1788.36,357.67,2010-12-16,2011-12-08,1,5,Active
14622,United Kingdom,1,146,320.58,320.58,2011-06-08,2011-06-08,184,1,Churned
14623,United Kingdom,5,418,886.70,177.34,2011-04-18,2011-11-07,32,5,Active
14624,United Kingdom,2,162,225.85,112.93,2011-10-11,2011-10-13,57,2,Active
14625,United Kingdom,2,335,899.63,449.82,2010-12-13,2011-05-27,196,2,Churned
14626,United Kingdom,4,1403,2791.27,697.82,2011-04-20,2011-11-16,23,4,Active
14628,United Kingdom,2,272,671.96,335.98,2011-04-11,2011-09-09,91,2,At Risk
14629,United Kingdom,2,378,955.26,477.63,2011-10-23,2011-12-05,4,2,Active
14631,United Kingdom,3,622,1006.98,335.66,2011-02-14,2011-10-20,50,3,Active
14632,United Kingdom,1,96,114.56,114.56,2011-03-22,2011-03-22,262,1,Churned
14633,United Kingdom,1,96,344.90,344.90,2011-03-18,2011-03-18,266,1,Churned
14636,United Kingdom,2,241,609.85,304.93,2011-03-16,2011-11-03,36,2,Active
14638,United Kingdom,1,166,443.60,443.60,2011-10-20,2011-10-20,50,1,Active
14639,United Kingdom,6,1431,2984.49,497.42,2010-12-13,2011-10-18,52,6,Active
14640,United Kingdom,6,880,2107.38,351.23,2011-04-26,2011-11-15,24,6,Active
14641,United Kingdom,1,90,110.46,110.46,2011-11-18,2011-11-18,21,1,Active
14642,United Kingdom,1,76,96.12,96.12,2011-10-12,2011-10-12,58,1,Active
14643,United Kingdom,2,815,693.81,346.91,2010-12-16,2011-06-22,170,2,Churned
14644,United Kingdom,2,258,830.76,415.38,2011-02-14,2011-10-03,67,2,At Risk
14645,United Kingdom,2,381,597.09,298.55,2011-03-09,2011-07-06,156,2,Churned
14646,Netherlands,73,196915,280206.02,3838.44,2010-12-20,2011-12-08,1,73,Active
14647,United Kingdom,1,91,236.04,236.04,2011-05-22,2011-05-22,201,1,Churned
14649,United Kingdom,4,1004,1402.59,350.65,2011-05-11,2011-12-05,4,4,Active
14651,United Kingdom,2,343,653.75,326.88,2011-05-12,2011-10-03,67,2,At Risk
14652,United Kingdom,1,53,114.18,114.18,2011-09-23,2011-09-23,77,1,At Risk
14653,United Kingdom,7,945,1926.65,275.24,2011-01-05,2011-12-08,1,7,Active
14655,United Kingdom,4,1089,1932.23,483.06,2011-05-01,2011-12-01,8,4,Active
14656,United Kingdom,2,120,291.05,145.53,2011-03-01,2011-06-23,169,2,Churned
14657,United Kingdom,4,466,848.22,212.06,2011-01-17,2011-11-22,17,4,Active
14658,United Kingdom,2,47,247.15,123.58,2011-08-14,2011-12-04,5,2,Active
14659,United Kingdom,9,1195,2529.93,281.10,2011-01-28,2011-12-01,8,9,Active
14660,United Kingdom,2,228,285.74,142.87,2011-08-31,2011-09-14,86,2,At Risk
14661,United Kingdom,1,35,107.95,107.95,2011-11-13,2011-11-13,26,1,Active
14662,United Kingdom,4,578,741.37,185.34,2011-01-27,2011-11-11,28,4,Active
14664,United Kingdom,2,465,636.24,318.12,2011-11-06,2011-11-20,19,2,Active
14665,United Kingdom,5,740,1835.70,367.14,2011-02-02,2011-10-10,60,5,Active
14666,United Kingdom,1,161,195.25,195.25,2011-11-15,2011-11-15,24,1,Active
14667,United Kingdom,25,5319,9175.04,367.00,2010-12-06,2011-11-29,10,25,Active
14669,United Kingdom,3,770,1259.24,419.75,2011-01-11,2011-04-12,241,3,Churned
14670,United Kingdom,2,326,392.86,196.43,2011-03-04,2011-03-04,280,2,Churned
14672,United Kingdom,2,454,765.55,382.78,2011-01-07,2011-04-19,234,2,Churned
14673,United Kingdom,5,1004,1736.40,347.28,2010-12-07,2011-12-06,3,5,Active
14675,United Kingdom,1,336,596.36,596.36,2011-11-23,2011-11-23,16,1,Active
14676,United Kingdom,6,2500,2548.24,424.71,2011-03-01,2011-11-08,31,6,Active
14680,United Kingdom,16,13476,28754.11,1797.13,2010-12-03,2011-11-14,25,16,Active
14681,United Kingdom,3,76,498.95,166.32,2011-05-12,2011-09-29,71,3,At Risk
14682,United Kingdom,2,80,52.00,26.00,2011-05-22,2011-06-05,187,2,Churned
14684,United Kingdom,5,821,1201.51,240.30,2010-12-12,2011-11-14,25,5,Active
14687,United Kingdom,1,470,628.38,628.38,2011-08-25,2011-08-25,106,1,At Risk
14688,United Kingdom,21,3584,5579.10,265.67,2010-12-01,2011-12-02,7,21,Active
14689,United Kingdom,1,76,112.80,112.80,2011-05-15,2011-05-15,208,1,Churned
14690,United Kingdom,2,167,355.05,177.53,2011-07-11,2011-10-26,44,2,Active
14691,United Kingdom,5,707,2114.33,422.87,2011-05-11,2011-11-09,30,5,Active
14692,United Kingdom,4,265,591.55,147.89,2011-01-21,2011-07-25,137,4,Churned
14693,United Kingdom,1,34,172.90,172.90,2011-03-20,2011-03-20,264,1,Churned
14696,United Kingdom,7,1630,2078.95,296.99,2010-12-01,2011-12-05,4,7,Active
14697,United Kingdom,2,181,188.61,94.31,2011-05-05,2011-05-05,218,2,Churned
14698,United Kingdom,5,602,1217.27,243.45,2011-10-19,2011-12-08,1,5,Active
14699,United Kingdom,1,77,109.13,109.13,2011-05-09,2011-05-09,214,1,Churned
14700,United Kingdom,3,1314,2195.10,731.70,2011-04-15,2011-11-07,32,3,Active
14701,United Kingdom,9,921,2526.09,280.68,2011-01-27,2011-11-29,10,9,Active
14702,United Kingdom,17,1439,3251.79,191.28,2010-12-09,2011-12-08,1,17,Active
14703,United Kingdom,1,183,318.17,318.17,2011-11-25,2011-11-25,14,1,Active
14704,United Kingdom,9,1043,1493.96,166.00,2011-06-12,2011-11-28,11,9,Active
14705,United Kingdom,1,100,179.00,179.00,2011-05-25,2011-05-25,198,1,Churned
14708,United Kingdom,3,621,1126.37,375.46,2010-12-06,2011-12-07,2,3,Active
14709,United Kingdom,13,2484,4921.04,378.54,2010-12-16,2011-11-24,15,13,Active
14710,United Kingdom,4,375,599.48,149.87,2011-10-11,2011-11-25,14,4,Active
14711,United Kingdom,11,966,2839.62,258.15,2011-03-22,2011-11-29,10,11,Active
14712,United Kingdom,3,315,917.07,305.69,2011-08-19,2011-11-10,29,3,Active
14713,United Kingdom,11,1613,2662.20,242.02,2010-12-09,2011-11-30,9,11,Active
14714,United Kingdom,1,229,160.19,160.19,2011-11-15,2011-11-15,24,1,Active
14715,United Kingdom,4,521,867.38,216.85,2011-01-12,2011-11-15,24,4,Active
14716,United Kingdom,2,495,307.51,153.76,2011-07-14,2011-10-27,43,2,Active
14719,United Kingdom,5,1025,1581.84,316.37,2011-04-04,2011-12-08,1,5,Active
14720,United Kingdom,3,219,663.81,221.27,2011-08-05,2011-12-04,5,3,Active
14722,United Kingdom,1,118,180.42,180.42,2011-07-15,2011-07-15,147,1,Churned
14723,United Kingdom,6,673,1122.36,187.06,2010-12-03,2011-11-29,10,6,Active
14725,United Kingdom,1,588,655.58,655.58,2011-11-15,2011-11-15,24,1,Active
14727,United Kingdom,1,62,268.58,268.58,2011-03-10,2011-03-10,274,1,Churned
14729,United Kingdom,1,197,313.49,313.49,2010-12-01,2010-12-01,373,1,Churned
14730,United Kingdom,8,1078,1897.57,237.20,2011-03-08,2011-12-08,1,8,Active
14731,United Kingdom,3,256,380.02,126.67,2011-05-11,2011-10-23,47,3,Active
14732,United Kingdom,8,1405,2702.49,337.81,2011-01-04,2011-12-01,8,8,Active
14733,United Kingdom,12,3764,9585.91,798.83,2010-12-07,2011-11-23,16,12,Active
14735,United Kingdom,32,2264,6065.69,189.55,2010-12-16,2011-12-06,3,32,Active
14737,United Kingdom,3,345,1164.55,388.18,2010-12-21,2011-12-06,3,3,Active
14738,United Kingdom,7,601,1314.45,187.78,2011-01-27,2011-10-28,42,7,Active
14739,United Kingdom,7,3820,3902.28,557.47,2010-12-07,2011-12-05,4,7,Active
14740,United Kingdom,3,735,1448.21,482.74,2011-03-01,2011-05-26,197,3,Churned
14741,United Kingdom,6,841,1400.34,233.39,2010-12-02,2011-11-28,11,6,Active
14744,United Kingdom,7,627,1099.98,157.14,2010-12-08,2011-11-23,16,7,Active
14745,United Kingdom,5,1038,1220.26,244.05,2011-02-27,2011-08-19,112,5,At Risk
14747,United Kingdom,1,84,328.20,328.20,2011-04-04,2011-04-04,249,1,Churned
14748,United Kingdom,5,1223,1415.75,283.15,2010-12-06,2011-11-10,29,5,Active
14752,United Kingdom,1,260,389.64,389.64,2011-10-27,2011-10-27,43,1,Active
14753,United Kingdom,1,211,563.15,563.15,2011-09-13,2011-09-13,87,1,At Risk
14754,United Kingdom,2,486,638.05,319.03,2011-02-17,2011-10-26,44,2,Active
14755,United Kingdom,11,2219,5010.28,455.48,2011-01-09,2011-11-30,9,11,Active
14756,United Kingdom,1,416,738.96,738.96,2011-11-24,2011-11-24,15,1,Active
14757,United Kingdom,1,160,420.50,420.50,2011-09-25,2011-09-25,75,1,At Risk
14758,United Kingdom,4,419,1484.06,371.02,2011-03-25,2011-07-18,144,4,Churned
14759,United Kingdom,3,569,1625.97,541.99,2011-04-21,2011-12-05,4,3,Active
14760,United Kingdom,1,40,89.20,89.20,2011-02-15,2011-02-15,297,1,Churned
14761,United Kingdom,2,118,255.90,127.95,2011-01-09,2011-10-12,58,2,Active
14762,United Kingdom,1,341,300.52,300.52,2011-03-21,2011-03-21,263,1,Churned
14764,United Kingdom,1,190,278.30,278.30,2011-10-24,2011-10-24,46,1,Active
14765,United Kingdom,3,135,254.11,84.70,2011-06-16,2011-11-10,29,3,Active
14766,United Kingdom,6,1349,2473.37,412.23,2010-12-08,2011-12-01,8,6,Active
14768,United Kingdom,2,52,192.60,96.30,2011-08-04,2011-11-22,17,2,Active
14769,United Kingdom,8,7239,10416.98,1302.12,2010-12-17,2011-12-07,2,8,Active
14770,United Kingdom,2,490,876.42,438.21,2011-01-20,2011-04-21,232,2,Churned
14772,United Kingdom,1,82,139.26,139.26,2011-08-19,2011-08-19,112,1,At Risk
14775,United Kingdom,3,1174,1011.90,337.30,2010-12-02,2011-10-12,58,3,Active
14776,United Kingdom,11,3134,2538.30,230.75,2011-01-31,2011-10-19,51,11,Active
14778,United Kingdom,2,306,730.86,365.43,2011-02-04,2011-08-04,127,2,Churned
14779,United Kingdom,3,84,386.15,128.72,2011-01-20,2011-03-04,280,3,Churned
14780,United Kingdom,2,310,447.68,223.84,2011-09-21,2011-10-16,54,2,Active
14782,United Kingdom,1,114,200.10,200.10,2011-01-24,2011-01-24,319,1,Churned
14784,United Kingdom,2,237,289.99,145.00,2011-01-20,2011-11-13,26,2,Active
14785,United Kingdom,2,84,77.40,38.70,2011-11-24,2011-11-29,10,2,Active
14788,United Kingdom,2,421,679.44,339.72,2011-11-13,2011-12-02,7,2,Active
14789,United Kingdom,1,116,197.64,197.64,2011-11-11,2011-11-11,28,1,Active
14790,United Kingdom,4,699,745.06,186.27,2011-03-31,2011-11-23,16,4,Active
14792,United Kingdom,1,2,6.20,6.20,2011-10-07,2011-10-07,63,1,At Risk
14793,United Kingdom,1,91,228.99,228.99,2011-11-18,2011-11-18,21,1,Active
14794,United Kingdom,7,673,1319.91,188.56,2011-01-09,2011-12-07,2,7,Active
14795,United Kingdom,1,17,131.45,131.45,2011-06-26,2011-06-26,166,1,Churned
14796,United Kingdom,17,5995,7975.49,469.15,2010-12-08,2011-12-08,1,17,Active
14798,United Kingdom,3,150,173.74,57.91,2011-02-02,2011-10-18,52,3,Active
14799,United Kingdom,1,146,157.70,157.70,2011-10-19,2011-10-19,51,1,Active
14800,United Kingdom,12,3644,4331.79,360.98,2010-12-05,2011-10-23,47,12,Active
14801,United Kingdom,1,173,189.34,189.34,2011-10-09,2011-10-09,61,1,At Risk
14803,United Kingdom,3,370,845.55,281.85,2011-02-20,2011-06-30,162,3,Churned
14804,United Kingdom,1,121,353.27,353.27,2011-12-01,2011-12-01,8,1,Active
14805,United Kingdom,4,114,546.40,136.60,2011-01-30,2011-11-24,15,4,Active
14806,United Kingdom,1,330,193.39,193.39,2011-09-25,2011-09-25,75,1,At Risk
14808,United Kingdom,8,2120,2718.60,339.83,2011-06-20,2011-10-31,39,8,Active
14810,United Kingdom,11,1015,2085.33,189.58,2010-12-05,2011-10-30,40,11,Active
14813,United Kingdom,2,66,152.88,76.44,2010-12-05,2010-12-05,369,2,Churned
14815,United Kingdom,2,744,778.50,389.25,2011-10-03,2011-11-03,36,2,Active
14816,United Kingdom,1,5,271.85,271.85,2011-05-26,2011-05-26,197,1,Churned
14817,United Kingdom,2,655,1110.34,555.17,2011-03-07,2011-05-23,200,2,Churned
14818,United Kingdom,3,324,657.80,219.27,2011-03-31,2011-09-27,73,3,At Risk
14819,United Kingdom,2,109,272.07,136.04,2011-05-31,2011-10-06,64,2,At Risk
14820,United Kingdom,4,253,507.29,126.82,2011-06-19,2011-11-18,21,4,Active
14821,United Kingdom,1,20,48.80,48.80,2010-12-08,2010-12-08,366,1,Churned
14823,United Kingdom,3,88,321.43,107.14,2011-05-29,2011-06-12,180,3,Churned
14824,United Kingdom,4,525,1127.71,281.93,2011-09-09,2011-11-29,10,4,Active
14825,United Kingdom,12,989,2221.01,185.08,2010-12-06,2011-12-06,3,12,Active
14828,United Kingdom,3,2172,2139.76,713.25,2011-01-07,2011-05-27,196,3,Churned
14829,United Kingdom,4,452,697.55,174.39,2010-12-02,2011-11-10,29,4,Active
14830,United Kingdom,1,164,188.88,188.88,2011-10-17,2011-10-17,53,1,Active
14834,United Kingdom,6,734,1720.30,286.72,2011-04-13,2011-11-22,17,6,Active
14836,United Kingdom,3,45,102.45,34.15,2011-11-09,2011-11-29,10,3,Active
14837,United Kingdom,4,1436,1649.50,412.38,2011-05-22,2011-09-11,89,4,At Risk
14840,United Kingdom,1,31,62.85,62.85,2011-03-17,2011-03-17,267,1,Churned
14841,United Kingdom,6,1778,3295.76,549.29,2010-12-16,2011-10-17,53,6,Active
14842,United Kingdom,4,1166,2824.69,706.17,2011-02-04,2011-10-27,43,4,Active
14844,United Kingdom,4,1833,3189.81,797.45,2011-04-12,2011-10-07,63,4,At Risk
14847,United Kingdom,1,120,309.40,309.40,2011-07-14,2011-07-14,148,1,Churned
14849,United Kingdom,25,5694,7930.54,317.22,2010-12-01,2011-11-18,21,25,Active
14850,United Kingdom,1,293,325.75,325.75,2011-02-01,2011-02-01,311,1,Churned
14851,United Kingdom,2,325,511.35,255.68,2011-03-28,2011-11-16,23,2,Active
14852,United Kingdom,6,1747,2836.69,472.78,2011-04-01,2011-10-12,58,6,Active
14853,United Kingdom,2,82,475.80,237.90,2011-05-12,2011-11-15,24,2,Active
14854,United Kingdom,7,1820,2740.03,391.43,2011-03-10,2011-09-22,78,7,At Risk
14855,United Kingdom,2,267,645.65,322.83,2011-07-28,2011-08-12,119,2,At Risk
14856,United Kingdom,3,711,1290.53,430.18,2011-10-14,2011-11-03,36,3,Active
14857,United Kingdom,2,464,1173.12,586.56,2011-07-14,2011-10-11,59,2,Active
14859,United Kingdom,4,671,1353.74,338.44,2011-05-19,2011-11-27,12,4,Active
14860,United Kingdom,1,232,170.32,170.32,2011-11-20,2011-11-20,19,1,Active
14861,United Kingdom,1,117,125.79,125.79,2011-10-18,2011-10-18,52,1,Active
14862,United Kingdom,2,772,841.20,420.60,2011-07-14,2011-11-14,25,2,Active
14863,United Kingdom,1,132,266.76,266.76,2011-11-10,2011-11-10,29,1,Active
14865,United Kingdom,2,108,52.20,26.10,2010-12-02,2011-12-02,7,2,Active
14866,United Kingdom,12,6752,14389.90,1199.16,2010-12-08,2011-11-29,10,12,Active
14867,United Kingdom,3,328,710.28,236.76,2011-01-07,2011-06-07,185,3,Churned
14868,United Kingdom,8,1405,2953.59,369.20,2011-04-20,2011-12-06,3,8,Active
14869,United Kingdom,2,549,721.45,360.73,2011-08-28,2011-12-01,8,2,Active
14870,United Kingdom,1,119,327.25,327.25,2011-03-23,2011-03-23,261,1,Churned
14871,United Kingdom,4,179,501.28,125.32,2010-12-14,2011-12-06,3,4,Active
14873,United Kingdom,1,168,519.68,519.68,2011-05-13,2011-05-13,210,1,Churned
14875,United Kingdom,2,558,1465.32,732.66,2011-03-22,2011-08-24,107,2,At Risk
14878,United Kingdom,9,799,1476.09,164.01,2010-12-16,2011-11-27,12,9,Active
14880,United Kingdom,3,365,690.59,230.20,2011-02-24,2011-09-23,77,3,At Risk
14881,United Kingdom,1,316,255.40,255.40,2011-11-20,2011-11-20,19,1,Active
14882,United Kingdom,2,158,589.70,294.85,2011-11-06,2011-11-13,26,2,Active
14883,United Kingdom,6,790,761.59,126.93,2011-05-12,2011-11-21,18,6,Active
14885,United Kingdom,1,724,765.32,765.32,2011-07-31,2011-07-31,131,1,Churned
14886,United Kingdom,1,160,364.80,364.80,2011-04-01,2011-04-01,252,1,Churned
14887,United Kingdom,1,1100,1862.00,1862.00,2011-09-21,2011-09-21,79,1,At Risk
14888,United Kingdom,1,184,369.20,369.20,2011-05-16,2011-05-16,207,1,Churned
14889,United Kingdom,1,90,135.90,135.90,2011-01-07,2011-01-07,336,1,Churned
14890,United Kingdom,1,51,125.65,125.65,2011-03-31,2011-03-31,253,1,Churned
14891,United Kingdom,2,505,554.38,277.19,2011-06-05,2011-07-14,148,2,Churned
14893,United Kingdom,2,799,1237.85,618.93,2011-11-28,2011-11-30,9,2,Active
14894,United Kingdom,1,265,655.75,655.75,2011-09-15,2011-09-15,85,1,At Risk
14895,United Kingdom,20,4851,11138.71,556.94,2011-02-22,2011-12-02,7,20,Active
14896,United Kingdom,2,279,468.77,234.39,2010-12-09,2011-05-19,204,2,Churned
14897,United Kingdom,4,468,1366.38,341.60,2011-02-16,2011-12-02,7,4,Active
14898,United Kingdom,6,1001,1269.31,211.55,2010-12-03,2011-11-16,23,6,Active
14901,United Kingdom,9,661,1421.29,157.92,2010-12-02,2011-11-28,11,9,Active
14902,United Kingdom,1,218,332.66,332.66,2011-11-14,2011-11-14,25,1,Active
14903,United Kingdom,5,1531,2795.33,559.07,2011-03-06,2011-11-18,21,5,Active
14904,United Kingdom,2,1985,1025.44,512.72,2011-11-14,2011-12-07,2,2,Active
14905,United Kingdom,2,287,616.15,308.08,2011-04-20,2011-07-05,157,2,Churned
14907,United Kingdom,7,1691,3501.10,500.16,2010-12-07,2011-12-06,3,7,Active
14908,United Kingdom,1,132,277.80,277.80,2011-09-26,2011-09-26,74,1,At Risk
14910,United Kingdom,4,238,434.35,108.59,2011-10-16,2011-12-07,2,4,Active
14911,EIRE,201,80240,143711.17,714.98,2010-12-01,2011-12-08,1,201,Active
14912,Italy,2,971,867.85,433.93,2011-04-07,2011-11-23,16,2,Active
14913,United Kingdom,4,1743,1227.43,306.86,2010-12-15,2011-11-04,35,4,Active
14915,United Kingdom,2,112,307.48,153.74,2011-03-07,2011-09-09,91,2,At Risk
14916,United Kingdom,4,1136,1268.98,317.25,2011-01-19,2011-09-30,70,4,At Risk
14918,United Kingdom,2,675,1610.15,805.08,2011-07-08,2011-08-16,115,2,At Risk
14920,United Kingdom,2,509,977.77,488.89,2011-05-11,2011-05-11,212,2,Churned
14921,United Kingdom,2,953,1316.07,658.04,2011-05-22,2011-11-09,30,2,Active
14923,United Kingdom,1,418,749.10,749.10,2011-10-20,2011-10-20,50,1,Active
14924,United Kingdom,1,64,310.05,310.05,2011-04-08,2011-04-08,245,1,Churned
14929,United Kingdom,1,136,223.88,223.88,2011-11-07,2011-11-07,32,1,Active
14930,Channel Islands,3,1160,2362.96,787.65,2011-03-10,2011-08-23,108,3,At Risk
14931,Channel Islands,5,417,1257.68,251.54,2011-04-13,2011-12-05,4,5,Active
14932,Channel Islands,1,80,363.53,363.53,2010-12-09,2010-12-09,365,1,Churned
14934,Channel Islands,2,1042,1890.94,945.47,2011-03-02,2011-09-19,81,2,At Risk
14935,Channel Islands,1,935,1784.71,1784.71,2011-02-15,2011-02-15,297,1,Churned
14936,Channel Islands,8,4085,8137.02,1017.13,2011-03-09,2011-11-06,33,8,Active
14937,Channel Islands,3,484,1621.88,540.63,2011-08-01,2011-10-14,56,3,Active
14944,United Kingdom,12,2815,5900.25,491.69,2011-02-16,2011-11-10,29,12,Active
14946,United Kingdom,1,22,100.90,100.90,2011-11-25,2011-11-25,14,1,Active
14947,United Kingdom,2,179,290.82,145.41,2011-08-01,2011-09-28,72,2,At Risk
14948,United Kingdom,6,673,1101.97,183.66,2011-05-04,2011-11-16,23,6,Active
14950,United Kingdom,1,136,371.20,371.20,2011-11-20,2011-11-20,19,1,Active
14951,United Kingdom,1,311,311.69,311.69,2011-09-21,2011-09-21,79,1,At Risk
14952,United Kingdom,11,3355,8099.49,736.32,2010-12-10,2011-10-11,59,11,Active
14953,United Kingdom,1,224,285.67,285.67,2011-11-14,2011-11-14,25,1,Active
14954,United Kingdom,1,117,294.85,294.85,2011-11-27,2011-11-27,12,1,Active
14957,United Kingdom,1,34,58.49,58.49,2011-03-31,2011-03-31,253,1,Churned
14958,United Kingdom,3,128,483.73,161.24,2011-04-08,2011-07-15,147,3,Churned
14959,United Kingdom,4,494,695.42,173.86,2011-02-16,2011-10-06,64,4,At Risk
14960,United Kingdom,2,221,221.27,110.64,2011-06-21,2011-12-01,8,2,Active
14961,United Kingdom,9,3708,7044.68,782.74,2010-12-14,2011-11-29,10,9,Active
14962,United Kingdom,1,44,126.70,126.70,2011-03-14,2011-03-14,270,1,Churned
14963,United Kingdom,5,1159,1472.34,294.47,2011-06-09,2011-11-30,9,5,Active
14964,United Kingdom,1,143,206.21,206.21,2011-04-06,2011-04-06,247,1,Churned
14965,United Kingdom,2,363,596.09,298.05,2011-09-04,2011-09-04,96,2,At Risk
14966,United Kingdom,1,179,183.02,183.02,2011-11-25,2011-11-25,14,1,Active
14967,United Kingdom,1,140,463.80,463.80,2011-10-21,2011-10-21,49,1,Active
14968,United Kingdom,1,127,147.59,147.59,2011-11-09,2011-11-09,30,1,Active
14970,United Kingdom,4,250,1592.06,398.02,2011-01-27,2011-10-02,68,4,At Risk
14971,United Kingdom,3,639,1097.98,365.99,2011-10-27,2011-11-04,35,3,Active
14972,United Kingdom,1,28,114.77,114.77,2011-08-03,2011-08-03,128,1,Churned
14973,United Kingdom,3,369,1314.45,438.15,2011-04-28,2011-08-24,107,3,At Risk
14974,United Kingdom,1,37,89.94,89.94,2011-11-02,2011-11-02,37,1,Active
14975,United Kingdom,1,380,279.94,279.94,2011-10-13,2011-10-13,57,1,Active
14976,United Kingdom,7,234,790.86,112.98,2011-01-17,2011-10-13,57,7,Active
14978,United Kingdom,5,523,1921.37,384.27,2011-01-13,2011-09-28,72,5,At Risk
14981,United Kingdom,1,97,102.12,102.12,2011-04-07,2011-04-07,246,1,Churned
14984,United Kingdom,2,58,202.37,101.19,2011-06-12,2011-11-20,19,2,Active
14985,United Kingdom,2,256,292.01,146.01,2010-12-16,2011-05-25,198,2,Churned
14987,United Kingdom,2,128,326.40,163.20,2010-12-09,2011-11-24,15,2,Active
14988,United Kingdom,1,141,334.54,334.54,2011-05-12,2011-05-12,211,1,Churned
14995,United Kingdom,2,102,231.98,115.99,2011-03-04,2011-11-01,38,2,Active
14997,United Kingdom,3,1120,546.20,182.07,2011-06-14,2011-10-24,46,3,Active
14998,United Kingdom,2,258,414.87,207.44,2011-04-12,2011-06-22,170,2,Churned
15000,United Kingdom,1,218,490.52,490.52,2011-10-23,2011-10-23,47,1,Active
15002,United Kingdom,4,862,1641.76,410.44,2010-12-07,2011-08-16,115,4,At Risk
15004,United Kingdom,1,623,1220.77,1220.77,2011-07-15,2011-07-15,147,1,Churned
15005,United Kingdom,28,4230,6295.37,224.83,2010-12-08,2011-11-24,15,28,Active
15006,United Kingdom,1,286,480.38,480.38,2011-10-19,2011-10-19,51,1,Active
15007,United Kingdom,1,69,156.91,156.91,2011-07-03,2011-07-03,159,1,Churned
15009,United Kingdom,3,639,1259.43,419.81,2011-11-14,2011-11-27,12,3,Active
15010,United Kingdom,1,184,308.94,308.94,2011-11-04,2011-11-04,35,1,Active
15012,United Kingdom,2,225,405.04,202.52,2010-12-01,2011-10-17,53,2,Active
15014,United Kingdom,2,149,257.67,128.84,2011-06-16,2011-10-27,43,2,Active
15016,United Kingdom,1,76,170.04,170.04,2011-06-20,2011-06-20,172,1,Churned
15017,United Kingdom,1,63,125.58,125.58,2011-11-06,2011-11-06,33,1,Active
15018,United Kingdom,3,189,496.21,165.40,2010-12-07,2011-11-01,38,3,Active
15019,United Kingdom,1,150,252.81,252.81,2011-03-18,2011-03-18,266,1,Churned
15021,United Kingdom,9,819,1871.77,207.97,2010-12-08,2011-12-01,8,9,Active
15022,United Kingdom,4,527,852.39,213.10,2011-10-23,2011-11-28,11,4,Active
15023,United Kingdom,11,2827,6720.41,610.95,2010-12-05,2011-12-06,3,11,Active
15024,United Kingdom,10,902,1636.43,163.64,2010-12-07,2011-11-30,9,10,Active
15025,United Kingdom,1,184,361.96,361.96,2011-11-06,2011-11-06,33,1,Active
15026,United Kingdom,3,285,469.00,156.33,2011-03-07,2011-09-20,80,3,At Risk
15027,United Kingdom,4,565,1066.15,266.54,2011-04-15,2011-11-09,30,4,Active
15028,United Kingdom,4,459,627.13,156.78,2010-12-06,2011-12-01,8,4,Active
15030,United Kingdom,2,372,518.28,259.14,2011-03-16,2011-09-29,71,2,At Risk
15031,United Kingdom,4,400,653.19,163.30,2011-03-02,2011-12-05,4,4,Active
15032,United Kingdom,3,2968,4959.10,1653.03,2010-12-08,2011-03-28,256,3,Churned
15033,United Kingdom,10,1672,2557.18,255.72,2011-01-14,2011-12-05,4,10,Active
15034,United Kingdom,8,2413,4274.16,534.27,2010-12-21,2011-11-24,15,8,Active
15035,United Kingdom,1,245,252.73,252.73,2011-09-11,2011-09-11,89,1,At Risk
15036,United Kingdom,3,316,429.56,143.19,2011-06-13,2011-09-28,72,3,At Risk
15038,United Kingdom,6,212,685.74,114.29,2010-12-05,2011-10-12,58,6,Active
15039,United Kingdom,47,9131,19766.59,420.57,2010-12-06,2011-11-30,9,47,Active
15041,United Kingdom,1,103,179.93,179.93,2011-06-22,2011-06-22,170,1,Churned
15042,United Kingdom,1,30,135.93,135.93,2011-05-24,2011-05-24,199,1,Churned
15043,United Kingdom,1,300,537.00,537.00,2011-11-08,2011-11-08,31,1,Active
15044,United Kingdom,17,2785,7634.73,449.10,2010-12-12,2011-11-20,19,17,Active
15045,United Kingdom,2,114,735.66,367.83,2011-03-27,2011-07-11,151,2,Churned
15046,United Kingdom,15,3372,5090.42,339.36,2011-01-05,2011-11-30,9,15,Active
15047,United Kingdom,1,222,343.62,343.62,2011-03-15,2011-03-15,269,1,Churned
15048,United Kingdom,4,192,381.00,95.25,2010-12-06,2011-10-05,65,4,At Risk
15049,United Kingdom,1,63,121.17,121.17,2011-03-11,2011-03-11,273,1,Churned
15050,United Kingdom,3,1216,1737.69,579.23,2011-09-29,2011-11-14,25,3,Active
15051,United Kingdom,3,1010,1383.36,461.12,2011-07-12,2011-11-16,23,3,Active
15052,United Kingdom,1,79,207.73,207.73,2011-01-24,2011-01-24,319,1,Churned
15053,United Kingdom,3,984,693.95,231.32,2011-03-03,2011-12-05,4,3,Active
15054,United Kingdom,2,198,302.10,151.05,2011-10-30,2011-11-27,12,2,Active
15057,United Kingdom,2,668,1489.50,744.75,2011-01-28,2011-03-09,275,2,Churned
15058,United Kingdom,11,1054,2102.54,191.14,2011-01-31,2011-11-14,25,11,Active
15059,United Kingdom,9,604,1337.72,148.64,2011-01-09,2011-10-30,40,9,Active
15060,United Kingdom,4,257,294.25,73.56,2011-11-30,2011-12-01,8,4,Active
15061,United Kingdom,48,28920,54534.14,1136.13,2010-12-02,2011-12-06,3,48,Active
15062,United Kingdom,4,763,987.86,246.97,2010-12-15,2011-09-29,71,4,At Risk
15063,United Kingdom,1,56,370.80,370.80,2011-05-10,2011-05-10,213,1,Churned
15065,United Kingdom,4,1383,3158.13,789.53,2011-02-21,2011-11-02,37,4,Active
15066,United Kingdom,1,317,893.59,893.59,2011-10-17,2011-10-17,53,1,Active
15067,United Kingdom,3,954,1744.76,581.59,2011-03-02,2011-09-22,78,3,At Risk
15068,United Kingdom,2,364,553.36,276.68,2011-03-28,2011-10-24,46,2,Active
15069,United Kingdom,1,520,1109.53,1109.53,2011-06-13,2011-06-13,179,1,Churned
15070,United Kingdom,1,36,106.20,106.20,2010-12-02,2010-12-02,372,1,Churned
15071,United Kingdom,2,269,982.07,491.04,2011-03-09,2011-09-07,93,2,At Risk
15073,United Kingdom,3,491,1043.41,347.80,2011-06-06,2011-11-30,9,3,Active
15074,United Kingdom,1,431,735.67,735.67,2011-08-26,2011-08-26,105,1,At Risk
15075,United Kingdom,1,447,773.03,773.03,2011-09-23,2011-09-23,77,1,At Risk
15076,United Kingdom,1,571,880.85,880.85,2011-06-20,2011-06-20,172,1,Churned
15078,United Kingdom,32,5105,9743.11,304.47,2010-12-06,2011-12-02,7,32,Active
15079,United Kingdom,4,389,895.61,223.90,2010-12-09,2011-05-11,212,4,Churned
15081,United Kingdom,5,190,504.80,100.96,2010-12-07,2011-11-17,22,5,Active
15083,United Kingdom,1,38,88.20,88.20,2011-03-28,2011-03-28,256,1,Churned
15087,United Kingdom,1,470,306.94,306.94,2011-03-03,2011-03-03,281,1,Churned
15088,United Kingdom,2,460,1160.07,580.04,2011-10-03,2011-11-18,21,2,Active
15089,United Kingdom,6,1359,2420.84,403.47,2011-08-03,2011-11-29,10,6,Active
15090,United Kingdom,1,208,381.32,381.32,2011-02-04,2011-02-04,308,1,Churned
15091,United Kingdom,1,346,480.71,480.71,2011-10-03,2011-10-03,67,1,At Risk
15092,United Kingdom,2,135,457.81,228.91,2011-03-01,2011-05-08,215,2,Churned
15093,United Kingdom,6,3760,4597.02,766.17,2010-12-02,2011-11-21,18,6,Active
15095,United Kingdom,4,1079,1370.60,342.65,2011-05-20,2011-08-28,103,4,At Risk
15096,United Kingdom,1,120,219.39,219.39,2011-10-28,2011-10-28,42,1,Active
15097,United Kingdom,1,170,248.08,248.08,2011-12-05,2011-12-05,4,1,Active
15098,United Kingdom,3,121,39916.50,13305.50,2011-06-10,2011-06-10,182,3,Churned
15099,United Kingdom,1,343,410.48,410.48,2011-09-16,2011-09-16,84,1,At Risk
15100,United Kingdom,3,80,876.00,292.00,2010-12-01,2011-01-10,333,3,Churned
15101,United Kingdom,2,241,317.53,158.77,2010-12-15,2011-12-01,8,2,Active
15103,United Kingdom,2,329,703.36,351.68,2011-09-14,2011-11-08,31,2,Active
15104,United Kingdom,2,635,993.54,496.77,2011-03-02,2011-05-27,196,2,Churned
15105,United Kingdom,7,1211,2298.93,328.42,2011-07-28,2011-11-21,18,7,Active
15106,United Kingdom,5,1181,1422.52,284.50,2011-03-15,2011-11-22,17,5,Active
15107,United Kingdom,6,169,319.50,53.25,2010-12-02,2011-02-01,311,6,Churned
15108,European Community,4,499,1300.25,325.06,2011-04-26,2011-07-21,141,4,Churned
15109,United Kingdom,1,131,484.95,484.95,2011-04-08,2011-04-08,245,1,Churned
15110,United Kingdom,4,246,996.10,249.03,2011-01-25,2011-11-16,23,4,Active
15111,United Kingdom,3,710,1567.48,522.49,2010-12-02,2011-11-10,29,3,Active
15113,United Kingdom,3,2344,3509.43,1169.81,2011-10-16,2011-11-30,9,3,Active
15114,United Kingdom,10,3096,2760.56,276.06,2011-02-11,2011-11-09,30,10,Active
15115,United Kingdom,1,157,340.11,340.11,2011-11-21,2011-11-21,18,1,Active
15116,United Kingdom,4,648,1352.75,338.19,2011-05-19,2011-11-22,17,4,Active
15117,United Kingdom,5,1948,1551.78,310.36,2011-05-08,2011-11-25,14,5,Active
15118,United Kingdom,1,1440,244.80,244.80,2011-07-28,2011-07-28,134,1,Churned
15119,United Kingdom,1,88,266.40,266.40,2011-04-08,2011-04-08,245,1,Churned
15120,United Kingdom,1,296,358.82,358.82,2011-07-29,2011-07-29,133,1,Churned
15121,United Kingdom,2,199,457.72,228.86,2011-02-24,2011-10-20,50,2,Active
15122,United Kingdom,3,800,1633.78,544.59,2011-02-15,2011-08-17,114,3,At Risk
15123,United Kingdom,2,1195,2199.31,1099.66,2011-05-17,2011-12-02,7,2,Active
15124,United Kingdom,2,233,184.19,92.10,2011-06-01,2011-11-17,22,2,Active
15125,United Kingdom,15,6193,11528.48,768.57,2011-03-14,2011-11-14,25,15,Active
15127,United Kingdom,1,251,406.53,406.53,2011-10-05,2011-10-05,65,1,At Risk
15128,United Kingdom,4,1343,1471.00,367.75,2011-05-04,2011-10-10,60,4,Active
15129,United Kingdom,11,1794,3447.40,313.40,2011-02-21,2011-10-20,50,11,Active
15130,United Kingdom,1,197,330.11,330.11,2011-06-23,2011-06-23,169,1,Churned
15132,United Kingdom,5,679,977.93,195.59,2011-03-22,2011-11-21,18,5,Active
15133,United Kingdom,3,680,982.42,327.47,2011-02-11,2011-08-04,127,3,Churned
15134,United Kingdom,8,887,1387.99,173.50,2011-04-13,2011-11-25,14,8,Active
15135,United Kingdom,1,43,139.05,139.05,2011-04-14,2011-04-14,239,1,Churned
15136,United Kingdom,4,776,1286.70,321.68,2011-09-04,2011-12-07,2,4,Active
15139,United Kingdom,2,208,178.96,89.48,2011-01-07,2011-04-14,239,2,Churned
15140,United Kingdom,7,1572,2354.25,336.32,2011-03-20,2011-10-18,52,7,Active
15142,United Kingdom,1,365,498.74,498.74,2011-10-24,2011-10-24,46,1,Active
15143,United Kingdom,1,150,259.45,259.45,2011-04-28,2011-04-28,225,1,Churned
15144,United Kingdom,17,3050,6580.44,387.08,2011-01-31,2011-12-01,8,17,Active
15145,United Kingdom,4,756,1194.73,298.68,2011-04-05,2011-12-05,4,4,Active
15146,United Kingdom,2,1473,1327.16,663.58,2011-02-21,2011-06-28,164,2,Churned
15147,United Kingdom,1,366,623.50,623.50,2011-04-13,2011-04-13,240,1,Churned
15148,United Kingdom,1,187,301.29,301.29,2011-11-29,2011-11-29,10,1,Active
15149,United Kingdom,1,128,520.80,520.80,2011-07-29,2011-07-29,133,1,Churned
15150,United Kingdom,10,3642,5291.33,529.13,2011-03-15,2011-11-22,17,10,Active
15152,United Kingdom,13,2704,4745.69,365.05,2011-06-05,2011-11-30,9,13,Active
15153,United Kingdom,1,198,329.25,329.25,2011-11-08,2011-11-08,31,1,Active
15154,United Kingdom,1,89,254.28,254.28,2011-09-25,2011-09-25,75,1,At Risk
15156,United Kingdom,3,597,961.49,320.50,2011-11-06,2011-12-08,1,3,Active
15157,United Kingdom,3,2392,1936.07,645.36,2010-12-16,2011-12-06,3,3,Active
15158,United Kingdom,1,198,401.40,401.40,2011-10-25,2011-10-25,45,1,Active
15159,United Kingdom,30,11441,18641.01,621.37,2010-12-13,2011-12-08,1,30,Active
15160,United Kingdom,1,84,158.16,158.16,2010-12-17,2010-12-17,357,1,Churned
15163,United Kingdom,2,186,304.47,152.24,2011-05-31,2011-11-21,18,2,Active
15164,United Kingdom,3,351,824.58,274.86,2011-01-04,2011-10-02,68,3,At Risk
15165,United Kingdom,1,160,487.75,487.75,2010-12-01,2010-12-01,373,1,Churned
15167,United Kingdom,1,65,158.80,158.80,2011-01-23,2011-01-23,320,1,Churned
15168,United Kingdom,1,52,106.56,106.56,2011-11-14,2011-11-14,25,1,Active
15171,United Kingdom,1,290,1289.50,1289.50,2011-01-12,2011-01-12,331,1,Churned
15172,United Kingdom,5,1611,1624.05,324.81,2011-04-17,2011-12-01,8,5,Active
15174,United Kingdom,1,145,135.75,135.75,2011-01-21,2011-01-21,322,1,Churned
15175,United Kingdom,1,454,224.14,224.14,2011-09-29,2011-09-29,71,1,At Risk
15178,United Kingdom,1,30,40.50,40.50,2011-03-24,2011-03-24,260,1,Churned
15179,United Kingdom,5,1938,2206.95,441.39,2011-01-24,2011-11-21,18,5,Active
15180,United Kingdom,1,36,87.50,87.50,2010-12-07,2010-12-07,367,1,Churned
15181,United Kingdom,3,544,689.48,229.83,2011-03-15,2011-10-04,66,3,At Risk
15182,United Kingdom,2,253,622.85,311.43,2011-03-16,2011-07-08,154,2,Churned
15184,United Kingdom,2,199,402.20,201.10,2011-06-02,2011-11-10,29,2,Active
15185,United Kingdom,1,666,310.62,310.62,2011-09-30,2011-09-30,70,1,At Risk
15186,United Kingdom,2,215,411.41,205.71,2011-06-24,2011-11-25,14,2,Active
15187,United Kingdom,16,1887,4777.18,298.57,2011-05-11,2011-12-08,1,16,Active
15189,United Kingdom,41,6149,16225.39,395.74,2011-01-11,2011-12-08,1,41,Active
15192,United Kingdom,3,918,1044.32,348.11,2010-12-09,2011-08-12,119,3,At Risk
15193,United Kingdom,1,144,499.32,499.32,2011-10-10,2011-10-10,60,1,Active
15194,United Kingdom,15,5703,7616.53,507.77,2010-12-06,2011-12-06,3,15,Active
15195,United Kingdom,1,1404,3861.00,3861.00,2011-12-07,2011-12-07,2,1,Active
15197,United Kingdom,3,469,1079.61,359.87,2010-12-16,2011-11-29,10,3,Active
15198,United Kingdom,2,120,193.64,96.82,2011-08-07,2011-09-08,92,2,At Risk
15199,United Kingdom,4,396,1268.70,317.18,2011-02-04,2011-10-11,59,4,Active
15201,United Kingdom,5,1210,1236.54,247.31,2011-04-06,2011-09-13,87,5,At Risk
15203,United Kingdom,6,1753,1827.80,304.63,2011-02-01,2011-11-14,25,6,Active
15204,United Kingdom,1,258,316.58,316.58,2010-12-17,2010-12-17,357,1,Churned
15205,United Kingdom,2,378,653.24,326.62,2011-08-04,2011-09-15,85,2,At Risk
15206,United Kingdom,4,162,420.30,105.08,2011-03-09,2011-11-29,10,4,Active
15208,United Kingdom,5,316,870.12,174.02,2010-12-21,2011-12-08,1,5,Active
15210,United Kingdom,1,228,331.18,331.18,2011-04-28,2011-04-28,225,1,Churned
15211,United Kingdom,2,240,894.41,447.21,2010-12-09,2011-10-10,60,2,Active
15212,United Kingdom,1,36,101.80,101.80,2011-04-12,2011-04-12,241,1,Churned
15213,United Kingdom,2,272,328.35,164.18,2011-01-14,2011-01-25,318,2,Churned
15214,United Kingdom,8,1254,1661.44,207.68,2011-04-11,2011-12-08,1,8,Active
15215,United Kingdom,3,225,734.94,244.98,2011-09-04,2011-10-24,46,3,Active
15216,United Kingdom,1,28,96.60,96.60,2011-09-13,2011-09-13,87,1,At Risk
15218,United Kingdom,11,3329,5756.89,523.35,2011-01-25,2011-11-29,10,11,Active
15219,United Kingdom,1,45,305.75,305.75,2011-06-16,2011-06-16,176,1,Churned
15220,United Kingdom,6,1393,1778.96,296.49,2011-03-04,2011-10-19,51,6,Active
15221,United Kingdom,1,43,403.25,403.25,2010-12-08,2010-12-08,366,1,Churned
15222,United Kingdom,1,440,585.00,585.00,2011-01-25,2011-01-25,318,1,Churned
15223,United Kingdom,2,213,755.75,377.88,2011-04-04,2011-04-28,225,2,Churned
15224,United Kingdom,2,152,322.08,161.04,2010-12-12,2010-12-16,358,2,Churned
15225,United Kingdom,1,226,409.40,409.40,2011-04-19,2011-04-19,234,1,Churned
15226,United Kingdom,1,71,154.41,154.41,2011-02-02,2011-02-02,310,1,Churned
15227,United Kingdom,5,750,1219.40,243.88,2011-01-26,2011-11-03,36,5,Active
15228,United Kingdom,4,2255,3386.71,846.68,2011-02-18,2011-10-04,66,4,At Risk
15230,United Kingdom,2,351,429.60,214.80,2011-04-13,2011-04-14,239,2,Churned
15232,United Kingdom,2,686,612.06,306.03,2011-07-22,2011-08-18,113,2,At Risk
15234,United Kingdom,1,196,197.00,197.00,2011-03-08,2011-03-08,276,1,Churned
15235,United Kingdom,12,1324,2247.51,187.29,2010-12-01,2011-05-06,217,12,Churned
15236,United Kingdom,1,269,321.05,321.05,2011-02-14,2011-02-14,298,1,Churned
15237,United Kingdom,4,1071,1412.32,353.08,2011-04-26,2011-12-08,1,4,Active
15238,United Kingdom,3,692,1071.99,357.33,2011-06-08,2011-11-10,29,3,Active
15239,United Kingdom,2,594,780.59,390.30,2011-09-22,2011-11-29,10,2,Active
15240,United Kingdom,5,1369,1706.57,341.31,2011-02-01,2011-10-26,44,5,Active
15241,United Kingdom,8,1818,1756.44,219.56,2011-03-01,2011-10-04,66,8,At Risk
15243,United Kingdom,1,185,316.68,316.68,2011-09-26,2011-09-26,74,1,At Risk
15244,United Kingdom,2,405,631.57,315.79,2011-04-05,2011-10-05,65,2,At Risk
15245,United Kingdom,3,1784,2515.84,838.61,2011-03-23,2011-07-28,134,3,Churned
15246,United Kingdom,2,247,514.15,257.08,2010-12-16,2011-04-15,238,2,Churned
15247,United Kingdom,1,160,356.00,356.00,2011-08-09,2011-08-09,122,1,Churned
15249,United Kingdom,13,3577,6688.46,514.50,2011-03-28,2011-11-08,31,13,Active
15251,United Kingdom,11,6171,10484.99,953.18,2011-04-12,2011-11-30,9,11,Active
15252,United Kingdom,2,522,740.78,370.39,2011-06-09,2011-11-03,36,2,Active
15253,United Kingdom,5,866,918.20,183.64,2011-06-23,2011-11-23,16,5,Active
15254,United Kingdom,1,275,300.36,300.36,2011-08-04,2011-08-04,127,1,Churned
15255,United Kingdom,1,489,890.85,890.85,2011-10-04,2011-10-04,66,1,At Risk
15256,United Kingdom,1,55,98.45,98.45,2011-07-14,2011-07-14,148,1,Churned
15257,United Kingdom,1,46,317.15,317.15,2011-03-01,2011-03-01,283,1,Churned
15258,United Kingdom,2,142,623.16,311.58,2011-05-06,2011-06-24,168,2,Churned
15260,United Kingdom,7,885,1810.77,258.68,2010-12-02,2011-08-31,100,7,At Risk
15261,United Kingdom,1,270,254.82,254.82,2011-07-27,2011-07-27,135,1,Churned
15262,United Kingdom,1,73,178.95,178.95,2011-01-20,2011-01-20,323,1,Churned
15263,United Kingdom,1,89,156.51,156.51,2011-08-25,2011-08-25,106,1,At Risk
15264,United Kingdom,1,265,393.74,393.74,2011-10-06,2011-10-06,64,1,At Risk
15265,United Kingdom,2,612,1506.12,753.06,2011-04-18,2011-07-11,151,2,Churned
15266,United Kingdom,1,18,119.30,119.30,2011-01-05,2011-01-05,338,1,Churned
15267,United Kingdom,5,944,1717.36,343.47,2011-06-10,2011-11-17,22,5,Active
15269,United Kingdom,1,26,408.80,408.80,2011-11-16,2011-11-16,23,1,Active
15270,United Kingdom,7,1521,2379.49,339.93,2011-02-02,2011-11-24,15,7,Active
15271,United Kingdom,15,1251,2493.34,166.22,2010-12-09,2011-12-02,7,15,Active
15272,United Kingdom,2,310,721.94,360.97,2011-09-14,2011-10-13,57,2,Active
15274,United Kingdom,2,619,716.57,358.29,2011-11-21,2011-12-05,4,2,Active
15275,United Kingdom,1,498,615.14,615.14,2011-11-02,2011-11-02,37,1,Active
15276,United Kingdom,1,61,128.63,128.63,2011-10-04,2011-10-04,66,1,At Risk
15277,United Kingdom,1,205,255.90,255.90,2011-10-24,2011-10-24,46,1,Active
15279,United Kingdom,1,189,290.51,290.51,2010-12-20,2010-12-20,354,1,Churned
15280,United Kingdom,1,154,113.12,113.12,2011-06-20,2011-06-20,172,1,Churned
15281,United Kingdom,9,1211,2332.15,259.13,2011-01-10,2011-10-12,58,9,Active
15286,United Kingdom,1,55,240.55,240.55,2011-10-21,2011-10-21,49,1,Active
15287,United Kingdom,2,433,486.69,243.35,2011-09-30,2011-11-17,22,2,Active
15288,United Kingdom,5,775,2306.52,461.30,2010-12-09,2011-10-27,43,5,Active
15289,United Kingdom,3,1008,939.78,313.26,2011-04-04,2011-11-10,29,3,Active
15290,United Kingdom,18,4501,7943.22,441.29,2010-12-15,2011-12-05,4,18,Active
15291,United Kingdom,15,2103,4668.30,311.22,2010-12-01,2011-11-14,25,15,Active
15292,United Kingdom,1,55,178.39,178.39,2011-05-22,2011-05-22,201,1,Churned
15296,United Kingdom,6,1766,3672.86,612.14,2011-01-17,2011-10-20,50,6,Active
15297,United Kingdom,3,292,641.94,213.98,2011-10-07,2011-11-29,10,3,Active
15298,United Kingdom,12,3116,4799.90,399.99,2010-12-08,2011-12-07,2,12,Active
15299,United Kingdom,7,2948,4507.01,643.86,2010-12-02,2011-10-03,67,7,At Risk
15300,United Kingdom,1,292,496.44,496.44,2011-10-06,2011-10-06,64,1,At Risk
15301,United Kingdom,12,2751,5049.95,420.83,2010-12-06,2011-10-20,50,12,Active
15303,United Kingdom,1,248,574.02,574.02,2011-02-22,2011-02-22,290,1,Churned
15304,United Kingdom,8,104,694.40,86.80,2010-12-06,2011-10-10,60,8,Active
15306,United Kingdom,3,810,1174.35,391.45,2011-07-14,2011-10-06,64,3,At Risk
15307,United Kingdom,1,37,205.30,205.30,2011-09-05,2011-09-05,95,1,At Risk
15308,United Kingdom,1,175,310.47,310.47,2011-03-10,2011-03-10,274,1,Churned
15311,United Kingdom,91,38147,60632.75,666.29,2010-12-01,2011-12-09,0,91,Active
15312,United Kingdom,4,516,924.85,231.21,2010-12-20,2011-09-25,75,4,At Risk
15313,United Kingdom,1,25,52.00,52.00,2011-08-21,2011-08-21,110,1,At Risk
15314,United Kingdom,1,313,327.97,327.97,2011-05-24,2011-05-24,199,1,Churned
15315,United Kingdom,2,862,570.50,285.25,2011-08-15,2011-10-06,64,2,At Risk
15316,United Kingdom,1,100,165.00,165.00,2011-01-17,2011-01-17,326,1,Churned
15318,United Kingdom,1,642,312.62,312.62,2011-12-06,2011-12-06,3,1,Active
15319,United Kingdom,1,175,204.50,204.50,2011-03-01,2011-03-01,283,1,Churned
15320,United Kingdom,1,326,267.13,267.13,2011-10-26,2011-10-26,44,1,Active
15321,United Kingdom,3,1181,2748.31,916.10,2011-02-21,2011-09-30,70,3,At Risk
15322,United Kingdom,1,416,679.68,679.68,2011-09-15,2011-09-15,85,1,At Risk
15325,United Kingdom,1,231,161.74,161.74,2011-08-28,2011-08-28,103,1,At Risk
15326,United Kingdom,1,386,311.71,311.71,2011-01-10,2011-01-10,333,1,Churned
15327,United Kingdom,1,116,208.75,208.75,2011-10-18,2011-10-18,52,1,Active
15329,United Kingdom,3,486,1049.70,349.90,2011-06-21,2011-10-31,39,3,Active
15330,United Kingdom,2,1312,714.96,357.48,2011-10-10,2011-11-07,32,2,Active
15332,Lithuania,4,652,1661.06,415.27,2010-12-05,2010-12-08,366,4,Churned
15333,United Kingdom,1,344,1028.56,1028.56,2011-05-15,2011-05-15,208,1,Churned
15334,United Kingdom,3,273,350.82,116.94,2011-06-19,2011-07-06,156,3,Churned
15335,United Kingdom,1,79,170.22,170.22,2011-10-17,2011-10-17,53,1,Active
15339,United Kingdom,2,416,574.07,287.04,2011-01-25,2011-10-04,66,2,At Risk
15341,United Kingdom,1,812,2020.52,2020.52,2011-09-20,2011-09-20,80,1,At Risk
15342,United Kingdom,1,283,406.09,406.09,2011-08-02,2011-08-02,129,1,Churned
15343,United Kingdom,1,84,364.50,364.50,2011-09-13,2011-09-13,87,1,At Risk
15344,United Kingdom,3,116,563.94,187.98,2011-09-26,2011-12-09,0,3,Active
15345,United Kingdom,1,81,393.54,393.54,2011-10-25,2011-10-25,45,1,Active
15346,United Kingdom,1,144,252.42,252.42,2011-01-11,2011-01-11,332,1,Churned
15347,United Kingdom,1,130,201.60,201.60,2010-12-08,2010-12-08,366,1,Churned
15348,United Kingdom,1,84,158.04,158.04,2011-09-28,2011-09-28,72,1,At Risk
15349,United Kingdom,2,321,463.91,231.96,2011-06-05,2011-07-04,158,2,Churned
15350,United Kingdom,1,51,115.65,115.65,2010-12-01,2010-12-01,373,1,Churned
15351,United Kingdom,7,742,1934.66,276.38,2010-12-05,2011-11-27,12,7,Active
15353,United Kingdom,2,341,770.12,385.06,2010-12-07,2011-03-30,254,2,Churned
15355,United Kingdom,2,45,277.05,138.53,2011-10-17,2011-11-10,29,2,Active
15356,United Kingdom,10,1643,2718.03,271.80,2010-12-06,2011-11-08,31,10,Active
15358,United Kingdom,22,7050,8347.20,379.42,2010-12-09,2011-12-05,4,22,Active
15360,United Kingdom,1,223,427.93,427.93,2011-10-31,2011-10-31,39,1,Active
15361,United Kingdom,1,336,418.92,418.92,2010-12-13,2010-12-13,361,1,Churned
15363,United Kingdom,1,144,326.00,326.00,2010-12-02,2010-12-02,372,1,Churned
15364,United Kingdom,2,493,913.19,456.60,2011-03-30,2011-09-05,95,2,At Risk
15365,United Kingdom,7,1084,2314.32,330.62,2011-01-28,2011-11-14,25,7,Active
15366,United Kingdom,2,621,602.51,301.26,2010-12-16,2011-09-25,75,2,At Risk
15367,United Kingdom,4,1057,1877.59,469.40,2011-03-09,2011-10-13,57,4,Active
15368,United Kingdom,1,230,446.94,446.94,2011-11-18,2011-11-18,21,1,Active
15370,United Kingdom,7,830,2386.05,340.86,2011-01-11,2011-10-30,40,7,Active
15372,United Kingdom,1,2924,2007.40,2007.40,2011-07-25,2011-07-25,137,1,Churned
15373,United Kingdom,12,500,2415.91,201.33,2010-12-03,2011-12-01,8,12,Active
15374,United Kingdom,1,126,168.00,168.00,2011-08-03,2011-08-03,128,1,Churned
15376,United Kingdom,3,615,1221.56,407.19,2011-05-01,2011-10-30,40,3,Active
15379,United Kingdom,7,2305,3703.29,529.04,2010-12-16,2011-06-23,169,7,Churned
15380,United Kingdom,5,376,1690.26,338.05,2010-12-09,2011-12-01,8,5,Active
15381,United Kingdom,2,171,596.85,298.43,2011-03-16,2011-05-10,213,2,Churned
15382,United Kingdom,6,4012,5955.71,992.62,2011-02-17,2011-11-25,14,6,Active
15384,United Kingdom,2,596,642.41,321.21,2010-12-15,2011-06-23,169,2,Churned
15385,United Kingdom,1,161,316.88,316.88,2011-10-30,2011-10-30,40,1,Active
15386,United Kingdom,1,446,394.14,394.14,2011-06-06,2011-06-06,186,1,Churned
15388,Canada,1,88,140.54,140.54,2011-03-14,2011-03-14,270,1,Churned
15389,United Kingdom,1,400,500.00,500.00,2011-06-20,2011-06-20,172,1,Churned
15392,United Kingdom,4,1277,1535.53,383.88,2010-12-14,2011-12-05,4,4,Active
15393,United Kingdom,2,150,231.86,115.93,2011-03-03,2011-11-23,16,2,Active
15394,United Kingdom,4,910,2183.54,545.89,2010-12-16,2011-11-30,9,4,Active
15395,United Kingdom,1,17,107.45,107.45,2011-01-18,2011-01-18,325,1,Churned
15396,United Kingdom,1,122,288.18,288.18,2011-08-19,2011-08-19,112,1,At Risk
15397,United Kingdom,1,20,94.00,94.00,2011-02-23,2011-02-23,289,1,Churned
15398,United Kingdom,2,769,1345.53,672.77,2011-09-22,2011-11-23,16,2,Active
15399,United Kingdom,3,611,815.77,271.92,2011-09-21,2011-12-08,1,3,Active
15400,United Kingdom,5,390,716.20,143.24,2011-03-06,2011-09-08,92,5,At Risk
15402,United Kingdom,2,694,626.77,313.39,2011-05-27,2011-07-14,148,2,Churned
15405,United Kingdom,1,193,349.10,349.10,2011-06-03,2011-06-03,189,1,Churned
15406,United Kingdom,2,254,510.71,255.36,2011-02-11,2011-11-08,31,2,Active
15407,United Kingdom,4,552,1046.74,261.69,2011-02-07,2011-11-06,33,4,Active
15408,United Kingdom,1,106,267.18,267.18,2011-03-20,2011-03-20,264,1,Churned
15410,United Kingdom,8,1200,3450.84,431.36,2011-03-23,2011-09-16,84,8,At Risk
15411,United Kingdom,4,529,1348.93,337.23,2011-06-10,2011-11-13,26,4,Active
15412,United Kingdom,1,108,190.53,190.53,2011-06-21,2011-06-21,171,1,Churned
15414,United Kingdom,3,443,774.90,258.30,2011-04-11,2011-11-30,9,3,Active
15415,United Kingdom,1,551,559.61,559.61,2011-01-30,2011-01-30,313,1,Churned
15416,United Kingdom,4,2090,3984.32,996.08,2011-03-02,2011-10-06,64,4,At Risk
15417,United Kingdom,1,284,508.80,508.80,2011-09-15,2011-09-15,85,1,At Risk
15419,United Kingdom,1,230,135.86,135.86,2011-11-15,2011-11-15,24,1,Active
15421,United Kingdom,4,500,950.36,237.59,2011-02-02,2011-10-12,58,4,Active
15422,United Kingdom,2,38,97.70,48.85,2011-01-20,2011-01-20,323,2,Churned
15423,United Kingdom,1,101,43.50,43.50,2011-11-01,2011-11-01,38,1,Active
15424,United Kingdom,2,554,383.34,191.67,2011-03-30,2011-03-30,254,2,Churned
15426,United Kingdom,5,656,1404.07,280.81,2010-12-05,2011-11-20,19,5,Active
15427,United Kingdom,3,967,1430.54,476.85,2011-10-23,2011-11-06,33,3,Active
15428,United Kingdom,1,102,93.78,93.78,2011-11-24,2011-11-24,15,1,Active
15429,United Kingdom,2,380,397.35,198.68,2011-09-25,2011-11-13,26,2,Active
15432,United Kingdom,1,65,171.19,171.19,2011-11-16,2011-11-16,23,1,Active
15433,United Kingdom,2,534,533.30,266.65,2011-03-17,2011-05-10,213,2,Churned
15434,United Kingdom,5,647,1041.48,208.30,2011-05-23,2011-12-01,8,5,Active
15435,United Kingdom,1,54,149.29,149.29,2011-11-17,2011-11-17,22,1,Active
15436,United Kingdom,3,574,1067.75,355.92,2011-04-19,2011-11-27,12,3,Active
15437,United Kingdom,1,79,200.16,200.16,2011-03-22,2011-03-22,262,1,Churned
15438,United Kingdom,1,59,156.58,156.58,2011-07-31,2011-07-31,131,1,Churned
15440,United Kingdom,3,197,383.68,127.89,2011-05-15,2011-10-16,54,3,Active
15442,United Kingdom,1,120,594.00,594.00,2011-04-05,2011-04-05,248,1,Churned
15443,United Kingdom,7,1639,3213.59,459.08,2011-01-23,2011-12-08,1,7,Active
15444,United Kingdom,2,759,1411.21,705.61,2011-10-30,2011-11-30,9,2,Active
15445,United Kingdom,1,58,113.50,113.50,2011-03-20,2011-03-20,264,1,Churned
15447,United Kingdom,1,85,155.17,155.17,2011-01-13,2011-01-13,330,1,Churned
15448,United Kingdom,1,232,494.64,494.64,2011-01-31,2011-01-31,312,1,Churned
15449,United Kingdom,3,812,974.52,324.84,2011-03-23,2011-11-13,26,3,Active
15450,United Kingdom,1,376,429.84,429.84,2011-11-09,2011-11-09,30,1,Active
15452,United Kingdom,3,280,528.48,176.16,2011-03-20,2011-11-10,29,3,Active
15453,United Kingdom,7,837,1371.77,195.97,2011-06-05,2011-12-08,1,7,Active
15454,United Kingdom,1,86,179.10,179.10,2010-12-12,2010-12-12,362,1,Churned
15456,United Kingdom,3,633,434.59,144.86,2010-12-15,2011-03-01,283,3,Churned
15457,United Kingdom,1,132,237.07,237.07,2011-03-22,2011-03-22,262,1,Churned
15458,United Kingdom,1,156,161.64,161.64,2011-11-14,2011-11-14,25,1,Active
15460,United Kingdom,1,107,214.26,214.26,2010-12-20,2010-12-20,354,1,Churned
15462,United Kingdom,3,172,234.60,78.20,2011-06-05,2011-09-06,94,3,At Risk
15463,United Kingdom,1,106,126.14,126.14,2011-11-10,2011-11-10,29,1,Active
15464,United Kingdom,1,348,1044.65,1044.65,2011-01-05,2011-01-05,338,1,Churned
15465,United Kingdom,18,1257,7354.62,408.59,2010-12-05,2011-11-20,19,18,Active
15466,United Kingdom,1,246,334.53,334.53,2011-09-15,2011-09-15,85,1,At Risk
15467,United Kingdom,3,310,524.88,174.96,2011-07-10,2011-11-30,9,3,Active
15468,United Kingdom,2,155,467.51,233.76,2011-10-19,2011-10-19,51,2,Active
15469,United Kingdom,2,153,538.55,269.28,2011-08-11,2011-10-20,50,2,Active
15471,United Kingdom,1,256,454.48,454.48,2011-12-07,2011-12-07,2,1,Active
15472,United Kingdom,1,251,371.56,371.56,2011-08-18,2011-08-18,113,1,At Risk
15473,United Kingdom,7,672,1771.20,253.03,2011-10-10,2011-11-25,14,7,Active
15475,United Kingdom,1,319,454.11,454.11,2011-09-23,2011-09-23,77,1,At Risk
15478,United Kingdom,2,575,1399.92,699.96,2011-10-14,2011-10-30,40,2,Active
15480,Malta,1,303,905.50,905.50,2011-08-15,2011-08-15,116,1,At Risk
15482,United Kingdom,12,5004,10879.76,906.65,2010-12-16,2011-11-24,15,12,Active
15483,United Kingdom,4,291,225.26,56.32,2011-03-18,2011-07-01,161,4,Churned
15484,United Kingdom,4,3150,3590.41,897.60,2011-09-22,2011-12-08,1,4,Active
15485,United Kingdom,3,1281,2564.50,854.83,2010-12-01,2011-11-09,30,3,Active
15488,United Kingdom,1,73,91.32,91.32,2011-09-08,2011-09-08,92,1,At Risk
15489,United Kingdom,3,608,1134.28,378.09,2011-05-12,2011-11-17,22,3,Active
15491,United Kingdom,6,1646,3100.09,516.68,2011-04-18,2011-09-05,95,6,At Risk
15492,United Kingdom,2,483,659.46,329.73,2011-09-26,2011-11-11,28,2,Active
15493,United Kingdom,5,551,1953.41,390.68,2011-03-14,2011-11-07,32,5,Active
15494,United Kingdom,2,1139,1280.58,640.29,2011-08-10,2011-11-18,21,2,Active
15497,United Kingdom,2,624,1262.20,631.10,2011-01-24,2011-11-22,17,2,Active
15498,United Kingdom,27,6105,13316.40,493.20,2010-12-08,2011-12-07,2,27,Active
15500,United Kingdom,4,572,1131.56,282.89,2011-09-19,2011-12-01,8,4,Active
15502,United Kingdom,12,4236,10384.93,865.41,2010-12-05,2011-11-24,15,12,Active
15503,United Kingdom,1,70,141.04,141.04,2010-12-12,2010-12-12,362,1,Churned
15504,United Kingdom,1,33,52.83,52.83,2011-09-19,2011-09-19,81,1,At Risk
15505,United Kingdom,5,2390,3610.96,722.19,2011-07-07,2011-10-18,52,5,Active
15506,United Kingdom,3,842,972.08,324.03,2011-07-24,2011-11-17,22,3,Active
15507,United Kingdom,1,160,475.86,475.86,2011-06-21,2011-06-21,171,1,Churned
15508,United Kingdom,6,440,1000.27,166.71,2011-04-18,2011-06-03,189,6,Churned
15510,United Kingdom,1,2,250.00,250.00,2011-01-13,2011-01-13,330,1,Churned
15511,United Kingdom,5,269,900.53,180.11,2011-09-15,2011-11-28,11,5,Active
15512,United Kingdom,2,68,121.00,60.50,2010-12-15,2011-07-07,155,2,Churned
15513,United Kingdom,19,5709,14758.22,776.75,2010-12-01,2011-11-06,33,19,Active
15514,United Kingdom,11,2098,4023.72,365.79,2010-12-10,2011-11-27,12,11,Active
15516,United Kingdom,3,27,62.43,20.81,2011-10-24,2011-10-26,44,3,Active
15517,United Kingdom,1,293,267.03,267.03,2011-04-20,2011-04-20,233,1,Churned
15518,United Kingdom,8,1263,1921.55,240.19,2011-01-11,2011-10-06,64,8,At Risk
15520,United Kingdom,1,314,343.50,343.50,2011-12-08,2011-12-08,1,1,Active
15521,United Kingdom,8,1836,3000.20,375.03,2011-03-30,2011-10-30,40,8,Active
15522,United Kingdom,2,572,397.99,199.00,2011-09-13,2011-11-07,32,2,Active
15523,United Kingdom,1,132,412.01,412.01,2011-09-16,2011-09-16,84,1,At Risk
15524,United Kingdom,1,4,440.00,440.00,2011-11-15,2011-11-15,24,1,Active
15525,United Kingdom,3,387,734.37,244.79,2010-12-01,2011-12-07,2,3,Active
15526,United Kingdom,2,24,148.44,74.22,2011-11-06,2011-11-06,33,2,Active
15527,United Kingdom,8,991,2428.53,303.57,2010-12-20,2011-11-21,18,8,Active
15528,United Kingdom,1,123,229.33,229.33,2011-03-30,2011-03-30,254,1,Churned
15529,United Kingdom,11,3455,3962.60,360.24,2010-12-08,2011-11-17,22,11,Active
15530,United Kingdom,4,938,1497.31,374.33,2011-04-07,2011-11-18,21,4,Active
15531,United Kingdom,2,1085,1972.39,986.20,2011-11-09,2011-12-01,8,2,Active
15532,United Kingdom,4,515,1564.73,391.18,2010-12-16,2011-11-14,25,4,Active
15533,United Kingdom,3,289,807.57,269.19,2011-09-11,2011-11-20,19,3,Active
15535,United Kingdom,4,135,502.90,125.73,2011-01-16,2011-06-19,173,4,Churned
15537,United Kingdom,1,29,110.92,110.92,2011-06-29,2011-06-29,163,1,Churned
15539,United Kingdom,1,410,538.46,538.46,2011-12-02,2011-12-02,7,1,Active
15540,United Kingdom,1,200,213.30,213.30,2011-11-28,2011-11-28,11,1,Active
15541,United Kingdom,1,49,85.13,85.13,2011-08-17,2011-08-17,114,1,At Risk
15543,United Kingdom,1,86,127.86,127.86,2011-02-24,2011-02-24,288,1,Churned
15544,United Kingdom,9,3109,3546.71,394.08,2010-12-02,2011-11-30,9,9,Active
15545,United Kingdom,2,162,288.97,144.49,2010-12-03,2011-10-16,54,2,Active
15547,United Kingdom,14,3999,4910.60,350.76,2010-12-12,2011-12-02,7,14,Active
15549,United Kingdom,3,694,1681.46,560.49,2011-01-27,2011-09-23,77,3,At Risk
15550,United Kingdom,4,295,575.63,143.91,2011-02-11,2011-12-05,4,4,Active
15551,United Kingdom,1,218,436.06,436.06,2011-11-03,2011-11-03,36,1,Active
15552,United Kingdom,1,60,90.12,90.12,2011-05-06,2011-05-06,217,1,Churned
15553,United Kingdom,1,449,428.93,428.93,2011-10-10,2011-10-10,60,1,Active
15554,United Kingdom,1,74,217.20,217.20,2011-03-07,2011-03-07,277,1,Churned
15555,United Kingdom,16,4427,4794.86,299.68,2010-12-05,2011-11-27,12,16,Active
15556,United Kingdom,1,236,279.77,279.77,2011-11-15,2011-11-15,24,1,Active
15557,United Kingdom,1,213,468.91,468.91,2011-11-11,2011-11-11,28,1,Active
15561,United Kingdom,4,267,800.59,200.15,2011-05-08,2011-11-28,11,4,Active
15562,United Kingdom,1,39,134.55,134.55,2010-12-23,2010-12-23,351,1,Churned
15563,United Kingdom,4,1501,1400.44,350.11,2010-12-16,2011-11-17,22,4,Active
15565,United Kingdom,2,60,173.16,86.58,2011-09-30,2011-10-20,50,2,Active
15567,United Kingdom,1,223,186.01,186.01,2011-11-21,2011-11-21,18,1,Active
15568,United Kingdom,3,461,758.29,252.76,2011-09-27,2011-12-07,2,3,Active
15569,United Kingdom,5,666,1375.71,275.14,2011-01-11,2011-08-28,103,5,At Risk
15570,United Kingdom,12,2063,4148.82,345.74,2010-12-05,2011-12-02,7,12,Active
15571,United Kingdom,4,264,650.43,162.61,2011-09-22,2011-11-28,11,4,Active
15572,United Kingdom,7,1213,2533.42,361.92,2011-03-06,2011-12-05,4,7,Active
15573,United Kingdom,2,355,591.19,295.60,2011-09-15,2011-11-08,31,2,Active
15574,United Kingdom,4,332,675.64,168.91,2010-12-02,2011-06-15,177,4,Churned
15576,United Kingdom,1,394,921.37,921.37,2011-11-02,2011-11-02,37,1,Active
15577,United Kingdom,3,89,258.88,86.29,2011-02-07,2011-07-11,151,3,Churned
15578,United Kingdom,1,52,127.10,127.10,2011-06-30,2011-06-30,162,1,Churned
15579,United Kingdom,2,117,327.60,163.80,2011-01-30,2011-10-02,68,2,At Risk
15581,United Kingdom,13,283,3675.77,282.75,2010-12-08,2011-08-11,120,13,At Risk
15582,United Kingdom,3,453,682.91,227.64,2011-05-03,2011-11-15,24,3,Active
15584,United Kingdom,4,313,720.86,180.22,2011-06-30,2011-11-16,23,4,Active
15585,United Kingdom,1,320,455.30,455.30,2011-06-16,2011-06-16,176,1,Churned
15587,United Kingdom,4,312,913.68,228.42,2010-12-23,2011-10-20,50,4,Active
15589,United Kingdom,3,243,478.53,159.51,2011-02-02,2011-03-29,255,3,Churned
15592,United Kingdom,1,354,388.58,388.58,2011-10-24,2011-10-24,46,1,Active
15593,United Kingdom,1,60,199.80,199.80,2011-09-30,2011-09-30,70,1,At Risk
15594,United Kingdom,5,983,1771.78,354.36,2011-04-19,2011-11-24,15,5,Active
15596,United Kingdom,5,561,1406.59,281.32,2010-12-09,2011-08-31,100,5,At Risk
15597,United Kingdom,1,279,324.57,324.57,2011-11-04,2011-11-04,35,1,Active
15598,United Kingdom,1,160,240.68,240.68,2011-10-17,2011-10-17,53,1,Active
15599,United Kingdom,2,718,761.74,380.87,2011-05-19,2011-11-13,26,2,Active
15601,United Kingdom,14,4983,6776.56,484.04,2010-12-02,2011-11-28,11,14,Active
15602,United Kingdom,9,1137,1297.87,144.21,2010-12-06,2011-12-01,8,9,Active
15603,United Kingdom,1,96,48.48,48.48,2011-09-22,2011-09-22,78,1,At Risk
15604,United Kingdom,1,159,216.39,216.39,2011-10-18,2011-10-18,52,1,Active
15605,United Kingdom,5,441,1198.23,239.65,2010-12-01,2011-11-03,36,5,Active
15606,United Kingdom,9,892,2920.16,324.46,2011-01-19,2011-10-09,61,9,At Risk
15607,United Kingdom,1,202,104.76,104.76,2011-01-07,2011-01-07,336,1,Churned
15608,United Kingdom,4,714,1093.68,273.42,2011-08-11,2011-11-11,28,4,Active
15609,United Kingdom,1,148,298.48,298.48,2011-06-08,2011-06-08,184,1,Churned
15610,United Kingdom,1,66,112.46,112.46,2011-10-19,2011-10-19,51,1,Active
15611,United Kingdom,13,504,1591.45,122.42,2011-01-09,2011-11-30,9,13,Active
15612,United Kingdom,2,52,195.15,97.58,2011-10-09,2011-11-03,36,2,Active
15615,United Kingdom,23,5508,10399.74,452.16,2010-12-15,2011-11-29,10,23,Active
15618,United Kingdom,4,454,776.85,194.21,2011-07-26,2011-11-07,32,4,Active
15619,United Kingdom,1,136,336.40,336.40,2011-11-29,2011-11-29,10,1,Active
15620,United Kingdom,3,915,1553.18,517.73,2010-12-16,2011-10-14,56,3,Active
15621,United Kingdom,4,501,1293.03,323.26,2011-11-18,2011-12-05,4,4,Active
15622,United Kingdom,9,1674,3709.56,412.17,2011-03-02,2011-10-27,43,9,Active
15623,United Kingdom,1,125,301.03,301.03,2011-07-21,2011-07-21,141,1,Churned
15624,United Kingdom,4,357,588.13,147.03,2011-03-28,2011-08-15,116,4,At Risk
15625,United Kingdom,4,1188,1534.26,383.57,2011-04-18,2011-08-28,103,4,At Risk
15626,United Kingdom,2,766,675.80,337.90,2011-01-14,2011-09-26,74,2,At Risk
15628,United Kingdom,9,1894,2870.24,318.92,2010-12-08,2011-12-05,4,9,Active
15630,United Kingdom,2,800,1186.35,593.18,2011-05-19,2011-10-25,45,2,Active
15632,United Kingdom,8,2109,3285.31,410.66,2011-03-10,2011-11-24,15,8,Active
15634,United Kingdom,1,99,243.55,243.55,2011-11-22,2011-11-22,17,1,Active
15636,United Kingdom,2,284,724.76,362.38,2011-03-02,2011-09-11,89,2,At Risk
15637,United Kingdom,1,128,223.36,223.36,2011-10-18,2011-10-18,52,1,Active
15639,United Kingdom,1,323,425.32,425.32,2011-07-28,2011-07-28,134,1,Churned
15640,United Kingdom,15,6572,12416.11,827.74,2010-12-02,2011-12-05,4,15,Active
15641,United Kingdom,4,1562,1887.20,471.80,2010-12-15,2011-08-26,105,4,At Risk
15643,United Kingdom,3,246,664.00,221.33,2011-03-02,2011-06-01,191,3,Churned
15644,United Kingdom,4,550,803.54,200.89,2011-03-23,2011-06-26,166,4,Churned
15645,United Kingdom,1,256,612.01,612.01,2011-11-21,2011-11-21,18,1,Active
15646,United Kingdom,3,394,447.64,149.21,2010-12-02,2011-07-05,157,3,Churned
15648,United Kingdom,2,218,639.50,319.75,2011-03-17,2011-05-19,204,2,Churned
15649,United Kingdom,2,192,816.00,408.00,2010-12-07,2011-01-07,336,2,Churned
15651,United Kingdom,3,479,646.30,215.43,2011-03-24,2011-11-03,36,3,Active
15652,United Kingdom,1,208,337.74,337.74,2011-09-09,2011-09-09,91,1,At Risk
15653,United Kingdom,2,1200,877.44,438.72,2011-08-16,2011-09-08,92,2,At Risk
15654,United Kingdom,2,475,922.53,461.27,2011-11-13,2011-11-30,9,2,Active
15655,United Kingdom,1,324,560.67,560.67,2011-04-10,2011-04-10,243,1,Churned
15656,United Kingdom,4,343,748.50,187.13,2011-02-28,2011-10-25,45,4,Active
15657,United Kingdom,1,24,30.00,30.00,2011-11-17,2011-11-17,22,1,Active
15658,United Kingdom,5,242,1024.10,204.82,2010-12-02,2011-06-02,190,5,Churned
15659,United Kingdom,1,111,306.45,306.45,2011-10-27,2011-10-27,43,1,Active
15660,United Kingdom,9,1050,1600.86,177.87,2010-12-09,2011-11-14,25,9,Active
15661,United Kingdom,2,236,309.80,154.90,2011-01-05,2011-01-26,317,2,Churned
15663,United Kingdom,1,106,138.14,138.14,2011-08-25,2011-08-25,106,1,At Risk
15664,United Kingdom,1,157,386.43,386.43,2011-10-20,2011-10-20,50,1,Active
15665,United Kingdom,2,1654,2222.21,1111.11,2011-04-10,2011-06-24,168,2,Churned
15667,United Kingdom,1,240,301.32,301.32,2011-10-31,2011-10-31,39,1,Active
15668,United Kingdom,1,72,76.32,76.32,2011-05-06,2011-05-06,217,1,Churned
15669,United Kingdom,4,342,684.34,171.09,2011-03-21,2011-10-30,40,4,Active
15670,United Kingdom,1,91,173.05,173.05,2011-02-16,2011-02-16,296,1,Churned
15671,United Kingdom,7,1699,2657.13,379.59,2011-03-14,2011-11-21,18,7,Active
15673,United Kingdom,4,1451,2726.23,681.56,2011-01-16,2011-09-12,88,4,At Risk
15674,United Kingdom,5,1275,2446.60,489.32,2011-03-30,2011-09-27,73,5,At Risk
15675,United Kingdom,3,527,323.69,107.90,2011-03-04,2011-09-19,81,3,At Risk
15676,United Kingdom,3,2252,3435.76,1145.25,2011-03-01,2011-11-21,18,3,Active
15677,United Kingdom,1,319,657.23,657.23,2011-10-21,2011-10-21,49,1,Active
15678,United Kingdom,1,184,352.70,352.70,2011-10-18,2011-10-18,52,1,Active
15679,United Kingdom,4,1170,781.28,195.32,2011-06-10,2011-11-15,24,4,Active
15680,United Kingdom,3,952,1333.68,444.56,2010-12-08,2011-11-30,9,3,Active
15681,United Kingdom,5,816,1426.16,285.23,2011-03-04,2011-11-14,25,5,Active
15683,United Kingdom,1,131,193.75,193.75,2011-08-14,2011-08-14,117,1,At Risk
15687,United Kingdom,9,1310,2993.10,332.57,2011-01-13,2011-12-01,8,9,Active
15689,United Kingdom,2,84,254.10,127.05,2010-12-13,2011-08-12,119,2,At Risk
15690,United Kingdom,2,408,239.76,119.88,2011-08-31,2011-12-05,4,2,Active
15691,United Kingdom,1,72,136.80,136.80,2011-04-01,2011-04-01,252,1,Churned
15692,United Kingdom,1,138,191.04,191.04,2011-11-11,2011-11-11,28,1,Active
15694,United Kingdom,14,1677,6479.40,462.81,2010-12-02,2011-12-09,0,14,Active
15695,United Kingdom,2,212,409.98,204.99,2011-03-18,2011-03-18,266,2,Churned
15696,United Kingdom,8,1015,2711.11,338.89,2011-01-17,2011-11-06,33,8,Active
15699,United Kingdom,1,113,309.65,309.65,2011-11-22,2011-11-22,17,1,Active
15700,United Kingdom,2,357,696.68,348.34,2011-06-19,2011-06-20,172,2,Churned
15701,United Kingdom,4,912,1529.00,382.25,2011-08-21,2011-12-07,2,4,Active
15703,United Kingdom,1,66,211.50,211.50,2011-03-20,2011-03-20,264,1,Churned
15704,United Kingdom,4,1028,2293.62,573.41,2011-05-08,2011-07-22,140,4,Churned
15705,United Kingdom,1,62,143.10,143.10,2011-05-22,2011-05-22,201,1,Churned
15706,United Kingdom,4,321,1060.56,265.14,2011-08-15,2011-10-07,63,4,At Risk
15707,United Kingdom,4,594,916.98,229.25,2011-09-14,2011-11-04,35,4,Active
15708,United Kingdom,7,1217,3235.25,462.18,2010-12-05,2011-10-30,40,7,Active
15709,United Kingdom,1,121,133.25,133.25,2011-03-01,2011-03-01,283,1,Churned
15712,United Kingdom,5,486,1072.36,214.47,2011-02-25,2011-11-30,9,5,Active
15713,United Kingdom,2,150,356.70,178.35,2010-12-08,2011-07-19,143,2,Churned
15714,United Kingdom,2,186,330.03,165.02,2011-09-23,2011-11-28,11,2,Active
15716,United Kingdom,4,738,1101.11,275.28,2010-12-05,2011-07-17,145,4,Churned
15717,United Kingdom,1,70,150.30,150.30,2011-04-19,2011-04-19,234,1,Churned
15719,United Kingdom,13,2718,5030.07,386.93,2011-01-06,2011-11-07,32,13,Active
15720,United Kingdom,1,281,598.73,598.73,2011-11-15,2011-11-15,24,1,Active
15721,United Kingdom,1,388,471.40,471.40,2011-11-28,2011-11-28,11,1,Active
15722,United Kingdom,5,1023,2211.21,442.24,2011-02-22,2011-11-04,35,5,Active
15723,United Kingdom,1,73,190.70,190.70,2010-12-10,2010-12-10,364,1,Churned
15724,United Kingdom,2,73,218.25,109.13,2011-02-28,2011-05-22,201,2,Churned
15725,United Kingdom,1,221,415.25,415.25,2011-11-24,2011-11-24,15,1,Active
15727,United Kingdom,7,3063,5159.06,737.01,2010-12-15,2011-11-23,16,7,Active
15729,United Kingdom,1,28,85.00,85.00,2011-05-11,2011-05-11,212,1,Churned
15730,United Kingdom,3,689,1120.88,373.63,2011-05-17,2011-10-05,65,3,At Risk
15732,United Kingdom,2,215,294.12,147.06,2010-12-02,2011-05-11,212,2,Churned
15733,United Kingdom,1,62,162.30,162.30,2011-03-02,2011-03-02,282,1,Churned
15734,United Kingdom,2,346,1339.45,669.73,2011-05-23,2011-08-17,114,2,At Risk
15737,United Kingdom,8,597,1188.12,148.52,2011-04-11,2011-11-25,14,8,Active
15738,United Kingdom,16,2982,4812.42,300.78,2010-12-02,2011-11-21,18,16,Active
15739,United Kingdom,1,472,449.12,449.12,2011-10-04,2011-10-04,66,1,At Risk
15740,United Kingdom,1,152,154.88,154.88,2011-10-21,2011-10-21,49,1,Active
15743,United Kingdom,4,214,775.96,193.99,2011-06-08,2011-11-23,16,4,Active
15744,United Kingdom,1,120,34.80,34.80,2011-09-23,2011-09-23,77,1,At Risk
15745,United Kingdom,4,421,1094.59,273.65,2011-04-17,2011-11-20,19,4,Active
15746,United Kingdom,1,178,196.88,196.88,2011-07-28,2011-07-28,134,1,Churned
15747,United Kingdom,3,466,946.64,315.55,2011-06-20,2011-11-27,12,3,Active
15748,United Kingdom,1,50,144.36,144.36,2011-10-30,2011-10-30,40,1,Active
15749,United Kingdom,3,18028,44534.30,14844.77,2011-01-11,2011-04-18,235,3,Churned
15750,United Kingdom,8,1783,2463.05,307.88,2010-12-08,2011-12-07,2,8,Active
15752,United Kingdom,7,1960,2626.60,375.23,2010-12-02,2011-10-31,39,7,Active
15753,United Kingdom,1,144,79.20,79.20,2011-02-08,2011-02-08,304,1,Churned
15754,United Kingdom,3,199,458.57,152.86,2011-04-07,2011-10-19,51,3,Active
15755,United Kingdom,6,1427,2364.25,394.04,2011-02-18,2011-11-29,10,6,Active
15756,United Kingdom,4,241,528.01,132.00,2011-04-04,2011-10-09,61,4,At Risk
15757,United Kingdom,2,491,714.42,357.21,2011-05-06,2011-10-05,65,2,At Risk
15758,United Kingdom,1,47,205.25,205.25,2011-11-15,2011-11-15,24,1,Active
15759,United Kingdom,3,60,253.04,84.35,2010-12-16,2011-05-05,218,3,Churned
15762,United Kingdom,2,251,583.75,291.88,2011-09-23,2011-10-05,65,2,At Risk
15763,United Kingdom,2,271,1086.92,543.46,2011-09-23,2011-11-08,31,2,Active
15764,United Kingdom,6,2050,3279.97,546.66,2011-03-08,2011-09-12,88,6,At Risk
15766,United Kingdom,1,170,315.06,315.06,2011-10-06,2011-10-06,64,1,At Risk
15768,United Kingdom,3,244,621.83,207.28,2011-04-28,2011-08-16,115,3,At Risk
15769,United Kingdom,26,29672,56252.72,2163.57,2010-12-03,2011-12-02,7,26,Active
15773,United Kingdom,1,311,635.68,635.68,2011-12-04,2011-12-04,5,1,Active
15774,United Kingdom,1,87,270.80,270.80,2011-10-02,2011-10-02,68,1,At Risk
15775,United Kingdom,1,68,104.90,104.90,2011-04-08,2011-04-08,245,1,Churned
15776,United Kingdom,1,138,241.62,241.62,2011-07-29,2011-07-29,133,1,Churned
15777,United Kingdom,4,378,1047.11,261.78,2010-12-13,2011-04-12,241,4,Churned
15780,United Kingdom,3,220,475.28,158.43,2010-12-17,2011-06-09,183,3,Churned
15781,United Kingdom,3,180,345.46,115.15,2011-02-07,2011-11-14,25,3,Active
15782,United Kingdom,3,864,2614.74,871.58,2011-09-11,2011-11-30,9,3,Active
15783,United Kingdom,1,212,246.30,246.30,2011-11-29,2011-11-29,10,1,Active
15785,United Kingdom,5,1612,2328.97,465.79,2011-02-17,2011-11-07,32,5,Active
15786,United Kingdom,3,3340,4919.00,1639.67,2011-08-17,2011-10-24,46,3,Active
15787,United Kingdom,3,534,933.26,311.09,2011-10-09,2011-11-13,26,3,Active
15789,United Kingdom,1,438,351.30,351.30,2010-12-16,2010-12-16,358,1,Churned
15790,United Kingdom,1,113,218.75,218.75,2011-11-29,2011-11-29,10,1,Active
15791,United Kingdom,2,731,1612.69,806.35,2011-05-19,2011-10-27,43,2,Active
15793,United Kingdom,3,553,965.61,321.87,2011-03-16,2011-11-25,14,3,Active
15795,United Kingdom,1,581,610.01,610.01,2011-07-13,2011-07-13,149,1,Churned
15796,United Kingdom,8,860,2708.61,338.58,2011-02-10,2011-12-08,1,8,Active
15797,United Kingdom,4,873,2207.40,551.85,2011-01-24,2011-08-18,113,4,At Risk
15799,United Kingdom,3,955,884.14,294.71,2011-01-09,2011-09-25,75,3,At Risk
15800,United Kingdom,2,332,696.89,348.45,2011-04-07,2011-08-24,107,2,At Risk
15801,United Kingdom,3,570,1063.95,354.65,2011-08-22,2011-10-24,46,3,Active
15802,United Kingdom,1,1,451.42,451.42,2011-07-20,2011-07-20,142,1,Churned
15803,United Kingdom,1,290,415.82,415.82,2011-10-19,2011-10-19,51,1,Active
15804,United Kingdom,13,2565,4206.39,323.57,2011-05-25,2011-12-09,0,13,Active
15805,United Kingdom,17,3367,5488.18,322.83,2010-12-10,2011-11-16,23,17,Active
15806,United Kingdom,3,602,784.58,261.53,2011-03-08,2011-10-24,46,3,Active
15807,United Kingdom,3,430,903.90,301.30,2011-09-23,2011-10-20,50,3,Active
15808,United Kingdom,4,1305,3651.27,912.82,2010-12-05,2011-02-06,306,4,Churned
15809,United Kingdom,5,301,515.77,103.15,2011-02-10,2011-11-03,36,5,Active
15810,United Kingdom,4,861,1391.98,348.00,2011-02-16,2011-09-22,78,4,At Risk
15811,United Kingdom,6,1071,2218.62,369.77,2010-12-09,2011-11-17,22,6,Active
15812,United Kingdom,5,922,1801.14,360.23,2011-01-26,2011-08-24,107,5,At Risk
15813,United Kingdom,2,603,1303.91,651.96,2011-04-14,2011-05-16,207,2,Churned
15814,United Kingdom,4,1271,1945.33,486.33,2011-10-20,2011-11-23,16,4,Active
15815,United Kingdom,5,1856,2100.60,420.12,2011-03-25,2011-10-07,63,5,At Risk
15819,United Kingdom,4,1357,1905.45,476.36,2011-03-08,2011-10-21,49,4,Active
15820,United Kingdom,1,128,206.98,206.98,2011-01-24,2011-01-24,319,1,Churned
15821,United Kingdom,2,202,570.96,285.48,2011-10-09,2011-10-26,44,2,Active
15822,United Kingdom,2,375,885.47,442.74,2010-12-15,2011-12-06,3,2,Active
15823,United Kingdom,1,1,15.00,15.00,2010-12-02,2010-12-02,372,1,Churned
15825,United Kingdom,1,220,532.94,532.94,2011-06-20,2011-06-20,172,1,Churned
15826,United Kingdom,3,963,1654.31,551.44,2011-05-13,2011-10-14,56,3,Active
15827,United Kingdom,14,882,1836.09,131.15,2010-12-02,2011-09-27,73,14,At Risk
15829,United Kingdom,2,996,636.14,318.07,2011-07-22,2011-09-01,99,2,At Risk
15830,United Kingdom,1,415,576.00,576.00,2011-11-02,2011-11-02,37,1,Active
15831,United Kingdom,3,1092,794.64,264.88,2011-01-19,2011-10-12,58,3,Active
15832,United Kingdom,1,465,836.79,836.79,2011-03-30,2011-03-30,254,1,Churned
15834,United Kingdom,4,961,2225.15,556.29,2011-03-07,2011-09-30,70,4,At Risk
15835,United Kingdom,4,439,954.09,238.52,2011-01-13,2011-10-26,44,4,Active
15836,United Kingdom,1,26,137.37,137.37,2011-10-20,2011-10-20,50,1,Active
15837,United Kingdom,1,189,391.98,391.98,2011-10-06,2011-10-06,64,1,At Risk
15838,United Kingdom,19,18368,33643.08,1770.69,2010-12-07,2011-11-28,11,19,Active
15839,United Kingdom,3,675,1048.49,349.50,2011-07-14,2011-11-06,33,3,Active
15840,United Kingdom,2,396,355.56,177.78,2011-06-20,2011-10-12,58,2,Active
15841,United Kingdom,4,942,1224.06,306.02,2011-01-05,2011-09-28,72,4,At Risk
15843,United Kingdom,1,27,118.95,118.95,2011-02-09,2011-02-09,303,1,Churned
15844,United Kingdom,1,134,130.74,130.74,2011-10-24,2011-10-24,46,1,Active
15845,United Kingdom,8,1926,3711.77,463.97,2011-01-06,2011-11-22,17,8,Active
15847,United Kingdom,2,449,389.27,194.64,2011-02-24,2011-11-01,38,2,Active
15850,United Kingdom,2,298,234.88,117.44,2011-06-24,2011-11-20,19,2,Active
15852,United Kingdom,2,48,160.71,80.36,2011-05-26,2011-06-06,186,2,Churned
15853,United Kingdom,1,135,110.80,110.80,2011-10-19,2011-10-19,51,1,Active
15854,United Kingdom,12,926,2969.12,247.43,2010-12-13,2011-12-05,4,12,Active
15855,United Kingdom,5,470,712.24,142.45,2011-03-21,2011-07-26,136,5,Churned
15856,United Kingdom,27,10866,16143.64,597.91,2010-12-09,2011-12-05,4,27,Active
15857,United Kingdom,1,308,297.00,297.00,2011-11-21,2011-11-21,18,1,Active
15858,United Kingdom,5,1163,1427.57,285.51,2010-12-07,2011-11-24,15,5,Active
15860,United Kingdom,8,437,965.16,120.65,2010-12-06,2011-10-30,40,8,Active
15861,United Kingdom,8,2528,3146.92,393.37,2011-03-17,2011-11-27,12,8,Active
15862,United Kingdom,4,585,832.88,208.22,2010-12-01,2011-12-01,8,4,Active
15863,United Kingdom,2,19,68.84,34.42,2011-05-31,2011-11-14,25,2,Active
15864,United Kingdom,6,1192,1936.32,322.72,2011-01-27,2011-11-17,22,6,Active
15865,United Kingdom,3,368,895.13,298.38,2011-05-10,2011-10-30,40,3,Active
15866,United Kingdom,1,124,211.89,211.89,2011-08-30,2011-08-30,101,1,At Risk
15867,United Kingdom,15,2052,3810.14,254.01,2010-12-05,2011-12-04,5,15,Active
15869,United Kingdom,2,175,149.64,74.82,2011-03-07,2011-03-07,277,2,Churned
15870,United Kingdom,1,333,351.44,351.44,2011-11-07,2011-11-07,32,1,Active
15872,United Kingdom,2,187,316.25,158.13,2011-11-25,2011-11-25,14,2,Active
15874,United Kingdom,7,2534,4405.88,629.41,2011-02-28,2011-10-07,63,7,At Risk
15877,United Kingdom,2,368,490.33,245.17,2011-11-22,2011-12-08,1,2,Active
15880,United Kingdom,1,202,329.03,329.03,2010-12-05,2010-12-05,369,1,Churned
15881,United Kingdom,5,260,501.39,100.28,2010-12-10,2011-01-31,312,5,Churned
15882,United Kingdom,4,276,516.36,129.09,2010-12-06,2011-05-25,198,4,Churned
15883,United Kingdom,2,223,396.48,198.24,2011-11-06,2011-12-07,2,2,Active
15885,United Kingdom,3,111,379.35,126.45,2011-02-03,2011-09-08,92,3,At Risk
15886,United Kingdom,1,147,181.09,181.09,2011-10-10,2011-10-10,60,1,Active
15888,United Kingdom,1,76,168.31,168.31,2011-09-20,2011-09-20,80,1,At Risk
15889,United Kingdom,2,206,420.07,210.04,2010-12-05,2011-07-06,156,2,Churned
15891,United Kingdom,1,418,511.68,511.68,2011-04-27,2011-04-27,226,1,Churned
15894,United Kingdom,2,164,258.25,129.13,2010-12-05,2011-03-31,253,2,Churned
15895,United Kingdom,1,94,179.17,179.17,2011-07-13,2011-07-13,149,1,Churned
15897,United Kingdom,2,223,208.59,104.30,2011-05-29,2011-05-29,194,2,Churned
15898,United Kingdom,5,567,1383.83,276.77,2010-12-06,2011-12-08,1,5,Active
15899,United Kingdom,1,39,56.25,56.25,2010-12-06,2010-12-06,368,1,Churned
15900,United Kingdom,1,216,337.28,337.28,2011-11-16,2011-11-16,23,1,Active
15901,United Kingdom,3,379,351.73,117.24,2011-07-08,2011-11-23,16,3,Active
15903,United Kingdom,7,2410,5126.76,732.39,2011-02-17,2011-11-30,9,7,Active
15904,United Kingdom,1,84,164.68,164.68,2011-12-01,2011-12-01,8,1,Active
15906,United Kingdom,7,544,1567.69,223.96,2011-03-29,2011-11-20,19,7,Active
15907,United Kingdom,3,478,882.72,294.24,2011-05-13,2011-12-06,3,3,Active
15909,United Kingdom,1,98,191.94,191.94,2011-06-19,2011-06-19,173,1,Churned
15910,United Kingdom,8,1013,1228.88,153.61,2011-01-27,2011-12-09,0,8,Active
15912,United Kingdom,2,185,264.62,132.31,2011-04-20,2011-06-14,178,2,Churned
15916,United Kingdom,8,752,1502.86,187.86,2010-12-08,2011-11-23,16,8,Active
15917,United Kingdom,1,42,123.10,123.10,2011-04-06,2011-04-06,247,1,Churned
15918,United Kingdom,2,153,334.23,167.12,2011-03-13,2011-06-02,190,2,Churned
15919,United Kingdom,2,385,525.69,262.85,2010-12-06,2011-11-20,19,2,Active
15920,United Kingdom,4,99,167.50,41.88,2011-07-08,2011-07-08,154,4,Churned
15921,United Kingdom,1,162,323.03,323.03,2011-06-20,2011-06-20,172,1,Churned
15922,United Kingdom,1,138,369.50,369.50,2010-12-01,2010-12-01,373,1,Churned
15923,United Kingdom,1,122,127.08,127.08,2010-12-02,2010-12-02,372,1,Churned
15925,United Kingdom,1,93,207.15,207.15,2011-05-29,2011-05-29,194,1,Churned
15930,United Kingdom,1,139,426.63,426.63,2011-10-03,2011-10-03,67,1,At Risk
15932,United Kingdom,8,2325,2495.87,311.98,2011-02-23,2011-12-05,4,8,Active
15933,United Kingdom,3,885,1107.46,369.15,2011-09-14,2011-11-18,21,3,Active
15935,United Kingdom,2,115,416.86,208.43,2011-04-12,2011-04-14,239,2,Churned
15937,United Kingdom,1,73,145.35,145.35,2011-10-06,2011-10-06,64,1,At Risk
15938,United Kingdom,5,240,404.58,80.92,2011-01-20,2011-08-19,112,5,At Risk
15939,United Kingdom,15,4728,6115.01,407.67,2011-01-12,2011-09-11,89,15,At Risk
15940,United Kingdom,1,4,35.80,35.80,2011-02-01,2011-02-01,311,1,Churned
15942,United Kingdom,1,232,337.44,337.44,2011-07-29,2011-07-29,133,1,Churned
15944,United Kingdom,1,50,325.10,325.10,2011-03-08,2011-03-08,276,1,Churned
15945,United Kingdom,1,52,181.00,181.00,2010-12-09,2010-12-09,365,1,Churned
15947,United Kingdom,1,898,1708.24,1708.24,2011-09-18,2011-09-18,82,1,At Risk
15948,United Kingdom,2,567,955.24,477.62,2011-10-27,2011-12-01,8,2,Active
15949,United Kingdom,2,284,364.72,182.36,2011-09-29,2011-11-23,16,2,Active
15950,United Kingdom,4,719,1744.71,436.18,2010-12-15,2011-11-08,31,4,Active
15951,United Kingdom,2,313,708.22,354.11,2011-02-27,2011-12-01,8,2,Active
15952,United Kingdom,4,391,781.91,195.48,2011-04-28,2011-11-06,33,4,Active
15953,United Kingdom,8,891,1657.28,207.16,2010-12-05,2011-11-24,15,8,Active
15955,United Kingdom,14,2135,4416.26,315.45,2010-12-02,2011-11-15,24,14,Active
15957,United Kingdom,1,211,428.89,428.89,2011-11-08,2011-11-08,31,1,Active
15958,United Kingdom,1,33,104.35,104.35,2011-09-26,2011-09-26,74,1,At Risk
15963,United Kingdom,2,298,470.76,235.38,2011-10-25,2011-11-20,19,2,Active
15965,United Kingdom,4,434,808.87,202.22,2010-12-07,2011-11-22,17,4,Active
15967,United Kingdom,2,205,397.68,198.84,2011-01-25,2011-11-16,23,2,Active
15969,United Kingdom,3,124,666.10,222.03,2011-06-07,2011-12-07,2,3,Active
15970,United Kingdom,1,116,314.10,314.10,2011-02-09,2011-02-09,303,1,Churned
15971,United Kingdom,12,1717,4199.85,349.99,2011-02-01,2011-11-22,17,12,Active
15973,United Kingdom,1,106,307.82,307.82,2010-12-08,2010-12-08,366,1,Churned
15974,United Kingdom,7,2262,3442.15,491.74,2011-02-24,2011-10-31,39,7,Active
15975,United Kingdom,1,243,371.01,371.01,2011-09-16,2011-09-16,84,1,At Risk
15976,United Kingdom,2,275,427.64,213.82,2011-05-03,2011-06-27,165,2,Churned
15977,United Kingdom,2,1016,1054.73,527.37,2011-10-31,2011-11-22,17,2,Active
15978,United Kingdom,1,888,1098.78,1098.78,2011-09-23,2011-09-23,77,1,At Risk
15980,United Kingdom,3,1560,2398.86,799.62,2011-03-30,2011-09-12,88,3,At Risk
15981,United Kingdom,8,1866,3408.48,426.06,2011-02-01,2011-11-15,24,8,Active
15983,United Kingdom,4,886,1465.12,366.28,2010-12-01,2011-11-17,22,4,Active
15984,United Kingdom,10,1815,2780.63,278.06,2010-12-06,2011-12-07,2,10,Active
15985,United Kingdom,2,1086,1142.42,571.21,2011-04-17,2011-08-08,123,2,Churned
15986,United Kingdom,1,268,168.12,168.12,2011-11-09,2011-11-09,30,1,Active
15987,United Kingdom,7,1533,1432.77,204.68,2010-12-06,2011-11-27,12,7,Active
15988,United Kingdom,1,180,156.78,156.78,2011-11-20,2011-11-20,19,1,Active
15990,United Kingdom,2,443,792.11,396.06,2011-02-25,2011-10-26,44,2,Active
15992,United Kingdom,1,17,41.99,41.99,2011-12-06,2011-12-06,3,1,Active
15993,United Kingdom,7,2037,2777.67,396.81,2011-10-26,2011-12-01,8,7,Active
15994,United Kingdom,1,173,414.27,414.27,2011-10-16,2011-10-16,54,1,Active
15996,United Kingdom,6,380,1032.58,172.10,2010-12-08,2011-09-12,88,6,At Risk
15998,United Kingdom,5,2032,3080.22,616.04,2010-12-12,2011-11-03,36,5,Active
16000,United Kingdom,3,5110,12393.70,4131.23,2011-12-07,2011-12-07,2,3,Active
16003,United Kingdom,5,1185,2735.37,547.07,2010-12-15,2011-11-10,29,5,Active
16005,United Kingdom,4,280,578.71,144.68,2011-03-14,2011-11-27,12,4,Active
16006,United Kingdom,1,84,101.40,101.40,2011-05-12,2011-05-12,211,1,Churned
16007,United Kingdom,4,1388,1693.81,423.45,2011-05-08,2011-10-23,47,4,Active
16008,United Kingdom,3,323,478.78,159.59,2011-05-19,2011-11-16,23,3,Active
16009,United Kingdom,4,366,972.11,243.03,2011-07-03,2011-11-17,22,4,Active
16010,United Kingdom,3,202,392.40,130.80,2010-12-12,2011-04-08,245,3,Churned
16011,United Kingdom,16,2035,3352.96,209.56,2010-12-08,2011-12-01,8,16,Active
16012,United Kingdom,3,799,1415.29,471.76,2011-07-07,2011-11-04,35,3,Active
16013,United Kingdom,47,15536,37130.60,790.01,2010-12-03,2011-12-06,3,47,Active
16014,United Kingdom,3,258,646.83,215.61,2011-02-21,2011-11-02,37,3,Active
16015,United Kingdom,3,907,704.55,234.85,2011-10-21,2011-12-06,3,3,Active
16016,United Kingdom,8,602,1465.51,183.19,2010-12-08,2011-12-06,3,8,Active
16017,United Kingdom,1,102,211.88,211.88,2011-10-23,2011-10-23,47,1,Active
16018,United Kingdom,2,190,408.90,204.45,2011-06-12,2011-10-31,39,2,Active
16019,United Kingdom,9,1733,3786.24,420.69,2010-12-10,2011-10-24,46,9,Active
16020,United Kingdom,3,487,851.01,283.67,2011-10-05,2011-11-23,16,3,Active
16022,United Kingdom,1,255,602.63,602.63,2011-03-24,2011-03-24,260,1,Churned
16023,United Kingdom,3,358,719.81,239.94,2011-03-18,2011-10-24,46,3,Active
16024,United Kingdom,1,397,251.03,251.03,2011-11-27,2011-11-27,12,1,Active
16025,United Kingdom,1,338,439.66,439.66,2011-11-10,2011-11-10,29,1,Active
16026,United Kingdom,1,243,236.09,236.09,2011-10-27,2011-10-27,43,1,Active
16027,United Kingdom,6,1147,934.62,155.77,2011-02-10,2011-09-09,91,6,At Risk
16029,United Kingdom,63,40108,80850.84,1283.35,2010-12-01,2011-11-01,38,63,Active
16030,United Kingdom,1,283,331.24,331.24,2011-02-03,2011-02-03,309,1,Churned
16031,United Kingdom,2,421,547.90,273.95,2011-04-06,2011-09-08,92,2,At Risk
16033,United Kingdom,20,3529,8778.82,438.94,2010-12-05,2011-12-04,5,20,Active
16034,United Kingdom,3,242,437.70,145.90,2011-01-11,2011-05-27,196,3,Churned
16036,United Kingdom,2,716,758.92,379.46,2011-03-21,2011-09-13,87,2,At Risk
16037,United Kingdom,3,428,855.02,285.01,2010-12-16,2011-03-15,269,3,Churned
16038,United Kingdom,3,244,471.78,157.26,2011-05-22,2011-12-02,7,3,Active
16040,United Kingdom,3,684,1313.55,437.85,2011-03-16,2011-10-05,65,3,At Risk
16041,United Kingdom,3,1584,3166.40,1055.47,2011-07-21,2011-11-09,30,3,Active
16042,United Kingdom,5,743,1177.47,235.49,2011-01-11,2011-11-17,22,5,Active
16043,United Kingdom,4,503,773.99,193.50,2011-01-26,2011-11-02,37,4,Active
16045,United Kingdom,4,897,1340.70,335.18,2011-02-22,2011-08-12,119,4,At Risk
16048,United Kingdom,2,144,256.44,128.22,2010-12-01,2010-12-01,373,2,Churned
16049,United Kingdom,3,763,1074.81,358.27,2011-09-25,2011-10-30,40,3,Active
16050,United Kingdom,1,278,137.90,137.90,2011-06-19,2011-06-19,173,1,Churned
16052,United Kingdom,1,282,362.06,362.06,2011-10-16,2011-10-16,54,1,Active
16053,United Kingdom,2,1793,1511.95,755.98,2011-08-09,2011-11-07,32,2,Active
16054,United Kingdom,1,380,783.90,783.90,2011-07-17,2011-07-17,145,1,Churned
16055,United Kingdom,1,22,134.80,134.80,2011-05-03,2011-05-03,220,1,Churned
16056,United Kingdom,1,345,650.75,650.75,2011-10-25,2011-10-25,45,1,Active
16057,United Kingdom,7,863,2263.12,323.30,2011-02-28,2011-11-23,16,7,Active
16059,United Kingdom,6,641,1453.16,242.19,2010-12-07,2011-10-05,65,6,At Risk
16062,United Kingdom,4,800,1153.62,288.41,2010-12-10,2011-11-30,9,4,Active
16063,United Kingdom,1,262,335.32,335.32,2011-03-24,2011-03-24,260,1,Churned
16065,United Kingdom,1,228,367.14,367.14,2010-12-09,2010-12-09,365,1,Churned
16066,United Kingdom,5,935,1521.04,304.21,2011-08-07,2011-11-23,16,5,Active
16070,United Kingdom,2,457,852.15,426.08,2011-11-07,2011-11-17,22,2,Active
16071,United Kingdom,1,180,326.24,326.24,2011-10-26,2011-10-26,44,1,Active
16072,United Kingdom,1,140,584.32,584.32,2011-02-24,2011-02-24,288,1,Churned
16073,United Kingdom,1,48,122.40,122.40,2011-02-15,2011-02-15,297,1,Churned
16076,United Kingdom,10,1435,2234.73,223.47,2011-05-15,2011-12-06,3,10,Active
16078,United Kingdom,1,16,79.20,79.20,2011-03-01,2011-03-01,283,1,Churned
16079,United Kingdom,3,864,1352.00,450.67,2011-10-30,2011-11-23,16,3,Active
16080,United Kingdom,2,128,217.16,108.58,2011-03-10,2011-09-19,81,2,At Risk
16081,United Kingdom,5,1473,2799.42,559.88,2010-12-08,2011-10-14,56,5,Active
16083,United Kingdom,2,908,1317.62,658.81,2010-12-14,2011-08-31,100,2,At Risk
16084,United Kingdom,1,216,436.18,436.18,2011-02-13,2011-02-13,299,1,Churned
16085,United Kingdom,5,636,981.51,196.30,2011-01-23,2011-11-16,23,5,Active
16086,United Kingdom,5,511,1121.39,224.28,2010-12-07,2011-10-11,59,5,Active
16091,United Kingdom,2,154,315.06,157.53,2011-05-25,2011-07-08,154,2,Churned
16092,United Kingdom,3,628,817.86,272.62,2011-03-30,2011-08-17,114,3,At Risk
16093,United Kingdom,1,20,17.00,17.00,2011-08-25,2011-08-25,106,1,At Risk
16094,United Kingdom,4,647,1078.23,269.56,2011-05-04,2011-11-28,11,4,Active
16096,United Kingdom,1,155,320.62,320.62,2011-03-20,2011-03-20,264,1,Churned
16097,United Kingdom,1,87,185.05,185.05,2011-04-13,2011-04-13,240,1,Churned
16098,United Kingdom,7,613,2005.63,286.52,2010-12-01,2011-09-13,87,7,At Risk
16099,United Kingdom,3,434,731.90,243.97,2011-04-28,2011-10-20,50,3,Active
16101,United Kingdom,1,757,1290.70,1290.70,2011-09-30,2011-09-30,70,1,At Risk
16102,United Kingdom,3,942,1842.14,614.05,2011-08-03,2011-10-28,42,3,Active
16103,United Kingdom,6,558,1429.64,238.27,2011-04-20,2011-12-02,7,6,Active
16104,United Kingdom,1,122,298.21,298.21,2011-10-09,2011-10-09,61,1,At Risk
16105,United Kingdom,1,330,336.96,336.96,2011-04-05,2011-04-05,248,1,Churned
16106,United Kingdom,1,74,108.38,108.38,2011-10-05,2011-10-05,65,1,At Risk
16107,United Kingdom,7,1176,3204.16,457.74,2011-06-09,2011-11-22,17,7,Active
16108,United Kingdom,1,615,842.50,842.50,2011-09-16,2011-09-16,84,1,At Risk
16109,United Kingdom,2,612,611.88,305.94,2011-02-04,2011-05-05,218,2,Churned
16110,United Kingdom,3,720,1320.95,440.32,2011-02-01,2011-10-25,45,3,Active
16112,United Kingdom,4,574,195.74,48.94,2011-01-05,2011-07-19,143,4,Churned
16113,United Kingdom,1,176,161.38,161.38,2011-06-09,2011-06-09,183,1,Churned
16114,United Kingdom,1,43,135.75,135.75,2011-06-22,2011-06-22,170,1,Churned
16115,United Kingdom,8,994,1660.88,207.61,2011-02-20,2011-11-30,9,8,Active
16116,United Kingdom,1,248,612.78,612.78,2011-05-12,2011-05-12,211,1,Churned
16117,United Kingdom,1,130,232.21,232.21,2011-06-03,2011-06-03,189,1,Churned
16119,United Kingdom,2,240,423.36,211.68,2011-09-28,2011-12-01,8,2,Active
16120,United Kingdom,4,878,1309.14,327.29,2011-10-11,2011-10-11,59,4,Active
16121,United Kingdom,2,576,854.66,427.33,2011-05-08,2011-10-13,57,2,Active
16122,United Kingdom,4,1128,684.42,171.11,2010-12-08,2011-09-27,73,4,At Risk
16123,United Kingdom,1,170,307.78,307.78,2011-10-19,2011-10-19,51,1,Active
16124,United Kingdom,1,48,249.00,249.00,2011-01-26,2011-01-26,317,1,Churned
16125,United Kingdom,1,124,289.35,289.35,2010-12-07,2010-12-07,367,1,Churned
16126,United Kingdom,4,2125,6287.77,1571.94,2011-02-16,2011-11-10,29,4,Active
16127,United Kingdom,1,323,656.25,656.25,2011-10-31,2011-10-31,39,1,Active
16128,United Kingdom,5,988,1880.22,376.04,2011-03-02,2011-11-22,17,5,Active
16131,United Kingdom,6,1802,3506.54,584.42,2011-04-14,2011-10-19,51,6,Active
16133,United Kingdom,33,8887,14589.04,442.09,2011-01-25,2011-12-06,3,33,Active
16134,United Kingdom,2,371,618.09,309.05,2010-12-15,2011-11-18,21,2,Active
16135,United Kingdom,1,209,517.55,517.55,2011-03-22,2011-03-22,262,1,Churned
16136,United Kingdom,3,440,709.38,236.46,2011-03-07,2011-10-11,59,3,Active
16139,United Kingdom,3,330,635.41,211.80,2011-05-17,2011-11-21,18,3,Active
16140,United Kingdom,2,730,725.18,362.59,2010-12-03,2011-10-05,65,2,At Risk
16141,United Kingdom,1,238,620.40,620.40,2011-09-12,2011-09-12,88,1,At Risk
16142,United Kingdom,1,422,535.34,535.34,2011-04-04,2011-04-04,249,1,Churned
16143,United Kingdom,6,919,2424.94,404.16,2010-12-05,2011-12-06,3,6,Active
16144,United Kingdom,1,16,175.20,175.20,2011-04-07,2011-04-07,246,1,Churned
16145,United Kingdom,11,3123,3799.49,345.41,2010-12-15,2011-12-01,8,11,Active
16146,United Kingdom,3,427,734.13,244.71,2011-04-21,2011-07-05,157,3,Churned
16147,United Kingdom,1,246,375.00,375.00,2011-07-29,2011-07-29,133,1,Churned
16148,United Kingdom,1,72,76.32,76.32,2011-02-16,2011-02-16,296,1,Churned
16149,United Kingdom,2,308,280.52,140.26,2011-07-20,2011-12-05,4,2,Active
16150,United Kingdom,5,1047,2053.02,410.60,2010-12-02,2011-10-28,42,5,Active
16152,United Kingdom,1,642,1829.04,1829.04,2011-03-16,2011-03-16,268,1,Churned
16153,United Kingdom,5,1073,1824.23,364.85,2010-12-20,2011-10-21,49,5,Active
16156,United Kingdom,9,1273,3092.04,343.56,2011-02-02,2011-12-01,8,9,Active
16157,United Kingdom,3,347,656.69,218.90,2011-09-28,2011-11-24,15,3,Active
16159,United Kingdom,1,236,348.20,348.20,2011-03-03,2011-03-03,281,1,Churned
16160,United Kingdom,2,1162,1025.44,512.72,2011-09-15,2011-10-05,65,2,At Risk
16161,United Kingdom,19,2583,5533.67,291.25,2010-12-06,2011-12-08,1,19,Active
16162,United Kingdom,1,4,37.40,37.40,2011-04-01,2011-04-01,252,1,Churned
16163,United Kingdom,2,192,856.60,428.30,2010-12-09,2011-04-21,232,2,Churned
16164,United Kingdom,3,433,822.48,274.16,2011-10-28,2011-11-22,17,3,Active
16168,United Kingdom,27,1892,3787.60,140.28,2010-12-05,2011-11-29,10,27,Active
16169,United Kingdom,4,1325,1822.97,455.74,2011-09-25,2011-12-01,8,4,Active
16170,United Kingdom,6,1770,1885.05,314.18,2011-04-05,2011-10-20,50,6,Active
16171,United Kingdom,1,24,73.20,73.20,2011-10-11,2011-10-11,59,1,Active
16172,United Kingdom,5,787,1140.21,228.04,2011-04-12,2011-09-05,95,5,At Risk
16173,United Kingdom,6,575,1418.32,236.39,2011-09-02,2011-11-24,15,6,Active
16174,United Kingdom,3,651,1009.55,336.52,2011-07-11,2011-08-05,126,3,Churned
16175,United Kingdom,4,533,1037.59,259.40,2011-04-13,2011-09-06,94,4,At Risk
16177,United Kingdom,1,95,331.95,331.95,2011-10-20,2011-10-20,50,1,Active
16178,United Kingdom,1,94,197.90,197.90,2011-07-24,2011-07-24,138,1,Churned
16179,United Kingdom,1,99,215.83,215.83,2011-10-10,2011-10-10,60,1,Active
16180,United Kingdom,8,5867,10254.18,1281.77,2011-04-01,2011-08-31,100,8,At Risk
16181,United Kingdom,1,152,305.54,305.54,2011-09-27,2011-09-27,73,1,At Risk
16182,United Kingdom,4,3791,6617.65,1654.41,2011-02-18,2011-09-28,72,4,At Risk
16183,United Kingdom,1,113,338.71,338.71,2011-10-03,2011-10-03,67,1,At Risk
16184,United Kingdom,6,561,1158.79,193.13,2011-05-12,2011-10-06,64,6,At Risk
16185,United Kingdom,2,260,529.41,264.71,2011-04-21,2011-11-23,16,2,Active
16186,United Kingdom,12,3020,4006.94,333.91,2010-12-02,2011-11-17,22,12,Active
16187,United Kingdom,15,5048,6911.44,460.76,2011-02-28,2011-11-08,31,15,Active
16188,United Kingdom,4,782,981.86,245.47,2011-04-11,2011-10-26,44,4,Active
16189,United Kingdom,2,134,215.48,107.74,2011-09-15,2011-11-24,15,2,Active
16190,United Kingdom,1,88,215.08,215.08,2011-10-30,2011-10-30,40,1,Active
16191,United Kingdom,13,3351,5180.52,398.50,2010-12-14,2011-12-07,2,13,Active
16193,United Kingdom,1,219,314.45,314.45,2011-04-17,2011-04-17,236,1,Churned
16198,United Kingdom,1,129,400.68,400.68,2011-09-25,2011-09-25,75,1,At Risk
16200,United Kingdom,2,516,1068.87,534.44,2011-06-28,2011-12-05,4,2,Active
16201,United Kingdom,4,1286,1863.47,465.87,2011-08-22,2011-12-06,3,4,Active
16202,United Kingdom,1,191,365.27,365.27,2010-12-14,2010-12-14,360,1,Churned
16203,United Kingdom,4,262,592.90,148.23,2010-12-02,2011-10-12,58,4,Active
16204,United Kingdom,1,218,384.18,384.18,2011-11-16,2011-11-16,23,1,Active
16205,United Kingdom,4,516,757.63,189.41,2011-06-13,2011-11-09,30,4,Active
16206,United Kingdom,4,272,537.06,134.27,2011-01-16,2011-10-16,54,4,Active
16207,United Kingdom,1,140,394.38,394.38,2011-11-14,2011-11-14,25,1,Active
16208,United Kingdom,2,333,664.26,332.13,2011-02-23,2011-10-26,44,2,Active
16209,United Kingdom,5,1179,2262.62,452.52,2011-04-07,2011-09-12,88,5,At Risk
16210,United Kingdom,18,7559,21086.30,1171.46,2010-12-01,2011-12-08,1,18,Active
16211,United Kingdom,1,154,547.02,547.02,2011-09-12,2011-09-12,88,1,At Risk
16212,United Kingdom,2,244,690.34,345.17,2011-03-01,2011-11-20,19,2,Active
16213,United Kingdom,1,48,159.00,159.00,2011-09-22,2011-09-22,78,1,At Risk
16214,United Kingdom,3,420,1062.75,354.25,2011-03-15,2011-06-22,170,3,Churned
16215,United Kingdom,1,104,242.35,242.35,2011-09-20,2011-09-20,80,1,At Risk
16216,United Kingdom,1,254,914.93,914.93,2011-03-17,2011-03-17,267,1,Churned
16217,United Kingdom,2,91,304.25,152.13,2011-03-02,2011-04-18,235,2,Churned
16218,United Kingdom,7,2088,3084.68,440.67,2010-12-01,2011-11-10,29,7,Active
16221,United Kingdom,3,714,860.86,286.95,2010-12-07,2011-11-03,36,3,Active
16222,United Kingdom,1,325,773.55,773.55,2011-01-25,2011-01-25,318,1,Churned
16224,United Kingdom,4,1116,1295.30,323.83,2011-04-04,2011-10-13,57,4,Active
16225,United Kingdom,5,493,1096.32,219.26,2011-03-07,2011-10-26,44,5,Active
16226,United Kingdom,3,192,255.12,85.04,2011-04-18,2011-05-20,203,3,Churned
16227,United Kingdom,1,90,314.22,314.22,2011-04-28,2011-04-28,225,1,Churned
16229,United Kingdom,2,318,1010.60,505.30,2011-05-11,2011-09-13,87,2,At Risk
16230,United Kingdom,2,365,542.03,271.02,2011-05-03,2011-06-03,189,2,Churned
16232,United Kingdom,4,550,990.88,247.72,2011-05-08,2011-10-27,43,4,Active
16233,United Kingdom,3,174,536.68,178.89,2010-12-08,2011-09-29,71,3,At Risk
16235,United Kingdom,5,330,867.31,173.46,2011-01-11,2011-10-30,40,5,Active
16236,United Kingdom,1,184,432.20,432.20,2011-09-22,2011-09-22,78,1,At Risk
16239,United Kingdom,2,228,414.20,207.10,2011-06-03,2011-10-14,56,2,Active
16240,United Kingdom,2,1641,3718.80,1859.40,2011-09-23,2011-11-15,24,2,Active
16241,United Kingdom,13,1443,2590.31,199.25,2010-12-05,2011-11-30,9,13,Active
16242,United Kingdom,7,1969,3579.86,511.41,2011-03-07,2011-12-01,8,7,Active
16243,United Kingdom,2,110,409.10,204.55,2011-10-16,2011-11-06,33,2,Active
16244,United Kingdom,2,855,1522.75,761.38,2010-12-02,2011-05-12,211,2,Churned
16245,United Kingdom,3,1014,1413.66,471.22,2011-03-28,2011-11-16,23,3,Active
16247,United Kingdom,1,182,114.56,114.56,2011-06-22,2011-06-22,170,1,Churned
16248,United Kingdom,1,78,152.94,152.94,2011-10-09,2011-10-09,61,1,At Risk
16249,United Kingdom,5,950,1800.07,360.01,2011-04-14,2011-10-18,52,5,Active
16250,United Kingdom,2,208,389.44,194.72,2010-12-01,2011-03-23,261,2,Churned
16253,United Kingdom,2,3233,3683.86,1841.93,2011-03-29,2011-10-04,66,2,At Risk
16255,United Kingdom,8,1767,2619.91,327.49,2010-12-09,2011-11-23,16,8,Active
16256,United Kingdom,1,581,752.43,752.43,2011-03-18,2011-03-18,266,1,Churned
16257,United Kingdom,1,2,46.95,46.95,2011-06-16,2011-06-16,176,1,Churned
16258,United Kingdom,5,2994,5203.51,1040.70,2011-05-04,2011-10-25,45,5,Active
16260,United Kingdom,1,311,1035.45,1035.45,2011-10-20,2011-10-20,50,1,Active
16261,United Kingdom,4,301,728.54,182.14,2011-04-07,2011-11-22,17,4,Active
16265,United Kingdom,9,2646,5447.00,605.22,2010-12-10,2011-11-30,9,9,Active
16266,United Kingdom,7,398,861.89,123.13,2011-05-17,2011-09-27,73,7,At Risk
16268,United Kingdom,2,533,667.65,333.83,2011-09-29,2011-09-29,71,2,At Risk
16270,United Kingdom,1,688,1141.24,1141.24,2010-12-21,2010-12-21,353,1,Churned
16271,United Kingdom,5,1024,1404.64,280.93,2010-12-16,2011-12-07,2,5,Active
16272,United Kingdom,1,224,411.70,411.70,2011-08-15,2011-08-15,116,1,At Risk
16274,United Kingdom,1,153,351.75,351.75,2010-12-01,2010-12-01,373,1,Churned
16275,United Kingdom,1,336,559.87,559.87,2011-05-27,2011-05-27,196,1,Churned
16276,United Kingdom,1,420,810.60,810.60,2011-06-16,2011-06-16,176,1,Churned
16278,United Kingdom,1,114,566.38,566.38,2011-08-31,2011-08-31,100,1,At Risk
16279,United Kingdom,3,1046,1502.78,500.93,2011-06-16,2011-11-18,21,3,Active
16281,United Kingdom,1,934,2062.06,2062.06,2011-09-28,2011-09-28,72,1,At Risk
16282,United Kingdom,1,114,168.30,168.30,2011-01-04,2011-01-04,339,1,Churned
16283,United Kingdom,5,1236,1570.81,314.16,2011-05-15,2011-12-04,5,5,Active
16284,United Kingdom,2,535,812.68,406.34,2011-10-20,2011-11-08,31,2,Active
16287,United Kingdom,1,298,142.50,142.50,2011-06-23,2011-06-23,169,1,Churned
16292,United Kingdom,1,191,302.25,302.25,2011-08-10,2011-08-10,121,1,Churned
16293,United Kingdom,10,982,2248.99,224.90,2010-12-07,2011-11-18,21,10,Active
16295,United Kingdom,4,841,1328.55,332.14,2011-10-06,2011-11-30,9,4,Active
16297,United Kingdom,1,206,301.90,301.90,2011-03-16,2011-03-16,268,1,Churned
16298,United Kingdom,3,198,598.20,199.40,2011-06-06,2011-11-17,22,3,Active
16302,United Kingdom,1,158,233.22,233.22,2011-08-05,2011-08-05,126,1,Churned
16303,United Kingdom,3,2659,5360.63,1786.88,2011-01-10,2011-11-14,25,3,Active
16305,United Kingdom,1,256,361.22,361.22,2011-07-24,2011-07-24,138,1,Churned
16306,United Kingdom,6,487,632.27,105.38,2010-12-07,2011-05-10,213,6,Churned
16308,United Kingdom,4,8000,2560.00,640.00,2011-03-23,2011-11-02,37,4,Active
16309,United Kingdom,2,467,706.57,353.29,2011-04-13,2011-08-25,106,2,At Risk
16311,United Kingdom,2,394,616.26,308.13,2011-10-21,2011-11-22,17,2,Active
16313,United Kingdom,2,165,274.15,137.08,2011-10-21,2011-12-06,3,2,Active
16315,United Kingdom,1,75,226.37,226.37,2011-01-13,2011-01-13,330,1,Churned
16316,United Kingdom,8,1484,2938.91,367.36,2010-12-16,2011-10-06,64,8,At Risk
16317,United Kingdom,3,890,1341.65,447.22,2011-02-15,2011-08-12,119,3,At Risk
16318,United Kingdom,1,199,328.15,328.15,2011-11-04,2011-11-04,35,1,Active
16319,United Kingdom,1,72,404.40,404.40,2011-05-06,2011-05-06,217,1,Churned
16320,Unspecified,2,732,1038.46,519.23,2011-05-10,2011-06-20,172,2,Churned
16321,Australia,5,135,373.65,74.73,2011-01-20,2011-09-28,72,5,At Risk
16322,United Kingdom,2,231,326.75,163.38,2011-11-03,2011-12-08,1,2,Active
16323,United Kingdom,1,50,207.50,207.50,2011-05-27,2011-05-27,196,1,Churned
16324,United Kingdom,3,270,408.59,136.20,2011-06-15,2011-08-03,128,3,Churned
16325,United Kingdom,3,194,594.24,198.08,2011-04-08,2011-10-24,46,3,Active
16326,United Kingdom,14,682,3039.22,217.09,2011-01-09,2011-12-04,5,14,Active
16327,United Kingdom,6,2560,3820.27,636.71,2010-12-05,2011-11-25,14,6,Active
16330,United Kingdom,3,147,251.91,83.97,2011-08-19,2011-11-22,17,3,Active
16332,United Kingdom,7,797,1582.80,226.11,2011-02-07,2011-11-11,28,7,Active
16333,United Kingdom,22,32184,26626.80,1210.31,2011-02-03,2011-12-02,7,22,Active
16337,United Kingdom,1,87,151.05,151.05,2011-11-03,2011-11-03,36,1,Active
16338,United Kingdom,1,94,214.80,214.80,2011-07-05,2011-07-05,157,1,Churned
16339,United Kingdom,1,21,94.05,94.05,2011-02-28,2011-02-28,284,1,Churned
16340,United Kingdom,1,486,534.31,534.31,2011-08-24,2011-08-24,107,1,At Risk
16341,United Kingdom,4,1398,1971.87,492.97,2011-05-22,2011-11-15,24,4,Active
16342,United Kingdom,4,157,322.41,80.60,2011-06-13,2011-09-25,75,4,At Risk
16343,United Kingdom,2,175,328.58,164.29,2011-11-23,2011-11-23,16,2,Active
16344,United Kingdom,1,18,101.10,101.10,2011-07-04,2011-07-04,158,1,Churned
16345,United Kingdom,1,288,565.46,565.46,2011-10-26,2011-10-26,44,1,Active
16347,United Kingdom,2,341,847.45,423.73,2011-11-03,2011-11-28,11,2,Active
16348,United Kingdom,7,805,1415.65,202.24,2011-04-13,2011-11-07,32,7,Active
16349,United Kingdom,1,9,53.50,53.50,2011-02-22,2011-02-22,290,1,Churned
16350,United Kingdom,4,545,1116.47,279.12,2011-01-10,2011-11-18,21,4,Active
16351,United Kingdom,1,90,153.90,153.90,2011-01-11,2011-01-11,332,1,Churned
16352,United Kingdom,2,300,494.44,247.22,2011-11-02,2011-11-22,17,2,Active
16353,United Kingdom,23,2006,6675.71,290.25,2010-12-05,2011-12-06,3,23,Active
16354,United Kingdom,2,150,395.80,197.90,2011-09-27,2011-10-07,63,2,At Risk
16356,United Kingdom,3,93,211.77,70.59,2011-03-07,2011-05-26,197,3,Churned
16357,United Kingdom,3,246,658.88,219.63,2011-05-10,2011-11-06,33,3,Active
16358,United Kingdom,4,1302,2027.50,506.88,2011-06-08,2011-12-08,1,4,Active
16359,United Kingdom,9,1183,1750.92,194.55,2011-01-12,2011-12-02,7,9,Active
16360,United Kingdom,6,2110,3450.41,575.07,2011-09-12,2011-12-05,4,6,Active
16361,United Kingdom,4,418,891.21,222.80,2011-09-29,2011-11-30,9,4,Active
16362,United Kingdom,5,340,709.99,142.00,2011-09-09,2011-11-07,32,5,Active
16363,United Kingdom,1,52,109.36,109.36,2011-10-17,2011-10-17,53,1,Active
16364,United Kingdom,2,279,705.79,352.90,2011-07-25,2011-11-28,11,2,Active
16365,United Kingdom,9,504,1540.42,171.16,2010-12-07,2011-11-22,17,9,Active
16366,United Kingdom,1,256,327.30,327.30,2011-11-21,2011-11-21,18,1,Active
16367,United Kingdom,2,643,800.67,400.34,2010-12-12,2011-11-02,37,2,Active
16368,United Kingdom,2,251,479.91,239.96,2011-11-11,2011-12-07,2,2,Active
16369,United Kingdom,3,1030,1545.41,515.14,2011-05-27,2011-11-21,18,3,Active
16370,United Kingdom,4,640,1301.91,325.48,2011-04-28,2011-09-18,82,4,At Risk
16372,United Kingdom,2,158,355.73,177.87,2011-11-06,2011-11-06,33,2,Active
16374,United Kingdom,2,237,466.73,233.37,2011-03-22,2011-10-04,66,2,At Risk
16376,United Kingdom,2,691,974.96,487.48,2011-11-22,2011-12-01,8,2,Active
16377,United Kingdom,1,1500,676.20,676.20,2011-03-17,2011-03-17,267,1,Churned
16378,United Kingdom,3,267,362.95,120.98,2011-02-02,2011-04-06,247,3,Churned
16379,United Kingdom,4,1410,2157.40,539.35,2011-09-22,2011-12-05,4,4,Active
16380,United Kingdom,1,1428,1743.15,1743.15,2011-10-09,2011-10-09,61,1,At Risk
16383,United Kingdom,2,467,643.76,321.88,2011-03-16,2011-09-26,74,2,At Risk
16384,United Kingdom,2,260,584.50,292.25,2011-03-21,2011-09-11,89,2,At Risk
16385,United Kingdom,3,258,554.86,184.95,2010-12-08,2011-10-10,60,3,Active
16386,United Kingdom,2,205,302.57,151.29,2011-03-31,2011-11-11,28,2,Active
16387,United Kingdom,1,44,94.36,94.36,2011-01-21,2011-01-21,322,1,Churned
16389,United Kingdom,4,1242,1382.07,345.52,2011-03-01,2011-10-17,53,4,Active
16392,United Kingdom,1,201,217.89,217.89,2011-03-15,2011-03-15,269,1,Churned
16393,United Kingdom,13,1573,3040.96,233.92,2010-12-05,2011-12-07,2,13,Active
16394,United Kingdom,5,2604,1555.34,311.07,2011-02-23,2011-10-14,56,5,Active
16395,United Kingdom,5,1472,1482.06,296.41,2011-01-13,2011-10-10,60,5,Active
16398,United Kingdom,2,758,1705.80,852.90,2011-03-31,2011-07-08,154,2,Churned
16399,United Kingdom,2,263,408.02,204.01,2011-04-18,2011-11-20,19,2,Active
16400,United Kingdom,1,172,303.93,303.93,2011-09-06,2011-09-06,94,1,At Risk
16401,United Kingdom,12,3882,4098.32,341.53,2011-01-16,2011-12-08,1,12,Active
16402,United Kingdom,2,146,293.45,146.73,2010-12-05,2011-03-20,264,2,Churned
16403,United Kingdom,1,114,177.50,177.50,2011-01-31,2011-01-31,312,1,Churned
16404,United Kingdom,1,157,443.05,443.05,2011-09-30,2011-09-30,70,1,At Risk
16405,United Kingdom,2,187,167.25,83.63,2011-02-02,2011-02-10,302,2,Churned
16406,United Kingdom,1,116,154.35,154.35,2011-11-21,2011-11-21,18,1,Active
16407,United Kingdom,10,1093,2079.68,207.97,2011-01-31,2011-11-27,12,10,Active
16409,United Kingdom,5,1304,2022.98,404.60,2011-01-26,2011-11-03,36,5,Active
16411,United Kingdom,2,131,211.70,105.85,2010-12-05,2011-11-20,19,2,Active
16412,United Kingdom,1,63,135.99,135.99,2011-10-17,2011-10-17,53,1,Active
16413,United Kingdom,1,148,262.20,262.20,2011-10-14,2011-10-14,56,1,Active
16414,United Kingdom,2,27,126.25,63.13,2011-03-04,2011-11-18,21,2,Active
16415,United Kingdom,1,178,200.27,200.27,2011-10-26,2011-10-26,44,1,Active
16416,United Kingdom,3,672,1051.40,350.47,2011-10-14,2011-11-13,26,3,Active
16418,United Kingdom,3,280,631.12,210.37,2011-04-27,2011-10-26,44,3,Active
16419,United Kingdom,6,428,958.71,159.79,2011-02-01,2011-08-19,112,6,At Risk
16422,United Kingdom,51,33704,34684.40,680.09,2010-12-05,2011-11-22,17,51,Active
16423,United Kingdom,1,230,346.12,346.12,2011-11-15,2011-11-15,24,1,Active
16424,United Kingdom,1,88,133.56,133.56,2011-06-01,2011-06-01,191,1,Churned
16425,United Kingdom,1,199,302.70,302.70,2011-02-10,2011-02-10,302,1,Churned
16426,United Kingdom,10,1215,1863.76,186.38,2011-03-08,2011-12-07,2,10,Active
16427,United Kingdom,2,156,241.06,120.53,2011-02-28,2011-03-21,263,2,Churned
16429,United Kingdom,1,9,284.55,284.55,2011-08-25,2011-08-25,106,1,At Risk
16430,United Kingdom,1,103,300.85,300.85,2011-10-13,2011-10-13,57,1,Active
16431,United Kingdom,3,442,623.28,207.76,2011-02-15,2011-05-10,213,3,Churned
16432,United Kingdom,1,276,287.40,287.40,2011-10-06,2011-10-06,64,1,At Risk
16433,United Kingdom,1,106,184.26,184.26,2011-11-11,2011-11-11,28,1,Active
16434,United Kingdom,7,760,1511.80,215.97,2011-02-13,2011-11-10,29,7,Active
16438,United Kingdom,5,463,798.35,159.67,2011-09-18,2011-12-04,5,5,Active
16440,United Kingdom,5,2018,3640.67,728.13,2011-05-09,2011-12-02,7,5,Active
16441,United Kingdom,2,173,381.20,190.60,2011-02-21,2011-10-03,67,2,At Risk
16442,United Kingdom,3,443,609.30,203.10,2010-12-14,2011-12-08,1,3,Active
16444,United Kingdom,4,407,654.67,163.67,2011-03-20,2011-10-24,46,4,Active
16445,United Kingdom,1,111,230.51,230.51,2011-11-06,2011-11-06,33,1,Active
16446,United Kingdom,2,80997,168472.50,84236.25,2011-05-18,2011-12-09,0,2,Active
16447,United Kingdom,1,221,255.91,255.91,2011-07-27,2011-07-27,135,1,Churned
16448,United Kingdom,1,76,182.99,182.99,2011-05-25,2011-05-25,198,1,Churned
16449,United Kingdom,2,367,707.69,353.85,2011-03-04,2011-05-26,197,2,Churned
16450,United Kingdom,1,200,311.92,311.92,2011-07-13,2011-07-13,149,1,Churned
16451,United Kingdom,1,120,266.97,266.97,2011-09-13,2011-09-13,87,1,At Risk
16454,United Kingdom,2,3,6.90,3.45,2011-10-06,2011-10-26,44,2,Active
16455,United Kingdom,7,988,1841.18,263.03,2010-12-03,2011-10-07,63,7,At Risk
16456,United Kingdom,5,1147,2158.18,431.64,2010-12-01,2011-09-01,99,5,At Risk
16457,United Kingdom,1,140,208.36,208.36,2011-05-05,2011-05-05,218,1,Churned
16458,United Kingdom,18,2154,3482.74,193.49,2010-12-14,2011-12-07,2,18,Active
16460,United Kingdom,3,876,811.23,270.41,2011-09-19,2011-11-11,28,3,Active
16461,United Kingdom,1,48,142.92,142.92,2011-06-15,2011-06-15,177,1,Churned
16462,United Kingdom,3,16,136.00,45.33,2011-03-01,2011-09-27,73,3,At Risk
16463,United Kingdom,4,1163,1422.40,355.60,2011-05-19,2011-11-18,21,4,Active
16464,United Kingdom,3,952,1298.66,432.89,2011-07-20,2011-11-20,19,3,Active
16466,United Kingdom,7,785,1595.96,227.99,2011-02-20,2011-11-06,33,7,Active
16468,United Kingdom,1,31,74.90,74.90,2011-09-26,2011-09-26,74,1,At Risk
16469,United Kingdom,4,260,625.42,156.36,2011-04-07,2011-11-16,23,4,Active
16470,United Kingdom,4,522,752.77,188.19,2010-12-16,2011-10-19,51,4,Active
16471,United Kingdom,1,141,223.95,223.95,2011-03-10,2011-03-10,274,1,Churned
16473,United Kingdom,3,196,316.11,105.37,2011-01-07,2011-06-28,164,3,Churned
16474,United Kingdom,7,909,1810.65,258.66,2011-07-17,2011-12-02,7,7,Active
16475,United Kingdom,4,319,544.30,136.08,2011-03-11,2011-09-12,88,4,At Risk
16477,United Kingdom,7,1415,2494.46,356.35,2010-12-03,2011-10-07,63,7,At Risk
16478,United Kingdom,3,224,331.00,110.33,2011-10-05,2011-11-14,25,3,Active
16479,United Kingdom,2,102,300.83,150.42,2011-11-29,2011-11-29,10,2,Active
16480,United Kingdom,1,455,769.29,769.29,2011-09-25,2011-09-25,75,1,At Risk
16482,United Kingdom,1,346,220.62,220.62,2011-11-24,2011-11-24,15,1,Active
16483,United Kingdom,1,44,139.35,139.35,2011-05-31,2011-05-31,192,1,Churned
16484,United Kingdom,2,200,404.30,202.15,2011-06-02,2011-06-19,173,2,Churned
16485,United Kingdom,1,235,363.65,363.65,2011-09-23,2011-09-23,77,1,At Risk
16488,United Kingdom,3,728,498.80,166.27,2011-07-14,2011-11-06,33,3,Active
16491,United Kingdom,1,478,731.50,731.50,2011-10-24,2011-10-24,46,1,Active
16493,United Kingdom,4,1164,1351.63,337.91,2011-01-14,2011-09-21,79,4,At Risk
16494,United Kingdom,1,675,826.53,826.53,2011-02-16,2011-02-16,296,1,Churned
16495,United Kingdom,3,328,648.26,216.09,2011-03-08,2011-12-06,3,3,Active
16496,United Kingdom,3,1111,1599.52,533.17,2011-01-27,2011-12-01,8,3,Active
16497,United Kingdom,6,1396,2965.69,494.28,2011-01-10,2011-10-21,49,6,Active
16498,United Kingdom,2,45,100.97,50.49,2011-06-30,2011-07-01,161,2,Churned
16499,United Kingdom,2,127,365.45,182.73,2010-12-10,2010-12-14,360,2,Churned
16500,United Kingdom,6,123,400.86,66.81,2011-01-13,2011-12-05,4,6,Active
16503,United Kingdom,4,569,1431.93,357.98,2010-12-14,2011-08-25,106,4,At Risk
16504,United Kingdom,1,510,465.88,465.88,2011-11-14,2011-11-14,25,1,Active
16505,United Kingdom,1,576,777.60,777.60,2011-11-08,2011-11-08,31,1,Active
16506,United Kingdom,2,42,90.30,45.15,2011-10-30,2011-11-20,19,2,Active
16509,United Kingdom,1,64,363.70,363.70,2011-02-16,2011-02-16,296,1,Churned
16510,United Kingdom,1,92,248.10,248.10,2010-12-02,2010-12-02,372,1,Churned
16511,United Kingdom,3,405,918.33,306.11,2011-03-18,2011-11-18,21,3,Active
16513,United Kingdom,4,407,874.59,218.65,2011-10-27,2011-12-05,4,4,Active
16515,United Kingdom,5,826,1624.14,324.83,2011-02-01,2011-10-18,52,5,Active
16516,United Kingdom,1,58,101.70,101.70,2011-11-09,2011-11-09,30,1,Active
16517,United Kingdom,1,96,162.70,162.70,2011-03-07,2011-03-07,277,1,Churned
16518,United Kingdom,2,327,484.32,242.16,2011-02-28,2011-10-09,61,2,At Risk
16519,United Kingdom,2,54,215.08,107.54,2010-12-09,2011-11-14,25,2,Active
16520,United Kingdom,3,558,1046.57,348.86,2010-12-09,2011-06-06,186,3,Churned
16523,United Kingdom,21,4265,9418.47,448.50,2011-01-28,2011-12-08,1,21,Active
16525,United Kingdom,26,7397,13027.45,501.06,2010-12-08,2011-12-07,2,26,Active
16526,United Kingdom,1,106,290.36,290.36,2011-06-21,2011-06-21,171,1,Churned
16527,United Kingdom,1,106,228.06,228.06,2011-09-19,2011-09-19,81,1,At Risk
16528,United Kingdom,1,171,244.41,244.41,2011-12-06,2011-12-06,3,1,Active
16529,United Kingdom,1,198,455.25,455.25,2011-06-02,2011-06-02,190,1,Churned
16531,United Kingdom,7,915,1244.59,177.80,2010-12-14,2011-11-17,22,7,Active
16532,United Kingdom,3,2016,6748.80,2249.60,2011-01-05,2011-11-22,17,3,Active
16533,United Kingdom,3,611,1082.81,360.94,2011-10-02,2011-11-20,19,3,Active
16535,United Kingdom,1,356,593.75,593.75,2011-12-04,2011-12-04,5,1,Active
16536,United Kingdom,1,250,548.12,548.12,2011-08-21,2011-08-21,110,1,At Risk
16539,United Kingdom,4,477,1388.81,347.20,2010-12-01,2011-12-07,2,4,Active
16542,United Kingdom,1,46,119.62,119.62,2011-10-17,2011-10-17,53,1,Active
16545,United Kingdom,1,78,339.30,339.30,2011-06-28,2011-06-28,164,1,Churned
16546,United Kingdom,2,549,787.15,393.58,2010-12-02,2011-02-22,290,2,Churned
16549,United Kingdom,10,2294,4034.90,403.49,2011-01-09,2011-11-29,10,10,Active
16550,United Kingdom,5,1540,2298.97,459.79,2010-12-06,2011-08-23,108,5,At Risk
16551,United Kingdom,3,970,922.12,307.37,2011-01-07,2011-09-05,95,3,At Risk
16552,United Kingdom,2,219,379.73,189.87,2010-12-01,2011-04-11,242,2,Churned
16553,United Kingdom,12,4600,5719.82,476.65,2010-12-14,2011-06-29,163,12,Churned
16554,United Kingdom,3,402,837.10,279.03,2011-01-12,2011-10-28,42,3,Active
16555,United Kingdom,2,175,285.89,142.95,2011-08-22,2011-11-04,35,2,Active
16556,United Kingdom,7,1890,3313.79,473.40,2010-12-14,2011-10-04,66,7,At Risk
16557,United Kingdom,2,111,281.85,140.93,2011-07-25,2011-11-15,24,2,Active
16558,United Kingdom,20,5377,8338.49,416.92,2010-12-08,2011-12-09,0,20,Active
16560,United Kingdom,2,500,841.41,420.71,2010-12-16,2011-11-13,26,2,Active
16561,United Kingdom,2,244,511.12,255.56,2011-10-11,2011-12-04,5,2,Active
16563,United Kingdom,1,486,1077.74,1077.74,2011-10-17,2011-10-17,53,1,Active
16565,United Kingdom,1,46,173.70,173.70,2010-12-10,2010-12-10,364,1,Churned
16566,United Kingdom,5,362,614.66,122.93,2011-02-20,2011-11-24,15,5,Active
16567,United Kingdom,2,996,865.60,432.80,2011-01-07,2011-05-29,194,2,Churned
16569,United Kingdom,1,93,124.20,124.20,2011-12-06,2011-12-06,3,1,Active
16570,United Kingdom,10,2112,3738.40,373.84,2011-02-01,2011-11-24,15,10,Active
16571,United Kingdom,3,1239,1421.69,473.90,2011-03-03,2011-11-13,26,3,Active
16572,United Kingdom,3,532,1009.60,336.53,2011-03-09,2011-08-04,127,3,Churned
16573,United Kingdom,2,360,663.61,331.81,2011-02-22,2011-09-16,84,2,At Risk
16574,United Kingdom,1,416,451.44,451.44,2011-09-29,2011-09-29,71,1,At Risk
16581,United Kingdom,1,134,105.84,105.84,2011-06-10,2011-06-10,182,1,Churned
16582,United Kingdom,1,164,313.62,313.62,2011-08-18,2011-08-18,113,1,At Risk
16583,United Kingdom,1,111,233.45,233.45,2010-12-01,2010-12-01,373,1,Churned
16584,United Kingdom,2,646,936.08,468.04,2011-03-30,2011-09-20,80,2,At Risk
16586,United Kingdom,1,95,463.95,463.95,2011-04-05,2011-04-05,248,1,Churned
16587,United Kingdom,1,71,225.15,225.15,2011-04-21,2011-04-21,232,1,Churned
16589,United Kingdom,3,368,459.24,153.08,2011-07-01,2011-09-29,71,3,At Risk
16591,United Kingdom,1,41,213.50,213.50,2011-10-02,2011-10-02,68,1,At Risk
16592,United Kingdom,16,2927,4113.68,257.11,2011-02-25,2011-12-05,4,16,Active
16593,United Kingdom,3,116,330.03,110.01,2011-01-16,2011-10-20,50,3,Active
16594,United Kingdom,1,64,181.09,181.09,2011-09-25,2011-09-25,75,1,At Risk
16595,United Kingdom,1,335,360.16,360.16,2011-10-09,2011-10-09,61,1,At Risk
16596,United Kingdom,2,97,250.15,125.08,2010-12-08,2011-11-24,15,2,Active
16597,United Kingdom,1,184,90.04,90.04,2011-12-05,2011-12-05,4,1,Active
16598,United Kingdom,1,73,145.05,145.05,2011-02-27,2011-02-27,285,1,Churned
16600,United Kingdom,6,1145,813.52,135.59,2011-01-05,2011-12-05,4,6,Active
16601,United Kingdom,1,133,242.70,242.70,2011-10-30,2011-10-30,40,1,Active
16602,United Kingdom,1,336,528.08,528.08,2011-11-03,2011-11-03,36,1,Active
16603,United Kingdom,2,480,482.47,241.24,2011-09-09,2011-09-26,74,2,At Risk
16607,United Kingdom,14,2859,3347.71,239.12,2010-12-16,2011-11-22,17,14,Active
16609,United Kingdom,7,2420,5493.46,784.78,2011-04-01,2011-11-24,15,7,Active
16610,United Kingdom,1,66,75.66,75.66,2011-05-04,2011-05-04,219,1,Churned
16611,United Kingdom,1,47,129.49,129.49,2011-06-06,2011-06-06,186,1,Churned
16612,United Kingdom,4,506,1187.66,296.92,2011-02-01,2011-11-07,32,4,Active
16613,United Kingdom,1,293,618.59,618.59,2011-09-30,2011-09-30,70,1,At Risk
16614,United Kingdom,1,223,506.19,506.19,2011-06-10,2011-06-10,182,1,Churned
16616,United Kingdom,2,370,500.42,250.21,2011-07-05,2011-11-24,15,2,Active
16617,United Kingdom,1,91,151.85,151.85,2011-04-18,2011-04-18,235,1,Churned
16618,United Kingdom,5,1363,2647.59,529.52,2011-01-21,2011-11-08,31,5,Active
16619,United Kingdom,1,133,226.21,226.21,2011-03-21,2011-03-21,263,1,Churned
16620,United Kingdom,2,88,178.96,89.48,2011-03-24,2011-12-06,3,2,Active
16621,United Kingdom,4,302,813.48,203.37,2011-03-07,2011-10-19,51,4,Active
16623,United Kingdom,1,39,129.45,129.45,2011-04-08,2011-04-08,245,1,Churned
16624,United Kingdom,2,488,810.57,405.29,2011-05-26,2011-09-20,80,2,At Risk
16625,United Kingdom,1,164,333.08,333.08,2011-03-10,2011-03-10,274,1,Churned
16626,United Kingdom,17,2690,4413.10,259.59,2011-03-18,2011-12-09,0,17,Active
16627,United Kingdom,1,162,322.80,322.80,2011-09-21,2011-09-21,79,1,At Risk
16628,United Kingdom,5,1205,2188.05,437.61,2011-04-19,2011-11-10,29,5,Active
16629,United Kingdom,2,489,408.63,204.32,2011-09-04,2011-09-27,73,2,At Risk
16633,United Kingdom,6,1138,2883.10,480.52,2011-04-19,2011-11-22,17,6,Active
16634,United Kingdom,2,82,217.90,108.95,2010-12-02,2011-05-01,222,2,Churned
16637,United Kingdom,4,927,1154.47,288.62,2011-04-28,2011-11-07,32,4,Active
16638,United Kingdom,10,1255,1680.72,168.07,2010-12-06,2011-11-17,22,10,Active
16639,United Kingdom,3,510,1257.51,419.17,2011-04-18,2011-11-08,31,3,Active
16641,United Kingdom,1,256,231.10,231.10,2011-08-26,2011-08-26,105,1,At Risk
16642,United Kingdom,2,479,688.33,344.17,2011-05-16,2011-12-05,4,2,Active
16643,United Kingdom,1,269,487.51,487.51,2011-04-08,2011-04-08,245,1,Churned
16644,United Kingdom,2,826,833.78,416.89,2011-05-11,2011-06-15,177,2,Churned
16647,United Kingdom,2,146,214.06,107.03,2011-05-19,2011-06-23,169,2,Churned
16648,United Kingdom,1,281,290.66,290.66,2011-10-28,2011-10-28,42,1,Active
16650,United Kingdom,1,372,518.42,518.42,2011-09-29,2011-09-29,71,1,At Risk
16652,United Kingdom,7,3283,6773.97,967.71,2011-03-11,2011-10-12,58,7,Active
16653,United Kingdom,2,733,1212.66,606.33,2011-09-29,2011-11-23,16,2,Active
16654,United Kingdom,4,282,601.27,150.32,2010-12-06,2011-07-21,141,4,Churned
16655,United Kingdom,6,2363,3789.52,631.59,2011-01-12,2011-11-22,17,6,Active
16656,United Kingdom,15,8894,8625.80,575.05,2010-12-10,2011-11-17,22,15,Active
16657,United Kingdom,4,1130,874.43,218.61,2011-03-30,2011-11-30,9,4,Active
16658,United Kingdom,1,40,123.24,123.24,2010-12-06,2010-12-06,368,1,Churned
16659,United Kingdom,1,72,39.12,39.12,2011-06-03,2011-06-03,189,1,Churned
16660,United Kingdom,4,571,1267.65,316.91,2011-01-24,2011-11-23,16,4,Active
16665,United Kingdom,1,59,135.40,135.40,2010-12-12,2010-12-12,362,1,Churned
16666,United Kingdom,1,233,118.98,118.98,2011-11-20,2011-11-20,19,1,Active
16667,United Kingdom,2,236,567.18,283.59,2011-02-28,2011-10-02,68,2,At Risk
16668,United Kingdom,6,318,306.72,51.12,2011-02-28,2011-11-24,15,6,Active
16669,United Kingdom,3,881,1348.88,449.63,2011-09-22,2011-11-16,23,3,Active
16670,United Kingdom,11,2556,4095.90,372.35,2010-12-16,2011-11-23,16,11,Active
16671,United Kingdom,3,875,1692.27,564.09,2011-06-28,2011-11-11,28,3,Active
16672,United Kingdom,20,2832,8134.94,406.75,2011-03-18,2011-12-07,2,20,Active
16674,United Kingdom,2,181,304.24,152.12,2011-09-02,2011-10-16,54,2,Active
16676,United Kingdom,4,636,1592.12,398.03,2011-01-06,2011-11-06,33,4,Active
16678,United Kingdom,12,2397,3109.99,259.17,2011-03-02,2011-12-07,2,12,Active
16679,United Kingdom,1,29,129.75,129.75,2010-12-08,2010-12-08,366,1,Churned
16680,United Kingdom,1,94,183.70,183.70,2011-10-27,2011-10-27,43,1,Active
16681,United Kingdom,6,1407,1770.34,295.06,2011-03-31,2011-09-28,72,6,At Risk
16682,United Kingdom,5,1040,1028.00,205.60,2011-06-05,2011-12-05,4,5,Active
16684,United Kingdom,28,50255,66653.56,2380.48,2010-12-16,2011-12-05,4,28,Active
16685,United Kingdom,2,396,324.24,162.12,2011-10-09,2011-10-09,61,2,At Risk
16686,United Kingdom,7,1977,2959.88,422.84,2010-12-19,2011-10-23,47,7,Active
16688,United Kingdom,4,804,1260.86,315.22,2011-10-10,2011-12-08,1,4,Active
16689,United Kingdom,2,330,422.60,211.30,2011-09-18,2011-09-25,75,2,At Risk
16690,United Kingdom,2,138,225.58,112.79,2011-05-22,2011-09-28,72,2,At Risk
16692,United Kingdom,2,152,1276.00,638.00,2011-02-23,2011-03-28,256,2,Churned
16693,United Kingdom,2,203,477.86,238.93,2011-03-13,2011-10-02,68,2,At Risk
16696,United Kingdom,4,146,657.90,164.48,2011-04-05,2011-07-27,135,4,Churned
16697,United Kingdom,1,27,112.75,112.75,2011-04-12,2011-04-12,241,1,Churned
16698,United Kingdom,2,840,1998.00,999.00,2011-03-31,2011-04-27,226,2,Churned
16700,United Kingdom,13,4024,5076.55,390.50,2010-12-08,2011-12-01,8,13,Active
16701,United Kingdom,13,6393,5398.30,415.25,2010-12-13,2011-12-01,8,13,Active
16705,United Kingdom,20,5476,14034.99,701.75,2010-12-16,2011-12-09,0,20,Active
16706,United Kingdom,3,249,531.35,177.12,2011-08-17,2011-11-02,37,3,Active
16708,United Kingdom,1,285,656.63,656.63,2011-10-25,2011-10-25,45,1,Active
16709,United Kingdom,5,851,3029.87,605.97,2011-03-03,2011-09-16,84,5,At Risk
16710,United Kingdom,10,1823,2467.99,246.80,2010-12-06,2011-11-20,19,10,Active
16711,United Kingdom,5,833,1651.03,330.21,2010-12-17,2011-12-06,3,5,Active
16712,United Kingdom,11,1730,3611.31,328.30,2011-03-08,2011-11-30,9,11,Active
16713,United Kingdom,15,4271,6910.78,460.72,2010-12-08,2011-11-21,18,15,Active
16714,United Kingdom,3,589,1129.06,376.35,2011-01-26,2011-05-05,218,3,Churned
16715,United Kingdom,1,642,301.72,301.72,2011-09-22,2011-09-22,78,1,At Risk
16716,United Kingdom,2,120,901.20,450.60,2011-02-01,2011-03-18,266,2,Churned
16717,United Kingdom,6,1860,3843.08,640.51,2010-12-08,2011-11-16,23,6,Active
16718,United Kingdom,1,407,606.05,606.05,2010-12-05,2010-12-05,369,1,Churned
16719,United Kingdom,7,1175,1770.22,252.89,2010-12-06,2011-11-25,14,7,Active
16720,United Kingdom,1,180,152.95,152.95,2011-11-13,2011-11-13,26,1,Active
16721,United Kingdom,1,172,292.47,292.47,2011-03-22,2011-03-22,262,1,Churned
16722,United Kingdom,13,5001,4730.81,363.91,2010-12-06,2011-11-22,17,13,Active
16723,United Kingdom,2,398,576.40,288.20,2011-08-24,2011-09-09,91,2,At Risk
16725,United Kingdom,7,288,758.27,108.32,2010-12-03,2011-02-10,302,7,Churned
16726,United Kingdom,5,945,1358.74,271.75,2010-12-13,2011-11-13,26,5,Active
16727,United Kingdom,1,167,256.32,256.32,2010-12-10,2010-12-10,364,1,Churned
16728,United Kingdom,4,671,1048.28,262.07,2011-03-20,2011-10-24,46,4,Active
16729,United Kingdom,21,5722,7205.33,343.11,2011-04-12,2011-11-01,38,21,Active
16730,United Kingdom,3,994,743.11,247.70,2011-01-24,2011-10-18,52,3,Active
16732,United Kingdom,1,317,603.75,603.75,2011-11-08,2011-11-08,31,1,Active
16734,United Kingdom,3,345,646.76,215.59,2011-08-17,2011-10-18,52,3,Active
16735,United Kingdom,5,1532,2247.41,449.48,2011-01-09,2011-09-22,78,5,At Risk
16737,United Kingdom,1,288,417.60,417.60,2011-10-17,2011-10-17,53,1,Active
16738,United Kingdom,1,3,3.75,3.75,2011-02-15,2011-02-15,297,1,Churned
16739,United Kingdom,1,172,323.00,323.00,2011-06-16,2011-06-16,176,1,Churned
16742,United Kingdom,1,1,464.90,464.90,2011-10-24,2011-10-24,46,1,Active
16743,United Kingdom,7,2035,2213.13,316.16,2010-12-16,2011-11-10,29,7,Active
16744,United Kingdom,7,798,1291.91,184.56,2011-06-19,2011-11-28,11,7,Active
16745,United Kingdom,17,6719,7180.70,422.39,2011-02-01,2011-09-14,86,17,At Risk
16746,United Kingdom,18,4660,6680.11,371.12,2010-12-16,2011-12-05,4,18,Active
16747,United Kingdom,2,583,836.06,418.03,2011-10-03,2011-11-02,37,2,Active
16748,United Kingdom,5,880,1515.90,303.18,2011-01-09,2011-11-22,17,5,Active
16750,United Kingdom,5,214,623.93,124.79,2011-04-21,2011-10-26,44,5,Active
16751,United Kingdom,1,1031,1764.72,1764.72,2011-11-09,2011-11-09,30,1,Active
16752,United Kingdom,1,54,207.50,207.50,2010-12-02,2010-12-02,372,1,Churned
16753,United Kingdom,1,189,223.92,223.92,2011-10-12,2011-10-12,58,1,Active
16754,United Kingdom,1,4280,2002.40,2002.40,2010-12-02,2010-12-02,372,1,Churned
16755,United Kingdom,3,1058,1475.43,491.81,2011-01-28,2011-08-17,114,3,At Risk
16756,United Kingdom,1,106,239.40,239.40,2011-05-09,2011-05-09,214,1,Churned
16757,United Kingdom,1,81,106.83,106.83,2011-01-25,2011-01-25,318,1,Churned
16758,United Kingdom,1,203,369.34,369.34,2011-10-05,2011-10-05,65,1,At Risk
16759,United Kingdom,3,609,789.79,263.26,2011-11-09,2011-12-02,7,3,Active
16761,United Kingdom,1,341,316.62,316.62,2011-09-04,2011-09-04,96,1,At Risk
16762,United Kingdom,3,480,1207.24,402.41,2011-07-18,2011-11-20,19,3,Active
16763,United Kingdom,1,319,611.85,611.85,2011-05-25,2011-05-25,198,1,Churned
16764,United Kingdom,13,1253,2790.95,214.69,2011-07-19,2011-12-06,3,13,Active
16765,United Kingdom,1,4,34.00,34.00,2011-02-18,2011-02-18,294,1,Churned
16766,United Kingdom,2,536,1145.60,572.80,2011-03-11,2011-03-11,273,2,Churned
16767,United Kingdom,11,4423,5575.56,506.87,2011-01-27,2011-11-09,30,11,Active
16768,United Kingdom,3,196,478.09,159.36,2011-03-13,2011-10-23,47,3,Active
16769,United Kingdom,1,80,361.54,361.54,2011-03-24,2011-03-24,260,1,Churned
16770,United Kingdom,5,456,757.10,151.42,2010-12-02,2011-10-13,57,5,Active
16771,United Kingdom,5,1487,2242.61,448.52,2011-01-05,2011-11-06,33,5,Active
16773,United Kingdom,1,171,171.59,171.59,2011-10-13,2011-10-13,57,1,Active
16774,United Kingdom,4,322,661.52,165.38,2011-06-14,2011-10-03,67,4,At Risk
16775,United Kingdom,11,439,1691.51,153.77,2010-12-07,2011-11-29,10,11,Active
16776,United Kingdom,1,254,371.54,371.54,2011-10-10,2011-10-10,60,1,Active
16777,United Kingdom,2,62,222.62,111.31,2011-03-27,2011-09-20,80,2,At Risk
16778,United Kingdom,2,194,245.94,122.97,2011-03-10,2011-09-26,74,2,At Risk
16779,United Kingdom,22,5301,10611.72,482.35,2010-12-08,2011-12-07,2,22,Active
16780,United Kingdom,2,270,422.24,211.12,2011-03-25,2011-08-31,100,2,At Risk
16781,United Kingdom,1,113,311.25,311.25,2010-12-02,2010-12-02,372,1,Churned
16782,United Kingdom,13,705,2267.95,174.46,2010-12-09,2011-11-29,10,13,Active
16784,United Kingdom,1,24,107.60,107.60,2011-11-20,2011-11-20,19,1,Active
16788,United Kingdom,2,304,594.39,297.20,2011-03-30,2011-08-08,123,2,Churned
16789,United Kingdom,1,32,80.80,80.80,2011-12-01,2011-12-01,8,1,Active
16790,United Kingdom,6,898,1545.62,257.60,2011-11-02,2011-12-06,3,6,Active
16791,United Kingdom,7,757,1705.78,243.68,2011-01-11,2011-11-10,29,7,Active
16792,United Kingdom,2,44,110.38,55.19,2011-03-02,2011-03-02,282,2,Churned
16793,United Kingdom,1,146,243.84,243.84,2011-10-13,2011-10-13,57,1,Active
16794,United Kingdom,10,923,1196.50,119.65,2011-06-12,2011-12-08,1,10,Active
16795,United Kingdom,1,239,414.88,414.88,2010-12-09,2010-12-09,365,1,Churned
16796,United Kingdom,1,186,305.62,305.62,2011-09-11,2011-09-11,89,1,At Risk
16800,United Kingdom,1,524,1162.65,1162.65,2011-11-28,2011-11-28,11,1,Active
16801,United Kingdom,4,493,1594.23,398.56,2011-03-11,2011-06-29,163,4,Churned
16803,United Kingdom,1,245,332.30,332.30,2011-10-05,2011-10-05,65,1,At Risk
16804,United Kingdom,3,246,536.99,179.00,2011-03-14,2011-11-16,23,3,Active
16805,United Kingdom,2,539,460.59,230.30,2010-12-14,2011-06-19,173,2,Churned
16806,United Kingdom,4,356,762.16,190.54,2011-04-14,2011-08-28,103,4,At Risk
16807,United Kingdom,3,778,1121.59,373.86,2011-03-14,2011-07-20,142,3,Churned
16808,United Kingdom,2,196,288.42,144.21,2011-03-10,2011-09-01,99,2,At Risk
16809,United Kingdom,5,652,914.69,182.94,2011-03-22,2011-11-16,23,5,Active
16810,United Kingdom,1,114,309.54,309.54,2011-05-31,2011-05-31,192,1,Churned
16811,United Kingdom,2,477,547.07,273.54,2011-11-22,2011-12-05,4,2,Active
16812,United Kingdom,1,81,479.35,479.35,2010-12-14,2010-12-14,360,1,Churned
16813,United Kingdom,10,1501,1652.18,165.22,2011-05-19,2011-12-01,8,10,Active
16814,United Kingdom,21,2697,6416.70,305.56,2010-12-05,2011-11-25,14,21,Active
16816,United Kingdom,4,274,417.06,104.27,2010-12-16,2011-08-28,103,4,At Risk
16817,United Kingdom,9,822,1604.75,178.31,2010-12-06,2011-12-07,2,9,Active
16818,United Kingdom,11,2164,3349.57,304.51,2011-05-18,2011-11-29,10,11,Active
16820,United Kingdom,1,307,497.61,497.61,2011-09-05,2011-09-05,95,1,At Risk
16823,United Kingdom,1,136,358.38,358.38,2011-04-26,2011-04-26,227,1,Churned
16824,United Kingdom,2,236,460.64,230.32,2011-06-28,2011-11-24,15,2,Active
16825,United Kingdom,2,566,775.18,387.59,2011-06-07,2011-11-01,38,2,Active
16826,United Kingdom,1,158,341.70,341.70,2011-10-19,2011-10-19,51,1,Active
16828,United Kingdom,2,59,128.50,64.25,2011-08-19,2011-09-07,93,2,At Risk
16829,United Kingdom,1,99,197.22,197.22,2011-07-06,2011-07-06,156,1,Churned
16830,United Kingdom,1,264,325.91,325.91,2011-11-01,2011-11-01,38,1,Active
16832,United Kingdom,3,33,199.15,66.38,2011-05-06,2011-06-08,184,3,Churned
16833,United Kingdom,4,440,1106.53,276.63,2011-01-09,2011-12-08,1,4,Active
16834,United Kingdom,1,358,413.46,413.46,2011-04-26,2011-04-26,227,1,Churned
16835,United Kingdom,2,61,180.85,90.43,2010-12-01,2011-08-03,128,2,Churned
16836,United Kingdom,2,165,251.87,125.94,2011-08-15,2011-10-31,39,2,Active
16837,United Kingdom,11,1563,3170.98,288.27,2011-04-08,2011-11-08,31,11,Active
16838,United Kingdom,2,185,588.85,294.43,2011-02-24,2011-05-26,197,2,Churned
16839,United Kingdom,34,8975,16594.35,488.07,2010-12-05,2011-12-01,8,34,Active
16841,United Kingdom,6,2250,1869.82,311.64,2011-02-25,2011-11-03,36,6,Active
16842,United Kingdom,3,693,1264.19,421.40,2011-02-10,2011-08-31,100,3,At Risk
16843,United Kingdom,16,10159,10196.57,637.29,2011-01-16,2011-10-28,42,16,Active
16846,United Kingdom,1,135,214.32,214.32,2011-10-20,2011-10-20,50,1,Active
16847,United Kingdom,1,78,193.44,193.44,2011-10-27,2011-10-27,43,1,Active
16848,United Kingdom,1,182,281.42,281.42,2011-10-18,2011-10-18,52,1,Active
16849,United Kingdom,1,33,124.57,124.57,2011-06-06,2011-06-06,186,1,Churned
16850,United Kingdom,1,249,332.41,332.41,2011-01-10,2011-01-10,333,1,Churned
16851,United Kingdom,3,271,342.45,114.15,2011-10-19,2011-12-05,4,3,Active
16852,United Kingdom,2,56,144.91,72.46,2011-06-16,2011-11-29,10,2,Active
16855,United Kingdom,2,164,328.40,164.20,2011-10-27,2011-11-16,23,2,Active
16856,United Kingdom,1,12,35.40,35.40,2011-11-25,2011-11-25,14,1,Active
16858,United Kingdom,1,91,375.69,375.69,2010-12-06,2010-12-06,368,1,Churned
16859,United Kingdom,2,827,747.81,373.91,2011-03-23,2011-07-18,144,2,Churned
16861,United Kingdom,2,140,173.76,86.88,2011-07-04,2011-10-11,59,2,Active
16863,United Kingdom,2,409,502.80,251.40,2010-12-08,2011-11-08,31,2,Active
16866,United Kingdom,3,60,207.74,69.25,2011-07-01,2011-07-22,140,3,Churned
16869,United Kingdom,4,583,817.12,204.28,2011-06-17,2011-11-17,22,4,Active
16871,United Kingdom,6,1253,2812.34,468.72,2011-03-14,2011-11-17,22,6,Active
16872,United Kingdom,3,600,680.02,226.67,2011-06-08,2011-09-23,77,3,At Risk
16873,United Kingdom,6,3840,7123.62,1187.27,2010-12-10,2011-12-05,4,6,Active
16875,United Kingdom,5,1069,2095.53,419.11,2011-01-04,2011-10-03,67,5,At Risk
16877,United Kingdom,6,458,846.62,141.10,2011-05-15,2011-11-27,12,6,Active
16878,United Kingdom,1,12,13.30,13.30,2011-09-16,2011-09-16,84,1,At Risk
16880,United Kingdom,7,746,1491.43,213.06,2011-06-03,2011-11-09,30,7,Active
16881,United Kingdom,1,600,432.00,432.00,2011-10-04,2011-10-04,66,1,At Risk
16882,United Kingdom,3,424,705.12,235.04,2011-01-26,2011-10-04,66,3,At Risk
16883,United Kingdom,2,103,272.48,136.24,2010-12-03,2011-06-05,187,2,Churned
16884,United Kingdom,2,320,429.84,214.92,2011-11-02,2011-11-02,37,2,Active
16885,United Kingdom,3,178,450.41,150.14,2010-12-17,2011-11-24,15,3,Active
16887,United Kingdom,1,156,192.33,192.33,2011-11-04,2011-11-04,35,1,Active
16889,United Kingdom,3,925,1578.67,526.22,2011-01-07,2011-05-29,194,3,Churned
16891,United Kingdom,5,265,742.43,148.49,2010-12-03,2011-12-08,1,5,Active
16892,United Kingdom,5,236,518.19,103.64,2011-06-09,2011-12-08,1,5,Active
16893,United Kingdom,1,62,145.93,145.93,2010-12-08,2010-12-08,366,1,Churned
16895,United Kingdom,1,91,202.27,202.27,2011-10-06,2011-10-06,64,1,At Risk
16897,United Kingdom,2,73,289.78,144.89,2011-01-30,2011-02-13,299,2,Churned
16898,United Kingdom,3,412,501.03,167.01,2010-12-06,2011-11-13,26,3,Active
16899,United Kingdom,6,520,1271.06,211.84,2010-12-14,2011-12-02,7,6,Active
16900,United Kingdom,3,833,887.11,295.70,2011-10-07,2011-11-23,16,3,Active
16902,United Kingdom,1,629,1706.88,1706.88,2011-08-15,2011-08-15,116,1,At Risk
16903,United Kingdom,1,247,363.20,363.20,2011-11-10,2011-11-10,29,1,Active
16904,United Kingdom,16,1984,3653.75,228.36,2010-12-07,2011-12-05,4,16,Active
16905,United Kingdom,7,1381,3037.60,433.94,2010-12-03,2011-12-04,5,7,Active
16906,United Kingdom,4,263,559.59,139.90,2011-04-05,2011-09-19,81,4,At Risk
16907,United Kingdom,5,286,928.76,185.75,2010-12-09,2011-11-10,29,5,Active
16909,United Kingdom,1,436,379.14,379.14,2011-09-28,2011-09-28,72,1,At Risk
16910,United Kingdom,8,884,1508.96,188.62,2011-09-09,2011-12-05,4,8,Active
16912,United Kingdom,11,1025,2555.58,232.33,2011-01-20,2011-11-11,28,11,Active
16913,United Kingdom,1,82,113.44,113.44,2011-02-22,2011-02-22,290,1,Churned
16914,United Kingdom,1,112,183.76,183.76,2011-11-03,2011-11-03,36,1,Active
16915,United Kingdom,6,132,621.68,103.61,2011-03-01,2011-11-30,9,6,Active
16916,United Kingdom,2,431,562.41,281.21,2010-12-02,2011-11-16,23,2,Active
16917,United Kingdom,1,232,391.52,391.52,2011-03-08,2011-03-08,276,1,Churned
16918,United Kingdom,6,721,1068.82,178.14,2011-01-26,2011-10-21,49,6,Active
16919,United Kingdom,11,1403,2592.25,235.66,2010-12-06,2011-07-06,156,11,Churned
16921,United Kingdom,1,154,154.18,154.18,2011-10-09,2011-10-09,61,1,At Risk
16923,United Kingdom,19,3344,7069.08,372.06,2010-12-12,2011-11-27,12,19,Active
16924,United Kingdom,3,467,829.89,276.63,2011-09-16,2011-11-18,21,3,Active
16926,United Kingdom,1,35,230.25,230.25,2010-12-03,2010-12-03,371,1,Churned
16927,United Kingdom,3,993,543.05,181.02,2010-12-13,2011-08-16,115,3,At Risk
16928,United Kingdom,17,2092,2814.70,165.57,2010-12-01,2011-09-20,80,17,At Risk
16929,United Kingdom,7,929,1295.39,185.06,2011-07-07,2011-12-06,3,7,Active
16930,United Kingdom,3,339,378.89,126.30,2011-10-02,2011-11-13,26,3,Active
16931,United Kingdom,21,3134,4554.87,216.90,2010-12-05,2011-12-04,5,21,Active
16932,United Kingdom,1,82,150.23,150.23,2011-10-17,2011-10-17,53,1,Active
16933,United Kingdom,2,288,563.23,281.62,2011-04-14,2011-12-08,1,2,Active
16934,United Kingdom,2,397,931.03,465.52,2011-10-16,2011-10-16,54,2,Active
16936,United Kingdom,1,171,261.90,261.90,2011-11-14,2011-11-14,25,1,Active
16938,United Kingdom,4,2533,2711.68,677.92,2011-02-04,2011-12-01,8,4,Active
16940,United Kingdom,3,2169,3049.88,1016.63,2011-02-23,2011-10-18,52,3,Active
16942,United Kingdom,9,805,1904.99,211.67,2011-04-26,2011-11-27,12,9,Active
16943,United Kingdom,3,145,816.73,272.24,2011-01-25,2011-05-12,211,3,Churned
16945,United Kingdom,19,2725,4345.50,228.71,2010-12-16,2011-11-18,21,19,Active
16947,United Kingdom,1,312,406.48,406.48,2011-04-18,2011-04-18,235,1,Churned
16948,United Kingdom,3,1614,435.02,145.01,2011-01-18,2011-07-24,138,3,Churned
16949,United Kingdom,6,791,1286.27,214.38,2011-01-27,2011-12-06,3,6,Active
16950,United Kingdom,3,644,1178.56,392.85,2010-12-07,2011-10-14,56,3,Active
16951,United Kingdom,3,1318,1277.75,425.92,2011-02-08,2011-07-28,134,3,Churned
16952,United Kingdom,2,92,167.61,83.81,2011-08-22,2011-08-22,109,2,At Risk
16953,United Kingdom,1,10,20.80,20.80,2011-11-09,2011-11-09,30,1,Active
16954,United Kingdom,9,1054,2085.08,231.68,2010-12-15,2011-12-09,0,9,Active
16955,United Kingdom,4,266,518.67,129.67,2010-12-01,2011-06-08,184,4,Churned
16956,United Kingdom,1,114,308.74,308.74,2011-11-22,2011-11-22,17,1,Active
16957,United Kingdom,2,172,416.64,208.32,2011-03-03,2011-04-14,239,2,Churned
16959,United Kingdom,1,49,117.35,117.35,2011-09-13,2011-09-13,87,1,At Risk
16960,United Kingdom,3,304,507.05,169.02,2011-04-01,2011-11-01,38,3,Active
16961,United Kingdom,1,125,234.17,234.17,2011-08-15,2011-08-15,116,1,At Risk
16963,United Kingdom,1,35,110.55,110.55,2011-06-05,2011-06-05,187,1,Churned
16965,United Kingdom,1,291,201.19,201.19,2011-04-27,2011-04-27,226,1,Churned
16966,United Kingdom,7,1981,2154.97,307.85,2011-04-13,2011-12-01,8,7,Active
16967,United Kingdom,1,333,319.02,319.02,2011-06-03,2011-06-03,189,1,Churned
16968,United Kingdom,2,326,439.43,219.72,2011-08-24,2011-12-05,4,2,Active
16969,United Kingdom,3,816,650.41,216.80,2011-06-01,2011-10-31,39,3,Active
16971,United Kingdom,1,72,357.21,357.21,2011-11-01,2011-11-01,38,1,Active
16976,United Kingdom,1,88,251.52,251.52,2011-03-17,2011-03-17,267,1,Churned
16978,United Kingdom,1,166,344.33,344.33,2011-09-23,2011-09-23,77,1,At Risk
16979,United Kingdom,6,865,1852.00,308.67,2011-02-15,2011-12-06,3,6,Active
16980,United Kingdom,2,739,1028.46,514.23,2011-02-21,2011-03-29,255,2,Churned
16982,United Kingdom,1,182,384.06,384.06,2011-10-10,2011-10-10,60,1,Active
16983,United Kingdom,7,1335,1905.87,272.27,2010-12-05,2011-11-27,12,7,Active
16984,United Kingdom,2,2380,4459.52,2229.76,2011-08-01,2011-09-12,88,2,At Risk
16985,United Kingdom,10,1832,5464.12,546.41,2010-12-16,2011-11-22,17,10,Active
16986,United Kingdom,2,1040,1873.20,936.60,2011-11-09,2011-11-10,29,2,Active
16987,United Kingdom,7,401,1616.80,230.97,2011-05-18,2011-12-06,3,7,Active
16988,United Kingdom,1,43,126.12,126.12,2011-12-04,2011-12-04,5,1,Active
16989,United Kingdom,6,1233,1133.25,188.88,2011-07-12,2011-12-02,7,6,Active
16990,United Kingdom,1,100,179.00,179.00,2011-05-05,2011-05-05,218,1,Churned
16992,United Kingdom,5,860,1614.31,322.86,2011-02-28,2011-11-29,10,5,Active
16996,United Kingdom,6,544,1456.96,242.83,2010-12-21,2011-11-09,30,6,Active
16997,United Kingdom,3,360,702.00,234.00,2011-01-18,2011-02-24,288,3,Churned
16998,United Kingdom,4,76,295.00,73.75,2011-02-08,2011-07-13,149,4,Churned
16999,United Kingdom,2,294,484.82,242.41,2011-09-26,2011-11-16,23,2,Active
17001,United Kingdom,11,2164,3989.57,362.69,2010-12-16,2011-12-09,0,11,Active
17002,United Kingdom,3,679,1493.73,497.91,2011-02-22,2011-09-15,85,3,At Risk
17004,United Kingdom,2,771,1312.14,656.07,2011-09-08,2011-10-24,46,2,Active
17006,United Kingdom,4,272,781.78,195.45,2011-09-25,2011-12-05,4,4,Active
17007,United Kingdom,6,597,889.93,148.32,2010-12-17,2011-10-20,50,6,Active
17010,United Kingdom,1,118,195.36,195.36,2011-11-21,2011-11-21,18,1,Active
17011,United Kingdom,1,186,270.90,270.90,2011-11-09,2011-11-09,30,1,Active
17014,United Kingdom,3,243,583.43,194.48,2011-10-04,2011-12-01,8,3,Active
17015,United Kingdom,3,1978,1838.61,612.87,2011-06-07,2011-11-11,28,3,Active
17017,United Kingdom,20,6673,8694.26,434.71,2010-12-02,2011-12-07,2,20,Active
17018,United Kingdom,2,176,920.10,460.05,2011-01-18,2011-10-30,40,2,Active
17019,United Kingdom,4,820,1258.08,314.52,2010-12-06,2011-11-28,11,4,Active
17022,United Kingdom,1,108,71.00,71.00,2011-11-08,2011-11-08,31,1,Active
17024,United Kingdom,3,69,95.85,31.95,2011-07-05,2011-10-25,45,3,Active
17025,United Kingdom,3,235,357.77,119.26,2010-12-01,2011-10-10,60,3,Active
17026,United Kingdom,2,97,154.83,77.42,2010-12-05,2011-06-07,185,2,Churned
17027,United Kingdom,6,416,877.56,146.26,2011-01-26,2011-09-22,78,6,At Risk
17029,United Kingdom,2,400,716.00,358.00,2011-04-17,2011-08-21,110,2,At Risk
17030,United Kingdom,1,146,146.87,146.87,2011-10-07,2011-10-07,63,1,At Risk
17031,United Kingdom,2,235,380.35,190.18,2011-07-08,2011-11-28,11,2,Active
17033,United Kingdom,3,750,1030.14,343.38,2010-12-15,2011-09-14,86,3,At Risk
17034,United Kingdom,3,410,745.52,248.51,2011-02-25,2011-11-23,16,3,Active
17035,United Kingdom,2,229,433.53,216.77,2011-02-01,2011-04-08,245,2,Churned
17037,United Kingdom,1,656,1267.32,1267.32,2011-09-13,2011-09-13,87,1,At Risk
17038,United Kingdom,1,28,112.40,112.40,2011-11-09,2011-11-09,30,1,Active
17040,United Kingdom,1,181,449.73,449.73,2011-07-25,2011-07-25,137,1,Churned
17041,United Kingdom,3,927,1071.49,357.16,2010-12-14,2011-11-13,26,3,Active
17042,United Kingdom,5,990,1036.58,207.32,2011-04-06,2011-12-07,2,5,Active
17043,United Kingdom,4,998,1735.18,433.80,2011-03-18,2011-11-07,32,4,Active
17044,United Kingdom,1,504,948.48,948.48,2011-11-14,2011-11-14,25,1,Active
17045,United Kingdom,3,106,339.44,113.15,2011-04-06,2011-08-18,113,3,At Risk
17046,United Kingdom,1,510,642.02,642.02,2011-07-05,2011-07-05,157,1,Churned
17047,United Kingdom,3,533,1100.90,366.97,2011-05-18,2011-09-15,85,3,At Risk
17048,United Kingdom,3,485,925.35,308.45,2011-01-12,2011-08-14,117,3,At Risk
17049,United Kingdom,9,2673,5655.03,628.34,2011-03-09,2011-12-07,2,9,Active
17050,United Kingdom,6,1595,3185.64,530.94,2011-02-13,2011-09-04,96,6,At Risk
17051,United Kingdom,1,179,240.89,240.89,2011-05-29,2011-05-29,194,1,Churned
17052,United Kingdom,1,251,399.09,399.09,2011-11-11,2011-11-11,28,1,Active
17053,United Kingdom,1,122,498.48,498.48,2011-08-01,2011-08-01,130,1,Churned
17054,United Kingdom,5,804,1356.33,271.27,2011-04-08,2011-11-11,28,5,Active
17058,United Kingdom,3,592,1179.89,393.30,2011-04-14,2011-09-19,81,3,At Risk
17059,United Kingdom,5,1850,3080.39,616.08,2010-12-05,2011-11-10,29,5,Active
17060,United Kingdom,1,216,234.24,234.24,2011-03-18,2011-03-18,266,1,Churned
17061,United Kingdom,11,1526,5232.23,475.66,2011-04-21,2011-09-27,73,11,At Risk
17062,United Kingdom,4,418,533.33,133.33,2010-12-05,2011-01-30,313,4,Churned
17063,United Kingdom,7,770,1461.14,208.73,2011-02-23,2011-11-18,21,7,Active
17064,United Kingdom,3,316,855.45,285.15,2011-01-16,2011-10-12,58,3,Active
17068,United Kingdom,21,2164,4552.14,216.77,2010-12-06,2011-11-27,12,21,Active
17069,United Kingdom,9,1506,2709.70,301.08,2010-12-01,2011-11-11,28,9,Active
17070,United Kingdom,1,131,304.24,304.24,2011-08-17,2011-08-17,114,1,At Risk
17071,United Kingdom,9,1197,2429.03,269.89,2011-02-03,2011-11-11,28,9,Active
17073,United Kingdom,4,759,1446.09,361.52,2011-08-22,2011-11-22,17,4,Active
17075,United Kingdom,4,292,834.12,208.53,2011-01-26,2011-11-22,17,4,Active
17076,United Kingdom,3,295,841.08,280.36,2010-12-10,2011-11-03,36,3,Active
17078,United Kingdom,2,788,378.20,189.10,2011-11-03,2011-11-03,36,2,Active
17079,United Kingdom,1,24,118.80,118.80,2011-09-22,2011-09-22,78,1,At Risk
17080,United Kingdom,2,166,287.62,143.81,2011-03-15,2011-11-17,22,2,Active
17081,United Kingdom,2,77,288.91,144.46,2011-10-24,2011-11-14,25,2,Active
17082,United Kingdom,2,1049,2003.85,1001.93,2011-01-25,2011-11-06,33,2,Active
17083,United Kingdom,3,772,1405.78,468.59,2011-02-09,2011-08-22,109,3,At Risk
17084,United Kingdom,2,1702,2747.99,1374.00,2011-11-04,2011-11-04,35,2,Active
17085,United Kingdom,5,785,1562.40,312.48,2010-12-12,2011-08-08,123,5,Churned
17086,United Kingdom,6,1859,2050.08,341.68,2011-10-07,2011-12-02,7,6,Active
17088,United Kingdom,4,868,1991.01,497.75,2011-03-31,2011-11-11,28,4,Active
17090,United Kingdom,7,903,1974.65,282.09,2010-12-20,2011-12-05,4,7,Active
17091,United Kingdom,9,1746,3827.76,425.31,2010-12-07,2011-12-07,2,9,Active
17092,United Kingdom,4,1130,1774.03,443.51,2011-03-07,2011-10-20,50,4,Active
17094,United Kingdom,1,152,302.00,302.00,2011-01-21,2011-01-21,322,1,Churned
17095,United Kingdom,3,618,1324.16,441.39,2011-01-09,2011-11-17,22,3,Active
17096,United Kingdom,4,339,1022.13,255.53,2011-03-23,2011-11-24,15,4,Active
17097,Spain,8,459,954.42,119.30,2010-12-09,2011-12-07,2,8,Active
17100,United Kingdom,2,800,971.74,485.87,2011-11-21,2011-11-21,18,2,Active
17101,United Kingdom,4,815,1621.73,405.43,2011-06-14,2011-11-29,10,4,Active
17102,United Kingdom,1,2,25.50,25.50,2011-03-23,2011-03-23,261,1,Churned
17105,United Kingdom,2,693,665.78,332.89,2011-02-06,2011-07-03,159,2,Churned
17107,United Kingdom,6,4826,10797.48,1799.58,2011-03-06,2011-11-06,33,6,Active
17109,United Kingdom,6,588,881.29,146.88,2011-04-21,2011-11-10,29,6,Active
17110,United Kingdom,1,50,163.30,163.30,2011-06-27,2011-06-27,165,1,Churned
17111,United Kingdom,1,282,231.61,231.61,2011-10-23,2011-10-23,47,1,Active
17114,United Kingdom,8,215,801.12,100.14,2011-01-09,2011-12-04,5,8,Active
17115,United Kingdom,3,372,837.50,279.17,2011-04-20,2011-12-01,8,3,Active
17117,United Kingdom,1,68,116.20,116.20,2011-02-24,2011-02-24,288,1,Churned
17118,United Kingdom,1,154,157.02,157.02,2011-01-26,2011-01-26,317,1,Churned
17119,United Kingdom,2,334,606.91,303.46,2011-10-11,2011-12-06,3,2,Active
17120,United Kingdom,1,120,307.46,307.46,2011-04-20,2011-04-20,233,1,Churned
17122,United Kingdom,1,80,138.32,138.32,2011-08-12,2011-08-12,119,1,At Risk
17123,United Kingdom,1,246,345.30,345.30,2011-07-01,2011-07-01,161,1,Churned
17124,United Kingdom,1,129,294.24,294.24,2011-06-07,2011-06-07,185,1,Churned
17125,United Kingdom,1,281,230.50,230.50,2011-10-20,2011-10-20,50,1,Active
17126,United Kingdom,5,780,989.45,197.89,2010-12-12,2011-07-10,152,5,Churned
17128,United Kingdom,1,76,157.09,157.09,2011-01-09,2011-01-09,334,1,Churned
17131,United Kingdom,5,983,2463.17,492.63,2011-09-25,2011-12-04,5,5,Active
17133,United Kingdom,7,2730,4892.24,698.89,2011-03-18,2011-11-24,15,7,Active
17134,United Kingdom,2,98,413.20,206.60,2011-03-20,2011-08-25,106,2,At Risk
17135,United Kingdom,7,1224,1139.73,162.82,2010-12-03,2011-11-23,16,7,Active
17138,United Kingdom,1,126,380.50,380.50,2011-03-09,2011-03-09,275,1,Churned
17139,United Kingdom,12,5176,10650.77,887.56,2011-02-24,2011-11-24,15,12,Active
17140,United Kingdom,1,296,454.12,454.12,2011-04-06,2011-04-06,247,1,Churned
17142,United Kingdom,1,81,579.00,579.00,2011-04-14,2011-04-14,239,1,Churned
17144,United Kingdom,2,483,984.57,492.29,2011-09-16,2011-12-08,1,2,Active
17146,United Kingdom,3,212,749.78,249.93,2010-12-16,2011-08-26,105,3,At Risk
17147,United Kingdom,4,882,1714.59,428.65,2011-02-01,2011-11-17,22,4,Active
17148,United Kingdom,1,82,124.88,124.88,2011-10-19,2011-10-19,51,1,Active
17152,United Kingdom,3,517,1689.50,563.17,2011-03-21,2011-05-29,194,3,Churned
17153,United Kingdom,1,104,213.78,213.78,2011-11-15,2011-11-15,24,1,Active
17154,United Kingdom,1,490,329.34,329.34,2011-09-25,2011-09-25,75,1,At Risk
17155,United Kingdom,2,242,251.70,125.85,2011-06-15,2011-11-22,17,2,Active
17157,United Kingdom,2,172,319.00,159.50,2011-06-16,2011-12-02,7,2,Active
17158,United Kingdom,3,778,1266.97,422.32,2010-12-14,2011-11-07,32,3,Active
17159,United Kingdom,3,1111,1538.88,512.96,2011-06-21,2011-11-18,21,3,Active
17160,United Kingdom,6,2856,3518.03,586.34,2011-04-12,2011-11-08,31,6,Active
17162,United Kingdom,10,1001,1715.46,171.55,2011-02-07,2011-11-11,28,10,Active
17163,United Kingdom,2,66,293.10,146.55,2011-09-22,2011-11-18,21,2,Active
17164,United Kingdom,7,1501,2467.35,352.48,2011-03-11,2011-11-07,32,7,Active
17165,United Kingdom,1,100,158.68,158.68,2011-02-28,2011-02-28,284,1,Churned
17166,United Kingdom,2,78,206.34,103.17,2011-05-20,2011-11-01,38,2,Active
17169,United Kingdom,2,526,835.78,417.89,2011-06-09,2011-10-13,57,2,Active
17171,United Kingdom,1,185,224.91,224.91,2011-02-23,2011-02-23,289,1,Churned
17172,United Kingdom,1,480,317.76,317.76,2011-09-22,2011-09-22,78,1,At Risk
17173,United Kingdom,8,1122,3766.60,470.83,2011-07-31,2011-12-04,5,8,Active
17174,United Kingdom,1,41,59.90,59.90,2011-05-06,2011-05-06,217,1,Churned
17175,United Kingdom,4,866,1443.69,360.92,2011-02-16,2011-10-26,44,4,Active
17176,United Kingdom,1,170,306.13,306.13,2011-05-22,2011-05-22,201,1,Churned
17179,United Kingdom,3,290,711.79,237.26,2010-12-13,2011-06-14,178,3,Churned
17180,United Kingdom,4,670,783.97,195.99,2011-01-27,2011-10-14,56,4,Active
17181,United Kingdom,2,241,239.92,119.96,2010-12-01,2011-10-13,57,2,Active
17183,United Kingdom,6,1296,3347.31,557.89,2011-08-26,2011-12-02,7,6,Active
17186,United Kingdom,2,200,144.00,72.00,2011-10-10,2011-10-24,46,2,Active
17187,United Kingdom,1,144,203.95,203.95,2011-04-27,2011-04-27,226,1,Churned
17188,United Kingdom,7,1328,2474.23,353.46,2010-12-12,2011-11-28,11,7,Active
17189,United Kingdom,2,226,383.75,191.88,2010-12-15,2011-08-25,106,2,At Risk
17190,United Kingdom,2,161,444.74,222.37,2011-05-16,2011-10-12,58,2,Active
17191,United Kingdom,7,1166,2093.68,299.10,2010-12-06,2011-11-11,28,7,Active
17193,United Kingdom,7,1254,1699.30,242.76,2011-06-16,2011-11-04,35,7,Active
17194,United Kingdom,2,119,262.62,131.31,2010-12-14,2011-03-11,273,2,Churned
17197,United Kingdom,1,191,1013.01,1013.01,2011-11-10,2011-11-10,29,1,Active
17198,United Kingdom,3,357,692.22,230.74,2010-12-03,2011-11-16,23,3,Active
17201,United Kingdom,1,231,289.78,289.78,2011-10-17,2011-10-17,53,1,Active
17203,United Kingdom,6,2846,3560.08,593.35,2011-10-10,2011-11-04,35,6,Active
17204,United Kingdom,4,646,1564.56,391.14,2011-03-21,2011-06-17,175,4,Churned
17205,United Kingdom,1,884,384.08,384.08,2011-10-17,2011-10-17,53,1,Active
17206,United Kingdom,1,76,204.24,204.24,2011-10-17,2011-10-17,53,1,Active
17211,United Kingdom,8,1323,2317.22,289.65,2010-12-05,2011-11-13,26,8,Active
17212,United Kingdom,1,147,226.85,226.85,2011-03-31,2011-03-31,253,1,Churned
17213,United Kingdom,7,1176,2781.23,397.32,2010-12-08,2011-10-30,40,7,Active
17214,United Kingdom,6,272,1059.12,176.52,2010-12-15,2011-10-10,60,6,Active
17217,United Kingdom,1,24,113.50,113.50,2011-04-19,2011-04-19,234,1,Churned
17218,United Kingdom,10,955,1951.97,195.20,2010-12-06,2011-12-05,4,10,Active
17219,United Kingdom,1,89,114.23,114.23,2011-11-08,2011-11-08,31,1,Active
17220,United Kingdom,14,1897,3187.55,227.68,2010-12-10,2011-11-15,24,14,Active
17221,United Kingdom,2,287,334.48,167.24,2011-11-03,2011-12-02,7,2,Active
17222,United Kingdom,1,122,328.65,328.65,2011-10-05,2011-10-05,65,1,At Risk
17223,United Kingdom,2,110,416.89,208.45,2010-12-06,2011-02-02,310,2,Churned
17226,United Kingdom,1,406,393.49,393.49,2011-02-04,2011-02-04,308,1,Churned
17227,United Kingdom,6,741,939.32,156.55,2010-12-06,2011-11-21,18,6,Active
17228,United Kingdom,8,1532,1906.09,238.26,2010-12-02,2011-11-24,15,8,Active
17229,United Kingdom,2,185,318.76,159.38,2011-07-20,2011-09-04,96,2,At Risk
17230,United Kingdom,8,1651,3638.41,454.80,2010-12-15,2011-03-20,264,8,Churned
17231,United Kingdom,10,1724,3124.72,312.47,2010-12-13,2011-11-27,12,10,Active
17232,United Kingdom,2,202,417.77,208.89,2011-11-25,2011-12-07,2,2,Active
17233,United Kingdom,1,131,190.88,190.88,2011-11-04,2011-11-04,35,1,Active
17234,United Kingdom,1,55,149.89,149.89,2011-06-10,2011-06-10,182,1,Churned
17235,United Kingdom,2,224,550.06,275.03,2010-12-02,2011-11-14,25,2,Active
17236,United Kingdom,6,474,916.13,152.69,2010-12-12,2011-11-27,12,6,Active
17237,United Kingdom,2,105,314.69,157.35,2011-11-17,2011-11-28,11,2,Active
17238,United Kingdom,17,1807,3719.10,218.77,2010-12-03,2011-12-07,2,17,Active
17239,United Kingdom,1,150,382.50,382.50,2011-01-31,2011-01-31,312,1,Churned
17242,United Kingdom,2,611,1135.04,567.52,2011-06-12,2011-08-23,108,2,At Risk
17243,United Kingdom,26,3320,8540.05,328.46,2010-12-05,2011-12-08,1,26,Active
17244,United Kingdom,1,616,954.90,954.90,2011-10-17,2011-10-17,53,1,Active
17245,United Kingdom,1,75,171.45,171.45,2011-05-19,2011-05-19,204,1,Churned
17247,United Kingdom,1,105,280.09,280.09,2011-11-24,2011-11-24,15,1,Active
17248,United Kingdom,1,213,318.65,318.65,2011-08-11,2011-08-11,120,1,At Risk
17250,United Kingdom,2,167,381.97,190.99,2011-03-23,2011-12-06,3,2,Active
17251,United Kingdom,1,108,269.83,269.83,2010-12-12,2010-12-12,362,1,Churned
17252,United Kingdom,2,192,348.91,174.46,2011-06-06,2011-08-15,116,2,At Risk
17253,United Kingdom,1,43,178.26,178.26,2011-11-21,2011-11-21,18,1,Active
17254,United Kingdom,2,251,271.19,135.60,2011-11-24,2011-12-05,4,2,Active
17255,United Kingdom,2,227,291.48,145.74,2011-02-13,2011-10-30,40,2,Active
17256,United Kingdom,2,141,240.00,120.00,2011-01-31,2011-08-24,107,2,At Risk
17259,United Kingdom,2,388,581.23,290.62,2010-12-06,2011-07-14,148,2,Churned
17262,United Kingdom,5,367,1253.36,250.67,2010-12-08,2011-10-18,52,5,Active
17263,United Kingdom,1,36,63.44,63.44,2011-05-15,2011-05-15,208,1,Churned
17265,United Kingdom,2,389,550.01,275.01,2011-06-12,2011-07-24,138,2,Churned
17266,United Kingdom,3,153,296.58,98.86,2011-07-15,2011-12-07,2,3,Active
17267,United Kingdom,2,158,317.20,158.60,2011-08-04,2011-08-04,127,2,Churned
17268,United Kingdom,4,844,763.64,190.91,2011-04-08,2011-08-24,107,4,At Risk
17272,United Kingdom,4,1778,2148.63,537.16,2011-03-22,2011-10-28,42,4,Active
17274,United Kingdom,1,77,107.82,107.82,2011-11-04,2011-11-04,35,1,Active
17277,United Kingdom,2,430,1065.35,532.68,2011-01-21,2011-04-26,227,2,Churned
17278,United Kingdom,1,179,246.04,246.04,2011-04-12,2011-04-12,241,1,Churned
17279,United Kingdom,1,48,187.83,187.83,2011-10-13,2011-10-13,57,1,Active
17282,United Kingdom,3,1866,1685.46,561.82,2011-02-13,2011-08-01,130,3,Churned
17284,United Kingdom,6,1362,1647.48,274.58,2011-01-07,2011-10-10,60,6,Active
17286,United Kingdom,1,117,151.37,151.37,2011-11-18,2011-11-18,21,1,Active
17287,United Kingdom,7,556,1049.06,149.87,2010-12-02,2011-11-13,26,7,Active
17288,United Kingdom,7,1201,1417.63,202.52,2010-12-16,2011-11-30,9,7,Active
17289,United Kingdom,3,513,931.02,310.34,2011-06-12,2011-11-08,31,3,Active
17290,United Kingdom,2,397,513.01,256.51,2011-11-23,2011-12-06,3,2,Active
17291,United Kingdom,1,72,550.80,550.80,2011-02-04,2011-02-04,308,1,Churned
17293,United Kingdom,9,1135,1854.06,206.01,2010-12-13,2011-12-01,8,9,Active
17295,United Kingdom,3,293,547.00,182.33,2011-10-06,2011-11-11,28,3,Active
17297,United Kingdom,1,65,128.18,128.18,2011-11-22,2011-11-22,17,1,Active
17298,United Kingdom,2,387,498.42,249.21,2011-08-07,2011-08-30,101,2,At Risk
17299,United Kingdom,4,668,656.61,164.15,2011-06-19,2011-11-28,11,4,Active
17301,United Kingdom,1,137,163.24,163.24,2011-11-18,2011-11-18,21,1,Active
17302,United Kingdom,5,575,1135.63,227.13,2011-02-07,2011-11-25,14,5,Active
17303,United Kingdom,1,144,250.04,250.04,2010-12-13,2010-12-13,361,1,Churned
17306,United Kingdom,19,11491,8631.31,454.28,2010-12-21,2011-11-29,10,19,Active
17309,United Kingdom,1,41,82.75,82.75,2011-09-05,2011-09-05,95,1,At Risk
17311,United Kingdom,2,1005,1384.85,692.43,2011-01-27,2011-09-22,78,2,At Risk
17312,United Kingdom,3,372,644.30,214.77,2011-07-03,2011-07-24,138,3,Churned
17313,United Kingdom,1,1402,2328.84,2328.84,2011-11-08,2011-11-08,31,1,Active
17314,United Kingdom,8,1896,2527.92,315.99,2011-01-31,2011-11-15,24,8,Active
17315,United Kingdom,38,3863,6281.23,165.30,2010-12-17,2011-12-08,1,38,Active
17317,United Kingdom,3,1146,2600.34,866.78,2011-09-11,2011-10-24,46,3,Active
17320,United Kingdom,3,634,1200.62,400.21,2010-12-06,2011-08-31,100,3,At Risk
17321,United Kingdom,2,364,657.16,328.58,2011-10-03,2011-12-01,8,2,Active
17323,United Kingdom,7,760,906.52,129.50,2011-02-20,2011-11-24,15,7,Active
17324,United Kingdom,4,843,986.48,246.62,2010-12-08,2011-11-22,17,4,Active
17325,United Kingdom,1,60,96.80,96.80,2011-03-04,2011-03-04,280,1,Churned
17329,United Kingdom,2,142,523.11,261.56,2011-01-28,2011-11-25,14,2,Active
17330,United Kingdom,2,120,363.90,181.95,2011-10-03,2011-11-17,22,2,Active
17331,United Kingdom,1,16,175.20,175.20,2011-08-08,2011-08-08,123,1,Churned
17333,United Kingdom,1,375,494.25,494.25,2011-09-15,2011-09-15,85,1,At Risk
17334,United Kingdom,2,315,307.02,153.51,2011-02-04,2011-02-10,302,2,Churned
17337,United Kingdom,4,1247,1981.06,495.27,2011-02-02,2011-07-11,151,4,Churned
17338,United Kingdom,8,3059,6493.54,811.69,2010-12-13,2011-11-22,17,8,Active
17339,United Kingdom,2,152,243.36,121.68,2010-12-09,2011-09-06,94,2,At Risk
17340,United Kingdom,11,5967,12353.29,1123.03,2010-12-08,2011-11-10,29,11,Active
17341,United Kingdom,3,443,682.29,227.43,2010-12-08,2011-07-06,156,3,Churned
17343,United Kingdom,1,56,193.64,193.64,2010-12-19,2010-12-19,355,1,Churned
17344,United Kingdom,1,65,157.62,157.62,2011-10-24,2011-10-24,46,1,Active
17345,United Kingdom,4,341,519.69,129.92,2011-05-27,2011-11-24,15,4,Active
17346,United Kingdom,15,1617,2622.88,174.86,2010-12-01,2011-12-06,3,15,Active
17347,United Kingdom,1,216,228.96,228.96,2011-09-14,2011-09-14,86,1,At Risk
17348,United Kingdom,5,1398,1156.60,231.32,2011-02-15,2011-11-25,14,5,Active
17349,United Kingdom,1,102,98.25,98.25,2011-06-13,2011-06-13,179,1,Churned
17350,United Kingdom,4,770,1281.32,320.33,2011-10-19,2011-12-01,8,4,Active
17351,United Kingdom,3,113,587.15,195.72,2011-03-11,2011-11-03,36,3,Active
17353,United Kingdom,2,1200,1740.00,870.00,2011-07-08,2011-08-02,129,2,Churned
17354,United Kingdom,1,1006,1393.06,1393.06,2011-10-20,2011-10-20,50,1,Active
17356,United Kingdom,1,166,178.22,178.22,2011-02-01,2011-02-01,311,1,Churned
17357,United Kingdom,2,152,384.39,192.20,2011-11-15,2011-11-15,24,2,Active
17358,United Kingdom,2,190,360.81,180.41,2010-12-19,2011-02-09,303,2,Churned
17359,United Kingdom,1,161,127.86,127.86,2011-11-28,2011-11-28,11,1,Active
17360,United Kingdom,3,328,568.24,189.41,2011-06-08,2011-11-22,17,3,Active
17361,United Kingdom,3,157,488.20,162.73,2011-02-21,2011-10-21,49,3,Active
17362,United Kingdom,2,191,312.23,156.12,2011-02-03,2011-04-14,239,2,Churned
17364,United Kingdom,11,2692,4462.68,405.70,2011-01-12,2011-12-09,0,11,Active
17365,United Kingdom,8,4749,4767.36,595.92,2011-01-11,2011-11-27,12,8,Active
17367,United Kingdom,1,149,167.55,167.55,2011-04-15,2011-04-15,238,1,Churned
17368,United Kingdom,8,1377,1878.87,234.86,2011-01-06,2011-11-16,23,8,Active
17370,United Kingdom,4,540,446.18,111.55,2011-06-23,2011-09-28,72,4,At Risk
17371,United Kingdom,3,151,418.40,139.47,2010-12-13,2011-11-22,17,3,Active
17372,United Kingdom,8,747,1337.18,167.15,2010-12-12,2011-10-30,40,8,Active
17373,United Kingdom,4,408,646.92,161.73,2011-01-31,2011-10-30,40,4,Active
17374,United Kingdom,2,85,495.77,247.89,2011-03-03,2011-05-05,218,2,Churned
17375,United Kingdom,3,367,400.10,133.37,2010-12-13,2011-05-24,199,3,Churned
17376,United Kingdom,2,86,203.20,101.60,2011-02-01,2011-09-30,70,2,At Risk
17377,United Kingdom,20,2038,4058.32,202.92,2010-12-01,2011-11-16,23,20,Active
17379,United Kingdom,1,623,389.72,389.72,2011-11-28,2011-11-28,11,1,Active
17381,United Kingdom,29,25649,20275.61,699.16,2010-12-02,2011-12-01,8,29,Active
17382,United Kingdom,1,25,65.40,65.40,2011-10-05,2011-10-05,65,1,At Risk
17383,United Kingdom,1,148,193.39,193.39,2011-12-05,2011-12-05,4,1,Active
17384,United Kingdom,2,88,336.40,168.20,2011-05-04,2011-11-20,19,2,Active
17385,United Kingdom,1,197,256.11,256.11,2011-11-25,2011-11-25,14,1,Active
17386,United Kingdom,6,1902,2686.42,447.74,2011-06-27,2011-12-02,7,6,Active
17387,United Kingdom,2,522,746.81,373.41,2011-11-06,2011-11-20,19,2,Active
17388,United Kingdom,4,1068,1259.56,314.89,2011-02-25,2011-09-23,77,4,At Risk
17389,United Kingdom,34,7612,31833.68,936.28,2011-01-12,2011-12-09,0,34,Active
17391,United Kingdom,2,480,508.80,254.40,2011-06-28,2011-06-29,163,2,Churned
17392,United Kingdom,2,277,417.27,208.64,2010-12-16,2011-02-06,306,2,Churned
17394,United Kingdom,1,241,203.87,203.87,2011-05-04,2011-05-04,219,1,Churned
17396,United Kingdom,8,2005,7330.80,916.35,2010-12-03,2011-10-31,39,8,Active
17397,United Kingdom,2,250,681.41,340.71,2011-11-17,2011-11-17,22,2,Active
17398,United Kingdom,3,310,653.38,217.79,2011-03-29,2011-08-17,114,3,At Risk
17400,United Kingdom,5,1088,2097.84,419.57,2010-12-21,2011-08-05,126,5,Churned
17402,United Kingdom,13,701,2633.85,202.60,2010-12-05,2011-12-05,4,13,Active
17403,United Kingdom,1,111,263.92,263.92,2011-11-03,2011-11-03,36,1,Active
17404,Sweden,15,32748,31906.82,2127.12,2010-12-14,2011-12-05,4,15,Active
17405,United Kingdom,3,726,1031.41,343.80,2011-07-12,2011-12-08,1,3,Active
17406,United Kingdom,3,780,2184.42,728.14,2010-12-08,2011-01-10,333,3,Churned
17408,United Kingdom,1,3,32.65,32.65,2011-06-29,2011-06-29,163,1,Churned
17409,United Kingdom,2,105,771.85,385.93,2011-04-05,2011-06-08,184,2,Churned
17410,United Kingdom,5,616,1214.72,242.94,2011-05-08,2011-11-23,16,5,Active
17411,United Kingdom,3,306,778.94,259.65,2011-03-23,2011-11-27,12,3,Active
17412,United Kingdom,7,738,1258.06,179.72,2010-12-02,2011-12-07,2,7,Active
17414,United Kingdom,2,2100,778.00,389.00,2011-06-08,2011-10-27,43,2,Active
17415,United Kingdom,1,114,507.84,507.84,2011-09-21,2011-09-21,79,1,At Risk
17416,United Kingdom,7,4302,6893.42,984.77,2011-03-03,2011-11-10,29,7,Active
17418,United Kingdom,2,289,463.46,231.73,2011-01-20,2011-10-28,42,2,Active
17419,United Kingdom,12,1876,4226.57,352.21,2010-12-07,2011-11-28,11,12,Active
17420,United Kingdom,3,265,598.83,199.61,2010-12-01,2011-10-20,50,3,Active
17422,United Kingdom,6,2253,1979.37,329.90,2011-02-16,2011-11-23,16,6,Active
17423,United Kingdom,2,459,698.41,349.21,2011-05-06,2011-10-24,46,2,Active
17425,United Kingdom,2,407,759.17,379.59,2011-10-10,2011-11-20,19,2,Active
17426,United Kingdom,6,3094,5037.26,839.54,2011-03-02,2011-12-01,8,6,Active
17427,United Kingdom,1,34,100.80,100.80,2011-09-29,2011-09-29,71,1,At Risk
17428,United Kingdom,28,9474,17256.85,616.32,2010-12-06,2011-12-09,0,28,Active
17429,United Kingdom,3,624,524.92,174.97,2011-05-05,2011-08-03,128,3,Churned
17430,United Kingdom,2,190,265.76,132.88,2010-12-09,2011-11-07,32,2,Active
17431,United Kingdom,1,292,403.30,403.30,2011-01-30,2011-01-30,313,1,Churned
17432,United Kingdom,2,207,365.76,182.88,2011-11-02,2011-11-21,18,2,Active
17433,United Kingdom,1,185,303.16,303.16,2011-09-12,2011-09-12,88,1,At Risk
17434,United Kingdom,7,1693,2373.82,339.12,2011-09-15,2011-12-07,2,7,Active
17436,United Kingdom,2,90,216.30,108.15,2011-04-27,2011-12-08,1,2,Active
17438,United Kingdom,1,103,388.45,388.45,2011-03-31,2011-03-31,253,1,Churned
17440,United Kingdom,3,246,186.42,62.14,2011-04-06,2011-07-06,156,3,Churned
17442,United Kingdom,6,1496,2248.56,374.76,2011-02-22,2011-11-03,36,6,Active
17443,Canada,1,504,534.24,534.24,2011-05-04,2011-05-04,219,1,Churned
17444,Canada,3,2119,2940.04,980.01,2011-06-20,2011-07-15,147,3,Churned
17446,United Kingdom,2,198,120.90,60.45,2011-02-02,2011-06-16,176,2,Churned
17447,United Kingdom,2,443,541.53,270.77,2011-09-29,2011-10-30,40,2,Active
17449,United Kingdom,7,1121,2519.21,359.89,2010-12-15,2011-12-07,2,7,Active
17450,United Kingdom,46,69973,194390.79,4225.89,2010-12-07,2011-12-01,8,46,Active
17451,United Kingdom,7,1203,1721.40,245.91,2011-08-26,2011-12-08,1,7,Active
17453,United Kingdom,2,219,486.72,243.36,2011-10-06,2011-11-22,17,2,Active
17454,United Kingdom,4,243,517.53,129.38,2010-12-15,2011-05-31,192,4,Churned
17455,United Kingdom,1,66,131.70,131.70,2011-05-20,2011-05-20,203,1,Churned
17456,United Kingdom,1,222,249.86,249.86,2010-12-09,2010-12-09,365,1,Churned
17457,United Kingdom,5,826,1737.70,347.54,2011-01-04,2011-08-05,126,5,Churned
17458,United Kingdom,1,170,316.50,316.50,2011-11-24,2011-11-24,15,1,Active
17459,United Kingdom,2,537,657.30,328.65,2011-10-10,2011-10-27,43,2,Active
17460,United Kingdom,6,236,622.43,103.74,2010-12-01,2011-09-06,94,6,At Risk
17461,United Kingdom,3,770,735.82,245.27,2011-11-10,2011-11-17,22,3,Active
17462,United Kingdom,2,227,675.69,337.85,2011-02-28,2011-10-10,60,2,Active
17463,United Kingdom,5,1086,1875.86,375.17,2011-01-30,2011-11-23,16,5,Active
17464,United Kingdom,1,220,289.96,289.96,2011-07-04,2011-07-04,158,1,Churned
17466,United Kingdom,2,306,763.28,381.64,2011-09-22,2011-11-29,10,2,Active
17468,United Kingdom,2,116,137.00,68.50,2011-11-25,2011-11-29,10,2,Active
17469,United Kingdom,5,787,1870.97,374.19,2011-05-19,2011-11-23,16,5,Active
17470,United Kingdom,5,1675,1125.07,225.01,2010-12-07,2011-10-26,44,5,Active
17472,United Kingdom,3,455,697.54,232.51,2011-02-13,2011-06-01,191,3,Churned
17475,United Kingdom,1,178,194.37,194.37,2011-09-21,2011-09-21,79,1,At Risk
17480,United Kingdom,1,338,511.82,511.82,2011-09-23,2011-09-23,77,1,At Risk
17481,United Kingdom,4,1061,1255.59,313.90,2011-09-07,2011-12-06,3,4,Active
17483,United Kingdom,3,191,414.04,138.01,2011-06-09,2011-10-05,65,3,At Risk
17486,United Kingdom,1,191,396.87,396.87,2011-03-23,2011-03-23,261,1,Churned
17489,United Kingdom,2,428,376.64,188.32,2011-05-11,2011-10-12,58,2,Active
17490,United Kingdom,7,1134,2092.32,298.90,2011-06-16,2011-12-09,0,7,Active
17491,United Kingdom,10,2013,3558.87,355.89,2010-12-07,2011-12-08,1,10,Active
17492,United Kingdom,1,155,374.57,374.57,2011-04-05,2011-04-05,248,1,Churned
17495,United Kingdom,2,229,497.56,248.78,2011-11-01,2011-12-02,7,2,Active
17496,United Kingdom,1,79,271.05,271.05,2010-12-16,2010-12-16,358,1,Churned
17498,United Kingdom,1,394,272.22,272.22,2011-09-25,2011-09-25,75,1,At Risk
17499,United Kingdom,1,711,622.88,622.88,2011-02-23,2011-02-23,289,1,Churned
17500,United Kingdom,3,17,1138.00,379.33,2011-11-10,2011-11-22,17,3,Active
17501,United Kingdom,2,160,288.60,144.30,2011-05-03,2011-05-03,220,2,Churned
17502,United Kingdom,4,376,689.10,172.28,2011-11-10,2011-11-30,9,4,Active
17503,United Kingdom,2,486,558.96,279.48,2011-11-01,2011-12-07,2,2,Active
17504,United Kingdom,9,1664,2997.03,333.00,2011-01-21,2011-05-17,206,9,Churned
17505,United Kingdom,2,556,1145.84,572.92,2011-05-18,2011-07-01,161,2,Churned
17506,United Kingdom,1,139,302.20,302.20,2011-09-25,2011-09-25,75,1,At Risk
17507,United Kingdom,2,359,605.58,302.79,2011-02-03,2011-03-23,261,2,Churned
17508,Greece,1,289,387.31,387.31,2011-03-04,2011-03-04,280,1,Churned
17509,United Kingdom,8,3512,6083.64,760.46,2011-10-07,2011-10-13,57,8,Active
17510,United Kingdom,1,214,308.48,308.48,2011-11-15,2011-11-15,24,1,Active
17511,United Kingdom,31,64549,91062.38,2937.50,2010-12-01,2011-12-07,2,31,Active
17512,United Kingdom,10,2753,2924.99,292.50,2011-02-11,2011-11-11,28,10,Active
17513,United Kingdom,1,254,513.20,513.20,2011-09-28,2011-09-28,72,1,At Risk
17514,United Kingdom,1,135,208.65,208.65,2011-08-03,2011-08-03,128,1,Churned
17515,United Kingdom,4,243,639.02,159.76,2011-01-25,2011-11-08,31,4,Active
17516,United Kingdom,5,414,764.88,152.98,2011-02-27,2011-11-24,15,5,Active
17517,United Kingdom,1,102,153.94,153.94,2011-02-04,2011-02-04,308,1,Churned
17519,United Kingdom,6,1236,1844.02,307.34,2010-12-06,2011-11-22,17,6,Active
17520,United Kingdom,1,365,546.81,546.81,2011-10-17,2011-10-17,53,1,Active
17521,United Kingdom,3,519,723.21,241.07,2011-05-24,2011-11-10,29,3,Active
17522,United Kingdom,5,1034,1070.71,214.14,2011-05-05,2011-12-08,1,5,Active
17523,United Kingdom,4,872,652.74,163.19,2011-11-20,2011-11-28,11,4,Active
17524,United Kingdom,1,90,145.00,145.00,2010-12-13,2010-12-13,361,1,Churned
17525,United Kingdom,1,82,422.70,422.70,2010-12-15,2010-12-15,359,1,Churned
17526,United Kingdom,4,310,1195.90,298.98,2010-12-09,2011-12-05,4,4,Active
17527,United Kingdom,4,488,939.37,234.84,2011-05-05,2011-10-17,53,4,Active
17528,United Kingdom,8,2138,3628.50,453.56,2011-09-29,2011-12-08,1,8,Active
17530,United Kingdom,10,1514,2367.12,236.71,2010-12-09,2011-12-08,1,10,Active
17531,United Kingdom,1,136,296.70,296.70,2011-06-02,2011-06-02,190,1,Churned
17534,United Kingdom,1,103,223.36,223.36,2011-10-17,2011-10-17,53,1,Active
17535,United Kingdom,1,136,164.40,164.40,2011-03-04,2011-03-04,280,1,Churned
17536,United Kingdom,1,6,76.50,76.50,2011-06-15,2011-06-15,177,1,Churned
17537,United Kingdom,2,699,887.67,443.84,2011-02-09,2011-11-10,29,2,Active
17538,United Kingdom,1,134,98.42,98.42,2011-11-14,2011-11-14,25,1,Active
17540,United Kingdom,2,194,578.90,289.45,2011-01-27,2011-11-15,24,2,Active
17542,United Kingdom,1,134,170.75,170.75,2011-03-15,2011-03-15,269,1,Churned
17545,United Kingdom,3,337,642.32,214.11,2011-10-27,2011-10-27,43,3,Active
17548,United Kingdom,1,58,103.30,103.30,2011-04-20,2011-04-20,233,1,Churned
17549,United Kingdom,2,210,148.86,74.43,2011-10-19,2011-11-16,23,2,Active
17550,United Kingdom,3,86,267.16,89.05,2011-04-10,2011-05-26,197,3,Churned
17551,United Kingdom,1,142,290.34,290.34,2010-12-15,2010-12-15,359,1,Churned
17552,United Kingdom,4,719,930.41,232.60,2010-12-02,2011-10-10,60,4,Active
17553,United Kingdom,1,1048,1487.60,1487.60,2011-08-02,2011-08-02,129,1,Churned
17554,United Kingdom,5,1763,1952.45,390.49,2011-07-14,2011-12-08,1,5,Active
17555,United Kingdom,2,348,480.31,240.16,2011-01-09,2011-11-20,19,2,Active
17556,United Kingdom,1,101,157.90,157.90,2011-05-18,2011-05-18,205,1,Churned
17557,United Kingdom,3,306,541.46,180.49,2011-09-19,2011-11-25,14,3,Active
17560,United Kingdom,4,635,854.95,213.74,2011-02-02,2011-09-06,94,4,At Risk
17561,United Kingdom,1,144,165.12,165.12,2011-11-20,2011-11-20,19,1,Active
17562,United Kingdom,7,817,1122.38,160.34,2011-06-19,2011-11-25,14,7,Active
17564,United Kingdom,3,146,454.01,151.34,2011-09-20,2011-11-15,24,3,Active
17566,United Kingdom,2,497,869.77,434.89,2011-11-14,2011-12-01,8,2,Active
17567,United Kingdom,8,2632,4331.48,541.44,2010-12-02,2011-12-02,7,8,Active
17569,United Kingdom,1,159,344.14,344.14,2011-01-11,2011-01-11,332,1,Churned
17571,United Kingdom,4,876,1425.67,356.42,2011-02-14,2011-10-20,50,4,Active
17572,United Kingdom,4,95,226.75,56.69,2010-12-01,2011-09-29,71,4,At Risk
17573,United Kingdom,3,308,380.60,126.87,2011-09-07,2011-11-10,29,3,Active
17574,United Kingdom,1,77,185.65,185.65,2011-04-11,2011-04-11,242,1,Churned
17576,United Kingdom,19,1967,3564.83,187.62,2010-12-09,2011-12-01,8,19,Active
17578,United Kingdom,1,138,143.46,143.46,2011-05-05,2011-05-05,218,1,Churned
17579,United Kingdom,3,258,448.90,149.63,2011-06-13,2011-12-05,4,3,Active
17580,United Kingdom,3,88,215.72,71.91,2010-12-16,2011-04-01,252,3,Churned
17581,United Kingdom,25,5915,11025.24,441.01,2010-12-02,2011-12-09,0,25,Active
17582,United Kingdom,1,123,175.27,175.27,2011-04-17,2011-04-17,236,1,Churned
17584,United Kingdom,2,458,1242.30,621.15,2011-08-04,2011-12-02,7,2,Active
17585,United Kingdom,4,1650,1116.68,279.17,2011-01-05,2011-08-22,109,4,At Risk
17588,United Kingdom,3,676,1240.20,413.40,2011-04-21,2011-08-31,100,3,At Risk
17589,United Kingdom,4,1631,2404.17,601.04,2011-04-13,2011-10-10,60,4,Active
17590,United Kingdom,3,822,1468.02,489.34,2011-10-30,2011-12-07,2,3,Active
17591,United Kingdom,7,1000,2203.67,314.81,2010-12-07,2011-09-27,73,7,At Risk
17593,United Kingdom,5,3089,3923.86,784.77,2010-12-22,2011-12-06,3,5,Active
17594,United Kingdom,2,550,993.18,496.59,2011-03-30,2011-09-15,85,2,At Risk
17595,United Kingdom,2,228,386.69,193.35,2011-11-02,2011-11-27,12,2,Active
17596,United Kingdom,7,4376,2806.69,400.96,2010-12-06,2011-11-16,23,7,Active
17597,United Kingdom,1,1176,2044.37,2044.37,2011-05-10,2011-05-10,213,1,Churned
17600,United Kingdom,1,144,161.67,161.67,2011-11-22,2011-11-22,17,1,Active
17601,United Kingdom,1,103,116.01,116.01,2011-04-14,2011-04-14,239,1,Churned
17602,United Kingdom,6,4116,5054.42,842.40,2011-01-19,2011-12-07,2,6,Active
17603,United Kingdom,1,74,394.72,394.72,2011-09-22,2011-09-22,78,1,At Risk
17604,United Kingdom,2,169,309.36,154.68,2011-01-31,2011-05-06,217,2,Churned
17608,United Kingdom,2,229,191.99,96.00,2011-11-06,2011-11-06,33,2,Active
17609,United Kingdom,5,719,1105.78,221.16,2011-01-16,2011-10-30,40,5,Active
17611,United Kingdom,15,2550,3961.12,264.07,2010-12-13,2011-12-02,7,15,Active
17612,United Kingdom,6,1808,2048.45,341.41,2011-02-15,2011-10-17,53,6,Active
17613,United Kingdom,14,2490,4544.55,324.61,2011-02-07,2011-11-17,22,14,Active
17614,United Kingdom,1,235,386.32,386.32,2011-10-13,2011-10-13,57,1,Active
17615,United Kingdom,3,140,329.60,109.87,2011-05-01,2011-08-01,130,3,Churned
17616,United Kingdom,3,224,571.20,190.40,2010-12-07,2011-06-19,173,3,Churned
17618,United Kingdom,3,319,930.28,310.09,2010-12-12,2011-12-04,5,3,Active
17619,United Kingdom,1,124,214.37,214.37,2011-01-31,2011-01-31,312,1,Churned
17620,United Kingdom,1,60,81.44,81.44,2011-10-11,2011-10-11,59,1,Active
17621,United Kingdom,3,514,1379.90,459.97,2010-12-20,2011-11-18,21,3,Active
17623,United Kingdom,1,265,527.05,527.05,2011-11-07,2011-11-07,32,1,Active
17624,United Kingdom,2,554,843.48,421.74,2011-05-05,2011-11-25,14,2,Active
17625,United Kingdom,4,1180,2020.40,505.10,2011-03-27,2011-11-21,18,4,Active
17628,United Kingdom,1,79,75.75,75.75,2011-09-19,2011-09-19,81,1,At Risk
17629,United Kingdom,8,1629,1814.12,226.77,2010-12-15,2011-12-04,5,8,Active
17630,United Kingdom,2,158,503.60,251.80,2011-04-21,2011-06-23,169,2,Churned
17631,United Kingdom,3,334,528.33,176.11,2011-04-21,2011-12-08,1,3,Active
17633,United Kingdom,4,644,1324.84,331.21,2011-08-11,2011-11-08,31,4,Active
17634,United Kingdom,9,838,2358.59,262.07,2011-01-06,2011-11-03,36,9,Active
17636,United Kingdom,1,182,285.56,285.56,2011-11-20,2011-11-20,19,1,Active
17637,United Kingdom,2,280,547.06,273.53,2011-08-16,2011-11-08,31,2,Active
17639,United Kingdom,1,49,108.50,108.50,2011-03-08,2011-03-08,276,1,Churned
17640,United Kingdom,1,250,621.66,621.66,2011-09-14,2011-09-14,86,1,At Risk
17642,United Kingdom,2,474,712.29,356.15,2011-06-16,2011-08-12,119,2,At Risk
17643,United Kingdom,1,71,101.55,101.55,2010-12-01,2010-12-01,373,1,Churned
17644,United Kingdom,11,1793,2895.64,263.24,2011-03-24,2011-12-08,1,11,Active
17646,United Kingdom,3,323,1008.39,336.13,2010-12-09,2011-05-04,219,3,Churned
17647,United Kingdom,1,30,133.06,133.06,2011-10-05,2011-10-05,65,1,At Risk
17648,United Kingdom,4,487,1797.50,449.38,2011-04-04,2011-10-10,60,4,Active
17649,United Kingdom,1,399,868.49,868.49,2011-07-24,2011-07-24,138,1,Churned
17650,United Kingdom,1,150,166.08,166.08,2011-11-18,2011-11-18,21,1,Active
17651,United Kingdom,10,3112,3945.00,394.50,2011-06-15,2011-11-28,11,10,Active
17652,United Kingdom,12,2509,4867.72,405.64,2011-03-03,2011-11-14,25,12,Active
17653,United Kingdom,4,1409,1207.56,301.89,2011-08-11,2011-11-03,36,4,Active
17654,United Kingdom,1,41,117.55,117.55,2011-03-07,2011-03-07,277,1,Churned
17655,United Kingdom,7,1116,2638.94,376.99,2010-12-08,2011-11-29,10,7,Active
17656,United Kingdom,5,1399,1674.69,334.94,2011-08-03,2011-09-27,73,5,At Risk
17658,United Kingdom,2,616,595.42,297.71,2011-05-12,2011-11-14,25,2,Active
17659,United Kingdom,12,1525,2999.46,249.96,2010-12-02,2011-11-22,17,12,Active
17660,United Kingdom,1,121,178.75,178.75,2011-07-21,2011-07-21,141,1,Churned
17663,United Kingdom,7,797,1802.91,257.56,2011-02-25,2011-11-14,25,7,Active
17664,United Kingdom,2,604,604.64,302.32,2011-05-11,2011-11-21,18,2,Active
17666,United Kingdom,2,596,728.16,364.08,2011-10-05,2011-12-06,3,2,Active
17667,United Kingdom,5,1033,2055.51,411.10,2011-02-14,2011-10-04,66,5,At Risk
17668,United Kingdom,2,93,347.75,173.88,2011-11-01,2011-12-08,1,2,Active
17669,United Kingdom,7,1916,3406.72,486.67,2011-04-04,2011-10-28,42,7,Active
17670,United Kingdom,1,110,205.70,205.70,2011-04-26,2011-04-26,227,1,Churned
17671,United Kingdom,4,772,1572.71,393.18,2010-12-09,2011-11-24,15,4,Active
17672,United Kingdom,2,1690,3178.17,1589.09,2011-02-03,2011-10-20,50,2,Active
17673,United Kingdom,6,1462,1594.97,265.83,2011-01-23,2011-12-08,1,6,Active
17674,United Kingdom,2,672,551.04,275.52,2010-12-06,2011-09-26,74,2,At Risk
17675,United Kingdom,31,8360,20374.28,657.23,2010-12-07,2011-12-08,1,31,Active
17676,United Kingdom,6,922,1371.18,228.53,2010-12-08,2011-12-05,4,6,Active
17677,United Kingdom,30,9772,16345.38,544.85,2010-12-06,2011-12-08,1,30,Active
17678,United Kingdom,1,207,298.11,298.11,2011-03-21,2011-03-21,263,1,Churned
17679,United Kingdom,2,729,1992.11,996.06,2011-09-15,2011-10-18,52,2,Active
17680,United Kingdom,1,96,184.40,184.40,2011-11-16,2011-11-16,23,1,Active
17682,United Kingdom,6,1367,2474.33,412.39,2010-12-06,2011-11-29,10,6,Active
17684,United Kingdom,1,145,239.41,239.41,2011-10-27,2011-10-27,43,1,Active
17685,United Kingdom,7,1907,3155.83,450.83,2010-12-02,2011-11-23,16,7,Active
17686,United Kingdom,7,2478,5739.46,819.92,2011-02-10,2011-12-02,7,7,Active
17690,United Kingdom,15,1769,4726.80,315.12,2010-12-01,2011-11-09,30,15,Active
17691,United Kingdom,2,134,290.40,145.20,2010-12-06,2010-12-16,358,2,Churned
17692,United Kingdom,4,672,740.94,185.24,2010-12-15,2011-08-04,127,4,Churned
17693,United Kingdom,1,231,200.47,200.47,2011-07-25,2011-07-25,137,1,Churned
17694,United Kingdom,1,184,283.12,283.12,2011-07-21,2011-07-21,141,1,Churned
17695,United Kingdom,2,779,765.34,382.67,2011-06-21,2011-07-31,131,2,Churned
17696,United Kingdom,8,1756,2285.71,285.71,2010-12-10,2011-11-01,38,8,Active
17697,United Kingdom,1,93,338.95,338.95,2011-04-17,2011-04-17,236,1,Churned
17698,United Kingdom,1,93,154.95,154.95,2011-03-24,2011-03-24,260,1,Churned
17700,United Kingdom,4,1266,2534.64,633.66,2011-03-03,2011-11-23,16,4,Active
17701,United Kingdom,1,109,417.95,417.95,2011-04-01,2011-04-01,252,1,Churned
17702,United Kingdom,4,1353,1824.37,456.09,2011-05-17,2011-11-09,30,4,Active
17703,United Kingdom,3,590,798.74,266.25,2011-07-24,2011-11-04,35,3,Active
17704,United Kingdom,2,343,885.19,442.60,2011-04-14,2011-06-24,168,2,Churned
17705,United Kingdom,9,963,1823.52,202.61,2011-02-11,2011-12-06,3,9,Active
17706,United Kingdom,17,3899,10504.49,617.91,2010-12-08,2011-12-05,4,17,Active
17707,United Kingdom,2,144,152.40,76.20,2011-01-07,2011-06-07,185,2,Churned
17708,United Kingdom,2,90,263.33,131.67,2011-01-19,2011-06-05,187,2,Churned
17709,United Kingdom,1,17,137.45,137.45,2011-06-23,2011-06-23,169,1,Churned
17711,United Kingdom,2,246,385.10,192.55,2011-02-23,2011-11-29,10,2,Active
17712,United Kingdom,1,215,522.91,522.91,2011-10-26,2011-10-26,44,1,Active
17714,United Kingdom,1,92,153.00,153.00,2011-01-23,2011-01-23,320,1,Churned
17715,United Kingdom,1,384,326.40,326.40,2011-05-23,2011-05-23,200,1,Churned
17716,United Kingdom,11,3072,5655.99,514.18,2011-03-17,2011-11-17,22,11,Active
17718,United Kingdom,1,83,139.35,139.35,2011-04-21,2011-04-21,232,1,Churned
17719,United Kingdom,15,2466,5396.04,359.74,2011-03-29,2011-11-02,37,15,Active
17720,United Kingdom,4,576,1195.94,298.99,2010-12-07,2011-11-13,26,4,Active
17722,United Kingdom,4,1595,2424.04,606.01,2010-12-08,2011-09-04,96,4,At Risk
17723,United Kingdom,6,792,3276.40,546.07,2011-05-09,2011-08-04,127,6,Churned
17724,United Kingdom,3,300,1033.00,344.33,2011-07-24,2011-09-29,71,3,At Risk
17725,United Kingdom,11,2162,3439.08,312.64,2011-03-17,2011-11-23,16,11,Active
17727,United Kingdom,1,645,1060.25,1060.25,2011-11-24,2011-11-24,15,1,Active
17728,United Kingdom,3,1469,2876.01,958.67,2011-09-14,2011-12-06,3,3,Active
17730,United Kingdom,13,3576,5298.48,407.58,2011-01-17,2011-12-06,3,13,Active
17731,United Kingdom,4,493,1240.11,310.03,2011-06-09,2011-09-21,79,4,At Risk
17732,United Kingdom,1,93,303.97,303.97,2010-12-02,2010-12-02,372,1,Churned
17733,United Kingdom,2,463,692.19,346.10,2011-03-23,2011-11-01,38,2,Active
17734,United Kingdom,3,422,700.63,233.54,2011-04-20,2011-10-17,53,3,Active
17735,United Kingdom,19,8439,13110.02,690.00,2010-12-07,2011-12-07,2,19,Active
17736,United Kingdom,3,238,377.44,125.81,2011-08-18,2011-11-30,9,3,Active
17737,United Kingdom,2,108,168.24,84.12,2011-10-12,2011-11-30,9,2,Active
17738,United Kingdom,4,1029,1879.05,469.76,2011-03-02,2011-11-20,19,4,Active
17739,United Kingdom,7,861,2791.35,398.76,2010-12-14,2011-11-28,11,7,Active
17742,United Kingdom,2,89,355.11,177.56,2011-01-11,2011-08-18,113,2,At Risk
17744,United Kingdom,6,3412,2322.40,387.07,2010-12-16,2011-12-06,3,6,Active
17746,United Kingdom,1,29,110.25,110.25,2011-04-13,2011-04-13,240,1,Churned
17747,United Kingdom,1,12,71.40,71.40,2011-08-19,2011-08-19,112,1,At Risk
17749,United Kingdom,2,320,674.52,337.26,2011-03-28,2011-06-14,178,2,Churned
17750,United Kingdom,9,3747,1710.45,190.05,2011-06-28,2011-12-04,5,9,Active
17752,United Kingdom,1,192,80.64,80.64,2010-12-15,2010-12-15,359,1,Churned
17754,United Kingdom,5,1816,1664.65,332.93,2011-03-24,2011-12-09,0,5,Active
17757,United Kingdom,30,3318,5593.39,186.45,2010-12-02,2011-12-08,1,30,Active
17758,United Kingdom,8,2054,3408.20,426.03,2011-04-03,2011-11-20,19,8,Active
17759,United Kingdom,3,697,819.96,273.32,2011-06-23,2011-11-22,17,3,Active
17760,United Kingdom,2,239,287.59,143.80,2010-12-01,2011-11-18,21,2,Active
17761,United Kingdom,1,398,712.78,712.78,2011-11-07,2011-11-07,32,1,Active
17763,United Kingdom,1,12,15.00,15.00,2011-03-21,2011-03-21,263,1,Churned
17764,United Kingdom,2,351,772.55,386.28,2011-05-12,2011-10-20,50,2,Active
17765,United Kingdom,3,143,367.63,122.54,2011-03-28,2011-07-04,158,3,Churned
17767,United Kingdom,1,128,271.20,271.20,2011-11-24,2011-11-24,15,1,Active
17768,United Kingdom,3,1122,2081.90,693.97,2011-06-26,2011-12-01,8,3,Active
17769,United Kingdom,10,1850,3957.43,395.74,2011-01-23,2011-11-27,12,10,Active
17770,United Kingdom,5,365,1143.27,228.65,2011-03-02,2011-05-25,198,5,Churned
17771,United Kingdom,2,287,245.81,122.91,2011-01-20,2011-10-14,56,2,Active
17772,United Kingdom,2,55,173.45,86.73,2011-11-29,2011-11-29,10,2,Active
17774,United Kingdom,4,508,1213.73,303.43,2011-02-07,2011-09-04,96,4,At Risk
17775,United Kingdom,1,72,56.40,56.40,2011-03-30,2011-03-30,254,1,Churned
17777,United Kingdom,3,501,647.56,215.85,2011-08-31,2011-11-15,24,3,Active
17779,United Kingdom,3,396,650.32,216.77,2011-07-19,2011-11-18,21,3,Active
17781,United Kingdom,2,34,188.02,94.01,2011-03-31,2011-07-03,159,2,Churned
17783,United Kingdom,2,354,283.47,141.74,2011-04-06,2011-09-28,72,2,At Risk
17785,United Kingdom,1,67,131.94,131.94,2011-10-17,2011-10-17,53,1,Active
17786,United Kingdom,2,195,266.85,133.43,2011-01-26,2011-09-15,85,2,At Risk
17787,United Kingdom,4,896,1817.54,454.39,2010-12-03,2011-07-10,152,4,Churned
17788,United Kingdom,2,211,1117.90,558.95,2011-08-02,2011-09-27,73,2,At Risk
17789,United Kingdom,1,74,225.90,225.90,2011-03-03,2011-03-03,281,1,Churned
17790,United Kingdom,14,835,1964.30,140.31,2010-12-10,2011-11-13,26,14,Active
17791,United Kingdom,1,46,106.10,106.10,2011-11-10,2011-11-10,29,1,Active
17793,United Kingdom,1,226,300.34,300.34,2011-11-14,2011-11-14,25,1,Active
17795,United Kingdom,2,305,342.83,171.42,2011-03-20,2011-06-13,179,2,Churned
17796,United Kingdom,4,176,690.00,172.50,2010-12-05,2011-10-30,40,4,Active
17797,United Kingdom,3,498,780.43,260.14,2011-06-10,2011-11-17,22,3,Active
17799,United Kingdom,10,1753,3039.17,303.92,2010-12-13,2011-11-17,22,10,Active
17800,United Kingdom,9,732,1187.21,131.91,2011-01-09,2011-11-02,37,9,Active
17802,United Kingdom,3,752,1285.04,428.35,2010-12-02,2011-09-18,82,3,At Risk
17805,United Kingdom,1,478,512.31,512.31,2011-09-27,2011-09-27,73,1,At Risk
17806,United Kingdom,1,727,546.04,546.04,2011-11-28,2011-11-28,11,1,Active
17809,United Kingdom,12,2057,5411.91,450.99,2010-12-01,2011-11-23,16,12,Active
17811,United Kingdom,39,4146,7761.82,199.02,2011-01-10,2011-12-05,4,39,Active
17812,United Kingdom,4,329,699.81,174.95,2010-12-06,2011-11-27,12,4,Active
17813,United Kingdom,5,752,1698.07,339.61,2011-09-29,2011-11-25,14,5,Active
17816,United Kingdom,4,30,36.56,9.14,2010-12-09,2011-11-03,36,4,Active
17817,United Kingdom,3,67,387.68,129.23,2011-03-07,2011-12-05,4,3,Active
17819,United Kingdom,7,1031,3704.87,529.27,2010-12-03,2011-09-29,71,7,At Risk
17824,United Kingdom,1,408,298.40,298.40,2011-10-19,2011-10-19,51,1,Active
17827,United Kingdom,5,1240,1987.33,397.47,2010-12-10,2011-12-04,5,5,Active
17828,Malta,4,667,1820.09,455.02,2011-06-08,2011-11-17,22,4,Active
17829,United Arab Emirates,1,496,889.24,889.24,2011-02-14,2011-02-14,298,1,Churned
17830,United Kingdom,3,92,398.70,132.90,2011-02-24,2011-12-08,1,3,Active
17831,United Kingdom,1,12,35.40,35.40,2011-11-06,2011-11-06,33,1,Active
17832,United Kingdom,1,208,155.37,155.37,2011-10-21,2011-10-21,49,1,Active
17835,United Kingdom,3,344,342.24,114.08,2011-11-16,2011-12-07,2,3,Active
17836,United Kingdom,1,88,110.21,110.21,2011-10-23,2011-10-23,47,1,Active
17837,United Kingdom,8,510,1541.23,192.65,2011-06-29,2011-10-28,42,8,Active
17838,United Kingdom,5,1831,2720.80,544.16,2010-12-02,2011-11-13,26,5,Active
17839,United Kingdom,1,257,318.15,318.15,2011-10-28,2011-10-28,42,1,Active
17841,United Kingdom,124,22834,40519.84,326.77,2010-12-01,2011-12-08,1,124,Active
17843,United Kingdom,1,113,205.48,205.48,2011-02-09,2011-02-09,303,1,Churned
17844,Canada,1,52,51.56,51.56,2011-08-25,2011-08-25,106,1,At Risk
17846,United Kingdom,1,1,2033.10,2033.10,2011-09-15,2011-09-15,85,1,At Risk
17848,United Kingdom,9,398,901.20,100.13,2010-12-16,2011-09-19,81,9,At Risk
17849,United Kingdom,4,114,605.80,151.45,2011-01-10,2011-05-05,218,4,Churned
17850,United Kingdom,34,1733,5391.21,158.57,2010-12-01,2010-12-02,372,34,Churned
17852,United Kingdom,2,53,114.34,57.17,2011-11-28,2011-11-28,11,2,Active
17854,United Kingdom,2,84,311.26,155.63,2011-04-26,2011-06-07,185,2,Churned
17855,United Kingdom,1,197,208.97,208.97,2010-12-02,2010-12-02,372,1,Churned
17856,United Kingdom,4,842,1418.03,354.51,2011-03-03,2011-12-08,1,4,Active
17857,United Kingdom,23,19256,26879.04,1168.65,2010-12-09,2011-12-05,4,23,Active
17858,United Kingdom,12,2694,5140.66,428.39,2010-12-05,2011-12-04,5,12,Active
17859,United Kingdom,1,102,141.92,141.92,2011-02-08,2011-02-08,304,1,Churned
17860,United Kingdom,1,93,226.45,226.45,2010-12-06,2010-12-06,368,1,Churned
17861,United Kingdom,8,1985,2097.88,262.24,2011-01-24,2011-12-06,3,8,Active
17862,United Kingdom,1,100,330.90,330.90,2011-01-20,2011-01-20,323,1,Churned
17863,United Kingdom,6,2638,3160.00,526.67,2010-12-05,2011-10-11,59,6,Active
17864,United Kingdom,3,706,554.85,184.95,2011-03-09,2011-11-27,12,3,Active
17865,United Kingdom,20,5757,10526.32,526.32,2010-12-10,2011-11-09,30,20,Active
17866,United Kingdom,1,174,329.65,329.65,2011-07-20,2011-07-20,142,1,Churned
17867,United Kingdom,6,508,1157.87,192.98,2011-02-24,2011-11-09,30,6,Active
17869,United Kingdom,5,111,428.18,85.64,2010-12-06,2011-08-24,107,5,At Risk
17870,United Kingdom,12,1351,1865.89,155.49,2010-12-08,2011-12-07,2,12,Active
17871,United Kingdom,1,182,155.90,155.90,2011-05-19,2011-05-19,204,1,Churned
17873,United Kingdom,5,1035,1848.96,369.79,2010-12-01,2011-09-20,80,5,At Risk
17874,United Kingdom,6,221,683.46,113.91,2011-03-29,2011-06-07,185,6,Churned
17877,United Kingdom,1,98,237.61,237.61,2011-06-22,2011-06-22,170,1,Churned
17878,United Kingdom,1,401,379.45,379.45,2011-10-27,2011-10-27,43,1,Active
17879,United Kingdom,1,45,178.52,178.52,2011-06-19,2011-06-19,173,1,Churned
17880,United Kingdom,1,314,458.92,458.92,2010-12-10,2010-12-10,364,1,Churned
17881,United Kingdom,1,32,133.35,133.35,2011-02-08,2011-02-08,304,1,Churned
17883,United Kingdom,4,374,664.34,166.09,2011-04-07,2011-12-06,3,4,Active
17884,United Kingdom,4,817,695.07,173.77,2010-12-03,2011-12-06,3,4,Active
17885,United Kingdom,1,110,156.34,156.34,2011-11-27,2011-11-27,12,1,Active
17886,United Kingdom,3,469,869.28,289.76,2011-04-04,2011-11-08,31,3,Active
17887,United Kingdom,1,30,111.35,111.35,2011-08-02,2011-08-02,129,1,Churned
17888,United Kingdom,8,973,716.00,89.50,2010-12-17,2011-11-18,21,8,Active
17889,United Kingdom,2,77,201.37,100.69,2011-01-21,2011-05-11,212,2,Churned
17890,United Kingdom,2,402,586.89,293.45,2010-12-13,2011-01-21,322,2,Churned
17891,United Kingdom,1,393,203.86,203.86,2011-06-30,2011-06-30,162,1,Churned
17892,United Kingdom,3,109,244.10,81.37,2011-07-07,2011-10-14,56,3,Active
17893,United Kingdom,1,149,107.21,107.21,2011-04-28,2011-04-28,225,1,Churned
17894,United Kingdom,8,404,1118.96,139.87,2010-12-08,2011-09-29,71,8,At Risk
17895,United Kingdom,1,127,95.45,95.45,2011-10-26,2011-10-26,44,1,Active
17896,United Kingdom,1,288,256.32,256.32,2011-11-16,2011-11-16,23,1,Active
17897,United Kingdom,3,222,541.81,180.60,2010-12-01,2011-06-20,172,3,Churned
17898,United Kingdom,2,190,152.06,76.03,2011-05-16,2011-09-15,85,2,At Risk
17899,United Kingdom,1,170,154.55,154.55,2011-07-03,2011-07-03,159,1,Churned
17900,United Kingdom,2,73,112.20,56.10,2011-06-02,2011-06-02,190,2,Churned
17901,United Kingdom,1,24,110.38,110.38,2011-11-10,2011-11-10,29,1,Active
17904,United Kingdom,1,59,181.07,181.07,2011-11-18,2011-11-18,21,1,Active
17905,United Kingdom,4,406,798.99,199.75,2010-12-01,2011-09-29,71,4,At Risk
17906,United Kingdom,1,26,72.90,72.90,2011-04-06,2011-04-06,247,1,Churned
17908,United Kingdom,1,169,232.03,232.03,2010-12-01,2010-12-01,373,1,Churned
17911,United Kingdom,1,223,366.23,366.23,2011-11-30,2011-11-30,9,1,Active
17912,United Kingdom,5,184,310.06,62.01,2010-12-10,2011-02-02,310,5,Churned
17913,United Kingdom,2,288,408.65,204.33,2010-12-19,2011-10-12,58,2,Active
17914,United Kingdom,1,457,329.36,329.36,2011-12-06,2011-12-06,3,1,Active
17917,United Kingdom,3,184,335.03,111.68,2010-12-12,2011-10-25,45,3,Active
17919,United Kingdom,1,756,1304.04,1304.04,2011-09-12,2011-09-12,88,1,At Risk
17920,United Kingdom,17,2473,4119.50,242.32,2010-12-01,2011-12-05,4,17,Active
17921,United Kingdom,4,425,820.23,205.06,2011-03-18,2011-10-06,64,4,At Risk
17923,United Kingdom,1,50,207.50,207.50,2011-03-02,2011-03-02,282,1,Churned
17924,United Kingdom,7,1160,2962.50,423.21,2010-12-01,2011-11-28,11,7,Active
17925,United Kingdom,1,72,244.08,244.08,2010-12-02,2010-12-02,372,1,Churned
17926,United Kingdom,2,306,397.29,198.65,2011-05-20,2011-07-29,133,2,Churned
17928,United Kingdom,2,140,212.54,106.27,2011-04-07,2011-10-25,45,2,Active
17929,United Kingdom,4,108,843.00,210.75,2011-02-04,2011-11-28,11,4,Active
17930,United Kingdom,5,1594,1740.48,348.10,2011-04-14,2011-11-04,35,5,Active
17931,United Kingdom,2,249,408.36,204.18,2011-03-29,2011-07-28,134,2,Churned
17932,United Kingdom,3,789,1331.57,443.86,2011-05-12,2011-11-10,29,3,Active
17934,United Kingdom,2,478,704.25,352.13,2011-10-12,2011-10-19,51,2,Active
17935,United Kingdom,2,82,145.79,72.90,2011-07-21,2011-07-24,138,2,Churned
17936,United Kingdom,1,257,380.13,380.13,2011-12-04,2011-12-04,5,1,Active
17937,United Kingdom,7,1754,4301.22,614.46,2010-12-12,2011-12-01,8,7,Active
17939,United Kingdom,1,40,99.14,99.14,2011-07-03,2011-07-03,159,1,Churned
17940,United Kingdom,10,9323,4020.04,402.00,2011-02-10,2011-10-21,49,10,Active
17941,United Kingdom,1,252,304.56,304.56,2011-08-01,2011-08-01,130,1,Churned
17942,United Kingdom,1,38,77.50,77.50,2011-12-02,2011-12-02,7,1,Active
17946,United Kingdom,2,75,149.58,74.79,2011-03-25,2011-04-20,233,2,Churned
17947,United Kingdom,1,168,176.68,176.68,2011-11-02,2011-11-02,37,1,Active
17948,United Kingdom,1,144,358.56,358.56,2011-07-15,2011-07-15,147,1,Churned
17949,United Kingdom,45,30546,58510.48,1300.23,2010-12-03,2011-12-08,1,45,Active
17950,United Kingdom,3,366,482.20,160.73,2010-12-09,2011-09-28,72,3,At Risk
17951,United Kingdom,3,616,1008.54,336.18,2010-12-01,2011-10-31,39,3,Active
17954,United Kingdom,12,2221,2314.13,192.84,2010-12-03,2011-12-04,5,12,Active
17955,United Kingdom,4,273,557.30,139.33,2011-05-04,2011-05-25,198,4,Churned
17956,United Kingdom,1,1,12.75,12.75,2011-04-04,2011-04-04,249,1,Churned
17957,United Kingdom,1,287,111.68,111.68,2011-10-04,2011-10-04,66,1,At Risk
17958,United Kingdom,1,84,508.46,508.46,2011-08-15,2011-08-15,116,1,At Risk
17960,United Kingdom,1,41,73.78,73.78,2011-06-21,2011-06-21,171,1,Churned
17961,United Kingdom,39,560,1296.44,33.24,2010-12-02,2011-11-18,21,39,Active
17962,United Kingdom,1,127,102.41,102.41,2011-07-20,2011-07-20,142,1,Churned
17964,United Kingdom,2,294,463.21,231.61,2010-12-02,2011-11-08,31,2,Active
17965,United Kingdom,14,1532,2599.19,185.66,2010-12-05,2011-11-02,37,14,Active
17966,United Kingdom,5,2571,1098.43,219.69,2011-03-23,2011-11-02,37,5,Active
17967,United Kingdom,1,73,112.27,112.27,2010-12-03,2010-12-03,371,1,Churned
17968,United Kingdom,1,151,265.10,265.10,2010-12-01,2010-12-01,373,1,Churned
17969,United Kingdom,2,152,228.20,114.10,2010-12-13,2011-06-26,166,2,Churned
17970,United Kingdom,1,513,562.79,562.79,2011-05-12,2011-05-12,211,1,Churned
17972,United Kingdom,1,36,135.19,135.19,2011-04-12,2011-04-12,241,1,Churned
17973,United Kingdom,1,176,337.04,337.04,2011-10-19,2011-10-19,51,1,Active
17974,United Kingdom,3,500,703.99,234.66,2011-05-04,2011-11-15,24,3,Active
17975,United Kingdom,13,1565,4483.26,344.87,2010-12-08,2011-11-24,15,13,Active
17976,United Kingdom,1,93,321.79,321.79,2010-12-02,2010-12-02,372,1,Churned
17977,United Kingdom,1,342,288.14,288.14,2011-11-10,2011-11-10,29,1,Active
17978,United Kingdom,1,499,300.92,300.92,2010-12-09,2010-12-09,365,1,Churned
17979,United Kingdom,4,383,732.41,183.10,2011-03-25,2011-11-04,35,4,Active
17980,United Kingdom,3,682,811.45,270.48,2010-12-15,2011-06-27,165,3,Churned
17984,United Kingdom,1,98,152.68,152.68,2011-07-17,2011-07-17,145,1,Churned
17985,United Kingdom,1,171,631.35,631.35,2011-11-17,2011-11-17,22,1,Active
17986,United Kingdom,1,10,20.80,20.80,2011-10-14,2011-10-14,56,1,Active
17987,United Kingdom,1,261,198.57,198.57,2011-06-07,2011-06-07,185,1,Churned
17988,United Kingdom,7,43,201.12,28.73,2011-01-17,2011-11-28,11,7,Active
17990,United Kingdom,3,414,630.84,210.28,2010-12-13,2011-04-17,236,3,Churned
17991,United Kingdom,2,25,93.35,46.68,2011-04-27,2011-04-28,225,2,Churned
17994,United Kingdom,4,495,674.89,168.72,2011-02-22,2011-08-10,121,4,Churned
17995,United Kingdom,1,133,76.10,76.10,2011-03-03,2011-03-03,281,1,Churned
17997,United Kingdom,8,2273,1962.46,245.31,2011-06-28,2011-09-26,74,8,At Risk
17999,United Kingdom,2,219,380.39,190.20,2010-12-08,2011-11-02,37,2,Active
18001,United Kingdom,2,362,415.13,207.57,2011-09-14,2011-11-27,12,2,Active
18004,United Kingdom,1,75,157.92,157.92,2010-12-12,2010-12-12,362,1,Churned
18005,United Kingdom,2,86,226.47,113.24,2011-10-23,2011-12-06,3,2,Active
18006,United Kingdom,1,220,444.68,444.68,2011-11-16,2011-11-16,23,1,Active
18008,United Kingdom,9,1581,2116.19,235.13,2011-01-25,2011-09-30,70,9,At Risk
18009,United Kingdom,1,125,247.39,247.39,2011-04-18,2011-04-18,235,1,Churned
18010,United Kingdom,1,60,174.80,174.80,2011-03-28,2011-03-28,256,1,Churned
18011,United Kingdom,1,71,102.79,102.79,2010-12-01,2010-12-01,373,1,Churned
18013,United Kingdom,2,285,187.29,93.65,2011-07-07,2011-07-07,155,2,Churned
18014,United Kingdom,1,66,162.22,162.22,2011-11-11,2011-11-11,28,1,Active
18015,United Kingdom,1,157,120.03,120.03,2011-12-05,2011-12-05,4,1,Active
18016,United Kingdom,5,1027,1477.66,295.53,2010-12-10,2011-11-07,32,5,Active
18017,United Kingdom,3,300,523.00,174.33,2011-02-02,2011-09-19,81,3,At Risk
18018,United Kingdom,2,55,122.14,61.07,2011-05-24,2011-08-23,108,2,At Risk
18019,United Kingdom,1,7,38.45,38.45,2011-10-19,2011-10-19,51,1,Active
18022,United Kingdom,1,703,612.72,612.72,2011-11-04,2011-11-04,35,1,Active
18024,United Kingdom,2,184,389.78,194.89,2011-07-10,2011-07-10,152,2,Churned
18027,United Kingdom,1,78,115.31,115.31,2011-09-02,2011-09-02,98,1,At Risk
18030,United Kingdom,2,67,230.65,115.33,2011-10-28,2011-12-05,4,2,Active
18032,United Kingdom,1,42,73.50,73.50,2011-01-09,2011-01-09,334,1,Churned
18033,United Kingdom,1,252,93.82,93.82,2011-10-05,2011-10-05,65,1,At Risk
18034,United Kingdom,2,559,418.68,209.34,2011-11-18,2011-11-18,21,2,Active
18035,United Kingdom,3,584,713.89,237.96,2011-10-27,2011-11-04,35,3,Active
18036,United Kingdom,3,232,403.12,134.37,2011-04-08,2011-11-07,32,3,Active
18037,United Kingdom,6,20,70.02,11.67,2010-12-12,2011-07-08,154,6,Churned
18040,United Kingdom,2,148,357.20,178.60,2011-04-08,2011-11-20,19,2,Active
18041,United Kingdom,21,3758,4097.37,195.11,2010-12-02,2011-11-28,11,21,Active
18042,United Kingdom,1,33,165.05,165.05,2011-10-17,2011-10-17,53,1,Active
18043,United Kingdom,3,265,529.29,176.43,2010-12-08,2011-11-15,24,3,Active
18044,United Kingdom,10,1033,2088.60,208.86,2010-12-14,2011-12-05,4,10,Active
18045,United Kingdom,1,138,178.34,178.34,2011-10-25,2011-10-25,45,1,Active
18048,United Kingdom,2,127,172.29,86.15,2011-05-20,2011-05-20,203,2,Churned
18050,United Kingdom,1,40,74.40,74.40,2010-12-15,2010-12-15,359,1,Churned
18053,United Kingdom,1,302,300.02,300.02,2011-09-30,2011-09-30,70,1,At Risk
18055,United Kingdom,10,2452,6761.34,676.13,2010-12-05,2011-12-02,7,10,Active
18056,United Kingdom,1,211,363.65,363.65,2011-02-24,2011-02-24,288,1,Churned
18058,United Kingdom,1,88,170.16,170.16,2011-11-30,2011-11-30,9,1,Active
18059,United Kingdom,3,258,306.46,102.15,2011-10-03,2011-11-16,23,3,Active
18061,United Kingdom,10,955,2119.41,211.94,2010-12-08,2011-11-18,21,10,Active
18062,United Kingdom,3,396,720.52,240.17,2011-01-06,2011-06-19,173,3,Churned
18064,United Kingdom,2,384,814.00,407.00,2011-04-18,2011-07-29,133,2,Churned
18065,United Kingdom,14,1027,2392.83,170.92,2010-12-10,2011-12-04,5,14,Active
18066,United Kingdom,1,108,318.00,318.00,2011-09-25,2011-09-25,75,1,At Risk
18067,United Kingdom,1,189,396.33,396.33,2011-10-30,2011-10-30,40,1,Active
18068,United Kingdom,1,6,101.70,101.70,2011-02-23,2011-02-23,289,1,Churned
18069,United Kingdom,5,1296,2009.24,401.85,2011-01-16,2011-11-13,26,5,Active
18071,United Kingdom,2,260,453.00,226.50,2010-12-09,2011-03-27,257,2,Churned
18072,United Kingdom,1,288,247.44,247.44,2011-06-07,2011-06-07,185,1,Churned
18073,United Kingdom,12,3102,3859.82,321.65,2011-05-26,2011-08-17,114,12,At Risk
18074,United Kingdom,1,190,489.60,489.60,2010-12-01,2010-12-01,373,1,Churned
18075,United Kingdom,10,1464,2611.75,261.18,2010-12-14,2011-11-16,23,10,Active
18077,United Kingdom,11,1839,2584.41,234.95,2010-12-08,2011-12-01,8,11,Active
18078,United Kingdom,2,145,336.13,168.07,2011-03-25,2011-05-06,217,2,Churned
18079,United Kingdom,4,7347,3613.15,903.29,2011-04-15,2011-10-25,45,4,Active
18080,United Kingdom,2,642,1231.50,615.75,2011-04-11,2011-11-21,18,2,Active
18081,United Kingdom,3,195,343.45,114.48,2011-07-29,2011-11-03,36,3,Active
18082,United Kingdom,1,608,680.84,680.84,2011-11-14,2011-11-14,25,1,Active
18084,United Kingdom,1,312,90.48,90.48,2011-11-23,2011-11-23,16,1,Active
18085,United Kingdom,2,265,689.95,344.98,2010-12-01,2011-01-13,330,2,Churned
18086,United Kingdom,1,106,101.34,101.34,2011-03-10,2011-03-10,274,1,Churned
18087,United Kingdom,2,3907,4055.72,2027.86,2011-02-22,2011-09-02,98,2,At Risk
18088,United Kingdom,1,107,166.03,166.03,2011-10-09,2011-10-09,61,1,At Risk
18092,United Kingdom,11,4252,9068.26,824.39,2010-12-09,2011-12-07,2,11,Active
18093,United Kingdom,4,1392,2106.52,526.63,2011-02-10,2011-09-07,93,4,At Risk
18094,United Kingdom,7,2518,3017.30,431.04,2011-02-21,2011-09-19,81,7,At Risk
18095,United Kingdom,2,419,580.05,290.03,2011-01-11,2011-01-31,312,2,Churned
18096,United Kingdom,3,788,849.06,283.02,2011-10-07,2011-11-28,11,3,Active
18097,United Kingdom,6,1662,2662.40,443.73,2010-12-20,2011-12-02,7,6,Active
18099,United Kingdom,1,149,168.31,168.31,2011-08-04,2011-08-04,127,1,Churned
18101,United Kingdom,2,87,222.40,111.20,2011-07-19,2011-11-28,11,2,Active
18102,United Kingdom,60,64124,259657.30,4327.62,2010-12-07,2011-12-09,0,60,Active
18104,United Kingdom,1,362,754.64,754.64,2011-11-02,2011-11-02,37,1,Active
18105,United Kingdom,1,46,113.48,113.48,2011-11-02,2011-11-02,37,1,Active
18106,United Kingdom,1,126,421.90,421.90,2011-01-14,2011-01-14,329,1,Churned
18108,United Kingdom,1,84,271.00,271.00,2011-03-30,2011-03-30,254,1,Churned
18109,United Kingdom,26,4230,8004.92,307.88,2010-12-05,2011-12-08,1,26,Active
18110,United Kingdom,1,72,198.80,198.80,2011-11-20,2011-11-20,19,1,Active
18112,United Kingdom,2,255,352.69,176.35,2011-06-26,2011-11-27,12,2,Active
18113,United Kingdom,1,72,76.32,76.32,2010-12-06,2010-12-06,368,1,Churned
18114,United Kingdom,1,55,220.10,220.10,2011-02-22,2011-02-22,290,1,Churned
18116,United Kingdom,8,837,1403.11,175.39,2010-12-10,2011-10-03,67,8,At Risk
18117,United Kingdom,1,605,315.65,315.65,2011-11-14,2011-11-14,25,1,Active
18118,United Kingdom,26,2865,5625.08,216.35,2010-12-05,2011-11-29,10,26,Active
18119,United Kingdom,1,124,180.70,180.70,2010-12-07,2010-12-07,367,1,Churned
18120,United Kingdom,1,31,111.15,111.15,2011-05-09,2011-05-09,214,1,Churned
18121,United Kingdom,2,438,653.30,326.65,2011-07-08,2011-07-13,149,2,Churned
18122,United Kingdom,6,1225,1793.06,298.84,2011-07-12,2011-12-01,8,6,Active
18123,United Kingdom,2,582,574.44,287.22,2011-11-08,2011-11-15,24,2,Active
18125,United Kingdom,4,800,1131.75,282.94,2011-01-27,2011-11-10,29,4,Active
18126,United Kingdom,1,135,200.92,200.92,2011-10-10,2011-10-10,60,1,Active
18127,United Kingdom,3,187,347.08,115.69,2011-07-29,2011-11-20,19,3,Active
18129,United Kingdom,1,48,112.55,112.55,2011-04-10,2011-04-10,243,1,Churned
18130,United Kingdom,3,824,1059.39,353.13,2011-10-13,2011-11-24,15,3,Active
18133,United Kingdom,1,1350,931.50,931.50,2011-05-11,2011-05-11,212,1,Churned
18135,United Kingdom,5,349,681.91,136.38,2011-06-02,2011-11-10,29,5,Active
18136,United Kingdom,3,379,784.33,261.44,2011-01-24,2011-10-07,63,3,At Risk
18138,United Kingdom,1,38,152.65,152.65,2011-02-17,2011-02-17,295,1,Churned
18139,United Kingdom,6,5557,8438.34,1406.39,2011-11-21,2011-11-22,17,6,Active
18142,United Kingdom,2,1276,1019.52,509.76,2011-05-08,2011-07-05,157,2,Churned
18143,United Kingdom,2,570,1000.16,500.08,2011-07-21,2011-08-15,116,2,At Risk
18144,United Kingdom,12,1343,2888.75,240.73,2010-12-01,2011-12-02,7,12,Active
18145,United Kingdom,4,2625,2861.55,715.39,2011-01-31,2011-11-27,12,4,Active
18146,United Kingdom,2,153,160.35,80.18,2011-05-03,2011-07-22,140,2,Churned
18147,United Kingdom,2,203,179.34,89.67,2011-08-23,2011-10-25,45,2,Active
18149,United Kingdom,3,310,612.08,204.03,2011-03-11,2011-10-20,50,3,Active
18150,United Kingdom,3,332,566.58,188.86,2011-05-22,2011-11-07,32,3,Active
18151,United Kingdom,2,355,653.35,326.68,2011-02-23,2011-07-28,134,2,Churned
18154,United Kingdom,2,255,399.19,199.60,2011-10-27,2011-12-06,3,2,Active
18155,United Kingdom,3,266,371.62,123.87,2011-02-21,2011-09-25,75,3,At Risk
18156,United Kingdom,2,283,675.64,337.82,2010-12-05,2011-11-27,12,2,Active
18158,United Kingdom,2,354,453.40,226.70,2011-09-12,2011-11-30,9,2,Active
18159,United Kingdom,1,139,530.15,530.15,2011-02-11,2011-02-11,301,1,Churned
18160,United Kingdom,2,294,638.06,319.03,2011-05-23,2011-10-13,57,2,Active
18161,United Kingdom,5,812,1618.69,323.74,2011-01-24,2011-11-24,15,5,Active
18164,United Kingdom,1,184,399.65,399.65,2011-11-02,2011-11-02,37,1,Active
18165,United Kingdom,1,254,302.46,302.46,2011-06-15,2011-06-15,177,1,Churned
18167,United Kingdom,3,382,1384.86,461.62,2011-08-26,2011-11-16,23,3,Active
18168,United Kingdom,6,592,1160.04,193.34,2010-12-02,2011-06-16,176,6,Churned
18169,United Kingdom,1,61,202.65,202.65,2011-10-10,2011-10-10,60,1,Active
18170,United Kingdom,3,409,980.31,326.77,2011-05-06,2011-11-06,33,3,Active
18171,United Kingdom,5,481,1231.31,246.26,2011-01-10,2011-10-12,58,5,Active
18172,United Kingdom,20,3184,7561.68,378.08,2011-02-23,2011-11-25,14,20,Active
18173,United Kingdom,4,1220,2106.84,526.71,2011-03-10,2011-09-14,86,4,At Risk
18174,United Kingdom,1,50,104.00,104.00,2011-12-02,2011-12-02,7,1,Active
18176,United Kingdom,1,283,476.35,476.35,2010-12-16,2010-12-16,358,1,Churned
18177,United Kingdom,6,709,1340.87,223.48,2011-03-29,2011-11-08,31,6,Active
18178,United Kingdom,4,983,1590.81,397.70,2010-12-10,2011-08-03,128,4,Churned
18179,United Kingdom,6,1360,1793.17,298.86,2011-01-07,2011-11-30,9,6,Active
18180,United Kingdom,6,1721,1843.75,307.29,2011-07-20,2011-12-05,4,6,Active
18181,United Kingdom,1,133,366.85,366.85,2011-11-15,2011-11-15,24,1,Active
18183,United Kingdom,2,371,632.07,316.04,2011-03-10,2011-04-26,227,2,Churned
18184,United Kingdom,1,60,49.80,49.80,2011-11-24,2011-11-24,15,1,Active
18185,United Kingdom,1,183,304.25,304.25,2011-04-04,2011-04-04,249,1,Churned
18188,United Kingdom,3,1168,2001.04,667.01,2011-02-22,2011-11-24,15,3,Active
18189,United Kingdom,2,566,1090.24,545.12,2011-03-17,2011-09-23,77,2,At Risk
18190,United Kingdom,2,140,284.46,142.23,2011-01-13,2011-05-31,192,2,Churned
18191,United Kingdom,1,140,207.80,207.80,2011-03-23,2011-03-23,261,1,Churned
18192,United Kingdom,1,339,957.97,957.97,2011-09-29,2011-09-29,71,1,At Risk
18193,United Kingdom,1,124,243.76,243.76,2011-06-27,2011-06-27,165,1,Churned
18194,United Kingdom,1,632,973.84,973.84,2011-09-18,2011-09-18,82,1,At Risk
18196,United Kingdom,2,431,686.63,343.32,2011-02-22,2011-09-05,95,2,At Risk
18198,United Kingdom,17,4074,5425.56,319.15,2011-01-07,2011-12-05,4,17,Active
18200,United Kingdom,1,104,150.35,150.35,2011-08-25,2011-08-25,106,1,At Risk
18202,United Kingdom,3,581,1396.99,465.66,2011-02-01,2011-05-24,199,3,Churned
18203,United Kingdom,1,43,160.42,160.42,2011-07-05,2011-07-05,157,1,Churned
18204,United Kingdom,3,1190,1975.35,658.45,2011-05-31,2011-09-29,71,3,At Risk
18205,United Kingdom,2,192,517.36,258.68,2011-09-26,2011-11-03,36,2,Active
18209,United Kingdom,1,58,139.10,139.10,2011-11-11,2011-11-11,28,1,Active
18210,United Kingdom,6,1398,2621.38,436.90,2011-03-17,2011-12-08,1,6,Active
18211,United Kingdom,5,359,600.07,120.01,2011-03-06,2011-11-14,25,5,Active
18212,United Kingdom,1,92,216.07,216.07,2011-01-17,2011-01-17,326,1,Churned
18213,United Kingdom,1,232,232.48,232.48,2011-04-17,2011-04-17,236,1,Churned
18215,United Kingdom,1,118,299.34,299.34,2011-09-11,2011-09-11,89,1,At Risk
18216,United Kingdom,1,200,481.75,481.75,2011-11-08,2011-11-08,31,1,Active
18217,United Kingdom,2,491,621.75,310.88,2011-09-30,2011-11-10,29,2,Active
18218,United Kingdom,2,536,641.92,320.96,2011-03-03,2011-05-12,211,2,Churned
18219,United Kingdom,10,885,2069.77,206.98,2010-12-06,2011-12-07,2,10,Active
18220,United Kingdom,1,288,305.28,305.28,2011-04-27,2011-04-27,226,1,Churned
18221,United Kingdom,5,791,1041.61,208.32,2011-05-12,2011-11-17,22,5,Active
18222,United Kingdom,1,335,443.00,443.00,2011-09-08,2011-09-08,92,1,At Risk
18223,United Kingdom,14,2948,6484.54,463.18,2010-12-16,2011-12-05,4,14,Active
18224,United Kingdom,1,69,158.95,158.95,2011-03-21,2011-03-21,263,1,Churned
18225,United Kingdom,12,3242,5504.96,458.75,2010-12-09,2011-12-06,3,12,Active
18226,United Kingdom,11,3466,5228.05,475.28,2011-01-06,2011-10-26,44,11,Active
18227,United Kingdom,1,21,93.75,93.75,2011-05-06,2011-05-06,217,1,Churned
18228,United Kingdom,2,238,779.90,389.95,2011-09-21,2011-10-14,56,2,Active
18229,United Kingdom,20,2488,7276.90,363.85,2010-12-01,2011-11-28,11,20,Active
18230,United Kingdom,7,1316,2810.20,401.46,2011-02-10,2011-11-30,9,7,Active
18231,United Kingdom,5,819,2071.77,414.35,2011-02-24,2011-05-31,192,5,Churned
18232,United Kingdom,4,302,592.97,148.24,2011-05-26,2011-09-19,81,4,At Risk
18233,United Kingdom,1,4,440.00,440.00,2011-01-18,2011-01-18,325,1,Churned
18235,United Kingdom,3,1578,1796.48,598.83,2011-05-06,2011-09-29,71,3,At Risk
18236,United Kingdom,6,403,882.24,147.04,2011-04-13,2011-11-10,29,6,Active
18237,United Kingdom,5,622,987.10,197.42,2011-07-28,2011-12-07,2,5,Active
18239,United Kingdom,5,795,1561.61,312.32,2010-12-02,2011-05-05,218,5,Churned
18240,United Kingdom,1,126,422.58,422.58,2011-10-24,2011-10-24,46,1,Active
18241,United Kingdom,17,1051,2073.09,121.95,2011-05-06,2011-11-30,9,17,Active
18242,United Kingdom,4,1017,2232.49,558.12,2011-05-10,2011-09-28,72,4,At Risk
18245,United Kingdom,7,1788,2567.06,366.72,2010-12-19,2011-12-02,7,7,Active
18246,United Kingdom,2,166,596.10,298.05,2011-04-20,2011-11-16,23,2,Active
18248,United Kingdom,2,511,804.02,402.01,2011-06-06,2011-08-09,122,2,Churned
18249,United Kingdom,1,128,95.34,95.34,2011-11-22,2011-11-22,17,1,Active
18250,United Kingdom,1,199,349.27,349.27,2011-02-02,2011-02-02,310,1,Churned
18251,United Kingdom,1,7824,4314.72,4314.72,2011-09-13,2011-09-13,87,1,At Risk
18252,United Kingdom,2,234,518.27,259.14,2011-06-21,2011-10-20,50,2,Active
18255,United Kingdom,1,74,103.30,103.30,2011-09-11,2011-09-11,89,1,At Risk
18257,United Kingdom,8,1041,2337.63,292.20,2011-02-16,2011-10-31,39,8,Active
18259,United Kingdom,3,714,2338.60,779.53,2010-12-08,2011-11-15,24,3,Active
18260,United Kingdom,6,1475,2628.35,438.06,2010-12-16,2011-06-20,172,6,Churned
18261,United Kingdom,2,146,324.24,162.12,2011-09-05,2011-10-27,43,2,Active
18262,United Kingdom,1,182,149.48,149.48,2011-07-22,2011-07-22,140,1,Churned
18263,United Kingdom,3,1468,1213.16,404.39,2011-04-01,2011-11-14,25,3,Active
18265,United Kingdom,2,311,801.51,400.76,2011-07-04,2011-09-28,72,2,At Risk
18268,United Kingdom,1,2,25.50,25.50,2011-07-28,2011-07-28,134,1,Churned
18269,United Kingdom,1,76,168.60,168.60,2010-12-08,2010-12-08,366,1,Churned
18270,United Kingdom,2,101,283.15,141.58,2011-03-18,2011-11-01,38,2,Active
18272,United Kingdom,6,2050,3078.58,513.10,2011-04-07,2011-12-07,2,6,Active
18273,United Kingdom,3,80,204.00,68.00,2011-03-27,2011-12-07,2,3,Active
18274,United Kingdom,1,88,175.92,175.92,2011-11-09,2011-11-09,30,1,Active
18276,United Kingdom,1,186,335.86,335.86,2011-10-27,2011-10-27,43,1,Active
18277,United Kingdom,1,68,110.38,110.38,2011-10-12,2011-10-12,58,1,Active
18278,United Kingdom,1,66,173.90,173.90,2011-09-27,2011-09-27,73,1,At Risk
18280,United Kingdom,1,45,180.60,180.60,2011-03-07,2011-03-07,277,1,Churned
18281,United Kingdom,1,54,80.82,80.82,2011-06-12,2011-06-12,180,1,Churned
18282,United Kingdom,2,103,178.05,89.03,2011-08-05,2011-12-02,7,2,Active
18283,United Kingdom,16,1357,2045.53,127.85,2011-01-06,2011-12-06,3,16,Active
18287,United Kingdom,3,1586,1837.28,612.43,2011-05-22,2011-10-28,42,3,Active
