customerid,historical_recency,historical_orders,historical_items,historical_revenue,historical_aov,historical_lifetime_days,churn_probability,risk_level,retention_opportunity_score,retention_priority,future_churn
12346,254,1,74215,77183.6,77183.6,0,0.9991641256777606,Critical Risk,77119.08421066201,High Value - High Risk,1
12347,58,5,1590,2790.86,558.172,237,0.3444010248261351,Moderate Risk,961.1750441462675,Monitor,0
12348,4,4,2341,1797.24,449.31,282,0.346418757853936,Moderate Risk,622.597648365408,Monitor,1
12350,239,1,197,334.40000000000003,334.40000000000003,0,0.776047491747376,Critical Risk,259.51028124032257,Standard Retention,1
12352,1,7,409,2194.31,313.47285714285715,224,0.21766733435857222,Low Risk,477.6296084563586,Monitor,0
12353,133,1,20,89.0,89.0,0,0.701005923892958,Critical Risk,62.38952722647326,Standard Retention,1
12354,161,1,530,1079.4,1079.4,0,0.7356390227584274,Critical Risk,794.0487611654466,Standard Retention,1
12355,143,1,240,459.40000000000003,459.40000000000003,0,0.7139449788947619,Critical Risk,327.98632330425363,Standard Retention,1
12356,174,2,1586,2753.08,1376.54,80,0.6719056343424191,Critical Risk,1849.8099637954272,Standard Retention,0
12358,79,1,100,484.86,484.86,0,0.6662034904152652,Critical Risk,323.0154243627455,Standard Retention,1
12359,118,3,965,3495.73,1165.2433333333333,141,0.5413918413822837,High Risk,1892.5597016752906,Standard Retention,0
12360,41,2,674,1618.28,809.14,88,0.5545929402437566,High Risk,897.4866633376664,Standard Retention,0
12361,216,1,91,189.9,189.9,0,0.7597315585985289,Critical Risk,144.27302297786065,Standard Retention,1
12362,1,5,1255,2577.34,515.4680000000001,223,0.30491049889717364,Moderate Risk,785.8580252276415,Monitor,0
12363,38,2,408,552.0,276.0,132,0.5343676174035827,High Risk,294.97092480677765,Standard Retention,1
12364,7,2,736,703.72,351.86,34,0.5380709486755526,High Risk,378.65128800195987,Standard Retention,0
12365,220,2,174,641.38,320.69,0,0.7190215836002274,Critical Risk,461.16606328951383,Standard Retention,1
12370,203,3,1972,2802.66,934.2199999999999,85,0.6317692984188606,Critical Risk,1770.634541906604,Standard Retention,0
12372,0,3,794,1298.04,432.68,224,0.41517702092942,High Risk,538.9163802472243,Standard Retention,1
12373,240,1,197,364.6,364.6,0,0.7770330229508294,Critical Risk,283.30624016787243,Standard Retention,1
12375,27,1,87,230.3,230.3,0,0.6201206100562354,Critical Risk,142.81377649595103,Standard Retention,1
12377,244,2,944,1628.1200000000001,814.0600000000001,39,0.7298330023114824,Critical Risk,1188.2557077233707,Standard Retention,1
12378,58,1,2529,4008.62,4008.62,0,0.7066501250931966,Critical Risk,2832.69182445109,Standard Retention,1
12379,10,2,407,852.24,426.12,88,0.5244368906661745,High Risk,446.94609570134054,Standard Retention,1
12380,7,2,583,1233.56,616.78,107,0.5175802991471465,High Risk,638.4663538159541,Standard Retention,0
12381,48,1,568,1268.74,1268.74,0,0.6547838268352802,Critical Risk,830.7504324589935,Standard Retention,0
12383,113,5,1532,1850.56,370.11199999999997,167,0.41412953736164226,High Risk,766.3715566599607,Standard Retention,1
12384,50,1,62,292.69,292.69,0,0.6399734470312736,Critical Risk,187.31382821158346,Standard Retention,0
12386,266,2,354,401.9,200.95,29,0.7432090757415982,Critical Risk,298.6957275405483,Standard Retention,1
12388,4,5,1238,2494.26,498.85200000000003,251,0.3002020271641454,Moderate Risk,748.7819082744413,Monitor,0
12390,8,1,353,549.84,549.84,0,0.6099795701811795,Critical Risk,335.39116686841976,Standard Retention,1
12393,1,4,816,1582.6000000000001,395.65000000000003,260,0.3495011157082779,Moderate Risk,553.1204657199206,Monitor,1
12394,146,1,182,381.08,381.08,0,0.7149047560740552,Critical Risk,272.43590444470095,Standard Retention,0
12395,41,8,1629,1899.57,237.44625,258,0.19873524992661273,Low Risk,377.51151870309576,Monitor,0
12397,64,1,704,1214.81,1214.81,0,0.6666323270413659,Critical Risk,809.8316172131216,Standard Retention,0
12399,48,4,1178,1108.65,277.1625,142,0.4246844986977499,High Risk,470.82646948126046,Standard Retention,1
12401,232,1,11,84.3,84.3,0,0.7684442269089603,Critical Risk,64.77984832842535,Standard Retention,1
12402,252,1,94,225.60000000000002,225.60000000000002,0,0.782494416698622,Critical Risk,176.53074040720912,Standard Retention,1
12405,77,1,857,1710.39,1710.39,0,0.6845557487632761,Critical Risk,1170.8573071272199,Standard Retention,1
12406,112,1,793,1621.25,1621.25,0,0.7091217097155984,Critical Risk,1149.663571876414,Standard Retention,0
12407,63,4,1237,1407.36,351.84,130,0.4403096961729743,High Risk,619.674254005997,Standard Retention,0
12408,27,4,1044,2134.05,533.5125,161,0.3977465101664525,Moderate Risk,848.810940020718,Monitor,0
12409,7,3,5551,11072.67,3690.89,103,0.4527375473760047,High Risk,5013.013458703866,High Value - High Risk,1
12410,237,2,211,693.33,346.665,0,0.7311097659144559,Critical Risk,506.90033400146973,Standard Retention,1
12412,3,3,829,1226.88,408.96000000000004,94,0.45708538403835036,High Risk,560.7889159689713,Standard Retention,1
12413,165,2,205,563.9,281.95,100,0.6508055349361117,Critical Risk,366.9892411504734,Standard Retention,0
12414,146,3,300,562.4100000000001,187.47000000000003,93,0.5822835300096489,High Risk,327.4820801127267,Standard Retention,1
12415,28,15,66701,102087.88,6805.858666666667,238,0.0021141919018254026,Low Risk,215.8333691705235,High Value - Low Risk,0
12417,35,7,1229,2816.52,402.36,250,0.23066713683658735,Low Risk,649.678604242985,Monitor,0
12418,41,1,407,668.58,668.58,0,0.6391987407808402,Critical Risk,427.35549411125413,Standard Retention,1
12421,43,3,407,628.5600000000001,209.52,204,0.4586371786142054,High Risk,288.280984989745,Standard Retention,0
12422,24,3,370,803.5600000000001,267.85333333333335,229,0.4343579787220785,High Risk,349.0326973819134,Standard Retention,1
12423,29,7,1136,1650.67,235.81,252,0.2317051816371688,Low Risk,382.46879217302546,Monitor,1
12424,91,2,740,1760.96,880.48,0,0.6237098324749881,Critical Risk,1098.3280665951552,Standard Retention,1
12425,7,1,496,777.2,777.2,0,0.6131467199271143,Critical Risk,476.5376307273533,Standard Retention,1
12426,123,1,258,582.73,582.73,0,0.7012521215130537,Critical Risk,408.64064876930183,Standard Retention,1
12427,300,1,79,303.5,303.5,0,0.8106801764437708,Critical Risk,246.04143355068442,Standard Retention,0
12428,49,8,3386,7548.12,943.515,163,0.19807882130145704,Low Risk,1495.122712641954,High Value - Low Risk,0
12429,101,3,1045,2844.88,948.2933333333334,193,0.5113042630933563,High Risk,1454.5992719890276,Standard Retention,1
12431,48,11,2098,4807.07,437.00636363636363,254,0.10645597429498949,Low Risk,511.7413203542151,Monitor,0
12432,99,3,1427,4016.66,1338.8866666666665,1,0.5672778190183781,High Risk,2278.5621245383586,Standard Retention,0
12433,20,3,5431,6395.2300000000005,2131.7433333333333,282,0.41437510726374005,High Risk,2650.0241172262886,High Value - High Risk,0
12434,13,2,394,806.14,403.07,175,0.5002083094784863,High Risk,403.23792660298693,Standard Retention,1
12435,8,2,2055,7829.89,3914.945,188,0.5197406664979987,High Risk,4069.5122472060148,High Value - High Risk,1
12436,28,1,211,509.01,509.01,0,0.6257509285887005,Critical Risk,318.5134801609344,Standard Retention,1
12437,7,12,1970,3034.0099999999998,252.83416666666665,253,0.08019589951024676,Low Risk,243.31516107308377,Monitor,0
12438,69,1,586,890.0699999999999,890.0699999999999,0,0.665259910876564,Critical Risk,592.1278888739033,Standard Retention,0
12441,295,1,121,173.55,173.55,0,0.80654370658695,Critical Risk,139.97566027816518,Standard Retention,1
12444,14,3,828,3189.81,1063.27,85,0.4675378941503077,High Risk,1491.357050139593,Standard Retention,0
12447,172,1,190,476.49,476.49,0,0.7344946101917501,Critical Risk,349.979336810267,Standard Retention,1
12449,20,3,1029,2724.58,908.1933333333333,95,0.4703702395430825,High Risk,1281.5613472542916,Standard Retention,0
12450,85,2,128,197.88,98.94,17,0.6076888084506912,Critical Risk,120.24946141622277,Standard Retention,1
12451,147,2,4105,5307.82,2653.91,106,0.6542736903461934,Critical Risk,3472.7669790933323,High Value - High Risk,0
12453,63,1,473,707.09,707.09,0,0.6575045691203814,Critical Risk,464.91490577933047,Standard Retention,1
12455,2,6,2089,2466.86,411.1433333333334,223,0.2598856719911704,Low Risk,641.1015688081387,Monitor,1
12456,60,2,1073,2265.4,1132.7,123,0.5632235819827689,High Risk,1275.9267026237646,Standard Retention,0
12457,10,6,810,2166.88,361.1466666666667,157,0.2818264630117945,Low Risk,610.6841261709973,Monitor,0
12458,0,2,506,947.4,473.7,213,0.47777889564106185,High Risk,452.64772573034196,Standard Retention,1
12461,23,2,287,826.88,413.44,60,0.5441439174605065,High Risk,449.94172246974364,Standard Retention,1
12462,232,1,287,762.11,762.11,0,0.7771617222171613,Critical Risk,592.2827201189208,Standard Retention,0
12463,104,3,577,985.7900000000001,328.5966666666667,66,0.5540701385890674,High Risk,546.1968019197168,Standard Retention,0
12464,35,6,81,780.55,130.09166666666667,203,0.2941752520784924,Low Risk,229.61849300986722,Monitor,0
12465,98,1,294,440.94,440.94,0,0.6803538635396108,Critical Risk,299.995232589156,Standard Retention,0
12468,116,2,366,729.54,364.77,128,0.6032795975129962,Critical Risk,440.1165975696312,Standard Retention,1
12471,7,21,4708,11744.76,559.2742857142857,286,0.008194287217861465,Low Risk,96.23993674485062,High Value - Low Risk,0
12472,67,5,3088,4927.6,985.5200000000001,230,0.345581224407811,Moderate Risk,1702.8860413919297,Monitor,0
12473,43,2,853,1175.75,587.875,77,0.5581866408883747,High Risk,656.2879430245065,Standard Retention,0
12474,27,13,2798,4362.06,335.54307692307697,231,0.06867227074439797,Low Risk,299.5525653233086,Monitor,0
12476,13,7,1317,3725.27,532.1814285714286,276,0.20807033579642875,Low Risk,775.1181798323621,Monitor,0
12477,29,3,2518,8834.03,2944.6766666666667,200,0.44174173675127515,High Risk,3902.3597547128675,High Value - High Risk,0
12480,72,3,1096,2144.95,714.9833333333332,192,0.48687310681654705,High Risk,1044.3184704661526,Standard Retention,0
12481,108,8,2351,4085.26,510.6575,186,0.24455284553540252,Low Risk,999.0619577519585,Monitor,0
12483,27,6,792,1624.06,270.6766666666667,240,0.2758249039219702,Low Risk,447.95619346351486,Monitor,0
12484,29,4,1857,3658.65,914.6625,235,0.37379879972008684,Moderate Risk,1367.5989785958957,Monitor,0
12488,4,1,169,553.39,553.39,0,0.6065264436048455,Critical Risk,335.6456686264855,Standard Retention,0
12489,265,1,105,334.93,334.93,0,0.7914717063568418,Critical Risk,265.087618610097,Standard Retention,1
12490,22,6,2010,3552.59,592.0983333333334,236,0.2655535076548483,Low Risk,943.4027357595376,Monitor,0
12492,34,1,69,126.39000000000001,126.39000000000001,0,0.6241341996470351,Critical Risk,78.88432149338877,Standard Retention,0
12493,94,2,207,433.74,216.87,31,0.6120366843605846,Critical Risk,265.46479147455995,Standard Retention,1
12494,90,5,364,868.86,173.772,204,0.3872525316334951,Moderate Risk,336.46823463507855,Monitor,0
12497,10,1,1236,1043.1,1043.1,0,0.6208028434902659,Critical Risk,647.5594460446963,Standard Retention,1
12500,35,6,1270,1773.84,295.64,227,0.2843842969423555,Low Risk,504.45224128822787,Monitor,0
12501,265,1,1783,2169.39,2169.39,0,0.8133178135171587,Critical Risk,1764.4035314659889,Standard Retention,1
12502,24,5,820,3723.87,744.774,214,0.31960074322404763,Moderate Risk,1190.1516196697341,Monitor,1
12506,161,1,23,73.5,73.5,0,0.7209878739708214,Critical Risk,52.992608736855374,Standard Retention,1
12507,63,3,894,1304.81,434.93666666666667,164,0.488186920063562,High Risk,636.9911751681364,Standard Retention,1
12509,213,1,55,176.5,176.5,0,0.7576009573328479,Critical Risk,133.71656896924767,Standard Retention,1
12510,71,2,353,982.5699999999999,491.28499999999997,182,0.5494655661936175,High Risk,539.8883813748628,Standard Retention,1
12513,41,1,462,612.29,612.29,0,0.6383149266384074,Critical Risk,390.83384643143046,Standard Retention,1
12514,196,1,440,1017.6800000000001,1017.6800000000001,0,0.7579782190806015,Critical Risk,771.3792739939465,Standard Retention,1
12515,282,1,131,383.7,383.7,0,0.8017301265147602,Critical Risk,307.62384954371345,Standard Retention,1
12516,6,2,875,1312.06,656.03,102,0.5188042123459251,High Risk,680.7022548505945,Standard Retention,1
12517,2,3,1044,1938.65,646.2166666666667,116,0.44903740256259767,High Risk,870.52636047798,Standard Retention,0
12518,6,2,482,849.73,424.865,33,0.5378098156747741,High Risk,456.99313467332587,Standard Retention,0
12520,8,5,1439,2634.26,526.8520000000001,194,0.317730568608868,Moderate Risk,836.9849276635967,Monitor,1
12521,71,1,309,599.68,599.68,0,0.6619461435072753,Critical Risk,396.95586333844284,Standard Retention,1
12523,8,8,623,1142.13,142.76625,252,0.18456248697777905,Low Risk,210.7943532519308,Monitor,0
12524,91,6,2290,3122.48,520.4133333333333,171,0.33531771790304515,Moderate Risk,1047.0228677979005,Monitor,0
12526,23,1,318,520.3,520.3,0,0.6219131800012322,Critical Risk,323.5814275546411,Standard Retention,0
12527,10,3,234,348.71000000000004,116.23666666666668,243,0.418433727973697,High Risk,145.91202528170788,Standard Retention,1
12528,43,4,503,1287.37,321.8425,198,0.40256106704727307,High Risk,518.2450408846479,Standard Retention,0
12530,52,3,600,1221.65,407.2166666666667,213,0.46335611378353914,High Risk,566.0589964036607,Standard Retention,0
12534,59,1,651,1089.18,1089.18,0,0.6606551993345362,Critical Risk,719.5724300111901,Standard Retention,1
12535,20,2,219,716.35,358.175,94,0.5306730637693935,High Risk,380.14764923120504,Standard Retention,1
12539,191,3,1621,4517.69,1505.8966666666665,71,0.6240657446706213,Critical Risk,2819.335574041019,Standard Retention,0
12540,6,13,5095,10495.99,807.3838461538461,284,0.050224434183211784,Low Risk,527.155158942649,High Value - Low Risk,0
12541,102,2,419,536.14,268.07,107,0.5970131219508873,High Risk,320.0826152027487,Standard Retention,0
12545,4,2,523,1000.39,500.195,184,0.4903929822832817,High Risk,490.58423554637216,Standard Retention,1
12546,6,1,475,760.2,760.2,0,0.6120047540052201,Critical Risk,465.24601399476836,Standard Retention,0
12547,126,2,134,207.8,103.9,82,0.6229389377187642,Critical Risk,129.4467112579592,Standard Retention,1
12548,95,1,49,95.19999999999999,95.19999999999999,0,0.6724170932243452,Critical Risk,64.01410727495765,Standard Retention,1
12550,8,1,569,964.83,964.83,0,0.6172293567666615,Critical Risk,595.521400289178,Standard Retention,1
12551,286,1,100,168.0,168.0,0,0.8014861477532462,Critical Risk,134.64967282254537,Standard Retention,1
12553,39,7,1351,2419.59,345.6557142857143,219,0.2419786018112377,Low Risk,585.4890051564527,Monitor,0
12556,80,1,163,308.75,308.75,0,0.664225716653155,Critical Risk,205.0796900166616,Standard Retention,0
12557,87,4,3464,9000.960000000001,2250.2400000000002,213,0.4132827904261063,High Risk,3719.941865313766,High Value - High Risk,0
12559,239,2,283,561.71,280.855,8,0.7302246265847651,Critical Risk,410.1744749989284,Standard Retention,1
12560,41,2,820,1436.31,718.155,30,0.5715696611866606,High Risk,820.9512200590125,Standard Retention,1
12561,231,1,177,238.85,238.85,0,0.769899531501171,Critical Risk,183.89050309905468,Standard Retention,1
12562,10,4,1007,1993.8700000000001,498.46750000000003,116,0.39708569718941106,Moderate Risk,791.737259055051,Monitor,0
12564,190,1,133,456.90000000000003,456.90000000000003,0,0.7463366542302591,Critical Risk,341.0012173178054,Standard Retention,1
12565,217,1,80,145.92000000000002,145.92000000000002,0,0.7597895145073037,Critical Risk,110.86848595690577,Standard Retention,1
12566,15,1,265,351.65,351.65,0,0.6123672003333486,Critical Risk,215.33892599722202,Standard Retention,1
12567,25,9,3533,7849.9800000000005,872.22,273,0.13472870450759425,Low Risk,1057.6176358105247,High Value - Low Risk,0
12569,21,15,857,2167.6800000000003,144.51200000000003,160,0.051047492788045136,Low Risk,110.65462916678969,Monitor,0
12571,50,1,197,248.35,248.35,0,0.6393576020682771,Critical Risk,158.7844604736566,Standard Retention,0
12573,156,1,84,160.54000000000002,160.54000000000002,0,0.7187506275656629,Critical Risk,115.38822574939154,Standard Retention,1
12574,244,1,61,218.45000000000002,218.45000000000002,0,0.7775625300086887,Critical Risk,169.85853468039807,Standard Retention,1
12576,24,4,665,936.5500000000001,234.13750000000002,208,0.38496115896709354,Moderate Risk,360.53537343063147,Monitor,0
12577,288,1,134,195.89,195.89,0,0.8029387792130392,Critical Risk,157.28767746004226,Standard Retention,0
12578,259,1,748,1608.66,1608.66,0,0.8032161823368343,Critical Risk,1292.101743877972,Standard Retention,0
12579,7,1,285,440.42,440.42,0,0.6072121946928914,Critical Risk,267.42839478664325,Standard Retention,1
12580,175,1,238,415.7,415.7,0,0.7357331945972099,Critical Risk,305.84428899406015,Standard Retention,1
12582,167,2,300,511.36,255.68,49,0.6663626920495465,Critical Risk,340.75122620645607,Standard Retention,1
12583,8,10,3740,4773.01,477.30100000000004,294,0.11076448613573969,Low Risk,528.679999970747,Monitor,0
12584,9,5,186,1062.39,212.478,199,0.3226383027767454,Moderate Risk,342.7677064869865,Monitor,0
12585,163,2,1279,2040.1,1020.05,117,0.6504216186667885,Critical Risk,1326.925144242115,Standard Retention,1
12589,73,1,83,131.5,131.5,0,0.6557868447952339,Critical Risk,86.23597009057325,Standard Retention,0
12590,140,2,4283,9864.26,4932.13,0,0.6926354288938721,Critical Risk,6832.335955820667,High Value - High Risk,1
12591,246,1,228,452.84999999999997,452.84999999999997,0,0.7817657204729975,Critical Risk,354.0226065161969,Standard Retention,1
12592,21,2,290,437.6,218.8,121,0.5223103175724895,High Risk,228.56299496972142,Standard Retention,1
12593,37,3,206,418.1,139.36666666666667,110,0.48214146416366405,High Risk,201.58334616682794,Standard Retention,1
12594,50,8,1440,2529.9,316.2375,201,0.21237129676797523,Low Risk,537.2781436933005,Monitor,0
12596,171,1,156,269.95,269.95,0,0.7308800408985197,Critical Risk,197.30106704055538,Standard Retention,0
12597,112,2,675,1428.81,714.405,85,0.6152745069364783,Critical Risk,879.1103682559096,Standard Retention,0
12598,0,5,1259,1946.14,389.228,213,0.30933222241342706,Moderate Risk,602.003811327667,Monitor,0
12599,55,6,749,857.04,142.84,177,0.3159954329664888,Moderate Risk,270.8207258695995,Monitor,0
12600,13,9,613,2219.46,246.60666666666668,287,0.14600485701804553,Low Risk,324.0519399572713,Monitor,0
12601,118,5,245,577.0600000000001,115.412,142,0.4306263604332503,High Risk,248.49724755161145,Standard Retention,1
12604,8,2,201,254.18,127.09,182,0.49141611755929454,High Risk,124.90814876122148,Standard Retention,1
12609,7,3,648,1126.85,375.6166666666666,240,0.4164086730317422,High Risk,469.23011320581867,Standard Retention,1
12610,35,2,625,1256.25,628.125,19,0.5688701390891577,High Risk,714.6431122307544,Standard Retention,0
12612,3,1,262,704.04,704.04,0,0.608348762046543,Critical Risk,428.3018624312481,Standard Retention,1
12613,126,4,759,1462.52,365.63,64,0.5149745941957209,High Risk,753.1606435031257,Standard Retention,0
12614,206,1,76,315.6,315.6,0,0.7549212260679184,Critical Risk,238.25313894703507,Standard Retention,1
12615,0,2,751,1211.39,605.695,96,0.514885275425054,High Risk,623.7268737971563,Standard Retention,0
12616,24,2,284,713.3,356.65,202,0.5011325993432781,High Risk,357.45788311156025,Standard Retention,1
12619,6,7,2395,2760.38,394.34000000000003,175,0.2299573189575086,Low Risk,634.7695841039276,Monitor,0
12620,9,2,740,939.32,469.66,123,0.5134745729699333,High Risk,482.3169358821177,Standard Retention,0
12621,10,17,5849,11260.64,662.3905882352941,284,0.020652735419168677,Low Risk,232.56301857050755,High Value - Low Risk,0
12622,161,1,69,180.1,180.1,0,0.7225580688961722,Critical Risk,130.13270820820063,Standard Retention,1
12623,205,1,191,305.1,305.1,0,0.7542112943445455,Critical Risk,230.10986590452083,Standard Retention,1
12624,35,2,355,641.13,320.565,71,0.5506166615819982,High Risk,353.0168602400665,Standard Retention,1
12625,140,2,1612,2683.82,1341.91,107,0.6372105261788383,Critical Risk,1710.15835436929,Standard Retention,1
12626,41,6,2337,4774.0,795.6666666666666,214,0.27885383594094704,Low Risk,1331.248212782081,Monitor,0
12627,25,5,1575,2727.83,545.566,44,0.37246947727536983,Moderate Risk,1016.033414196072,Monitor,0
12633,58,3,1068,1948.75,649.5833333333334,158,0.48517577247401605,High Risk,945.4862866087387,Standard Retention,0
12635,18,2,1172,1689.18,844.59,65,0.5423010997404455,High Risk,916.0441716595658,Standard Retention,1
12637,20,7,2842,5658.9,808.4142857142857,232,0.21390391436992856,Low Risk,1210.4608610279886,High Value - Low Risk,0
12639,167,1,201,486.1,486.1,0,0.731198398309446,Critical Risk,355.4355414182217,Standard Retention,1
12640,10,1,246,764.59,764.59,0,0.6152069328692709,Critical Risk,470.3810688025158,Standard Retention,0
12641,44,1,72,185.9,185.9,0,0.6333340436773812,Critical Risk,117.73679871962517,Standard Retention,1
12642,36,1,277,366.45,366.45,0,0.6299871096834758,Critical Risk,230.8587763435097,Standard Retention,0
12643,57,6,1808,3344.64,557.4399999999999,204,0.2992078809718986,Low Risk,1000.7426470138508,Monitor,1
12644,58,1,325,477.90999999999997,477.90999999999997,0,0.6496796273606963,Critical Risk,310.48839071195033,Standard Retention,1
12645,38,3,825,1310.8600000000001,436.9533333333334,206,0.45340217515603926,High Risk,594.3467753250457,Standard Retention,0
12647,7,11,1299,3401.67,309.2427272727273,291,0.09314504912438604,Low Risk,316.84871925495025,Monitor,0
12648,83,1,160,318.05,318.05,0,0.6667181308313332,Critical Risk,212.04970151090555,Standard Retention,1
12649,36,3,586,623.51,207.83666666666667,105,0.48295437113989653,High Risk,301.1268799494369,Standard Retention,1
12651,263,1,78,114.0,114.0,0,0.7876544968677007,Critical Risk,89.79261264291789,Standard Retention,1
12652,260,1,505,919.98,919.98,0,0.7957143845810942,Critical Risk,732.0413195269151,Standard Retention,1
12653,77,2,919,2209.85,1104.925,147,0.5703083452385139,High Risk,1260.2958967253298,Standard Retention,1
12654,126,3,151,337.75,112.58333333333333,97,0.5639700363110699,High Risk,190.48087976406387,Standard Retention,0
12656,1,4,1548,3465.42,866.355,161,0.3723659837273656,Moderate Risk,1290.4045273284873,Monitor,0
12657,7,1,259,618.44,618.44,0,0.6102300316300718,Critical Risk,377.39066076130166,Standard Retention,0
12662,36,7,1400,2653.66,379.0942857142857,266,0.22866266116917036,Low Risk,606.7929574381806,Monitor,0
12664,16,4,578,2277.08,569.27,235,0.3663265686591803,Moderate Risk,834.1549029624463,Monitor,0
12665,253,1,37,63.0,63.0,0,0.7810675842889656,Critical Risk,49.20725781020484,Standard Retention,1
12668,188,3,1334,2924.4700000000003,974.8233333333334,96,0.6155576124731476,Critical Risk,1800.179770949346,Standard Retention,0
12669,79,3,1115,2744.0299999999997,914.6766666666666,105,0.5191419529070411,High Risk,1424.5410930355079,Standard Retention,1
12670,27,3,761,1634.47,544.8233333333334,133,0.46568525891681806,High Risk,761.1485851417716,Standard Retention,0
12672,258,1,78,225.9,225.9,0,0.786054340493158,Critical Risk,177.5696755174044,Standard Retention,1
12673,255,1,171,220.9,220.9,0,0.7842750063509695,Critical Risk,173.24634890292916,Standard Retention,1
12674,20,3,787,1402.0,467.3333333333333,116,0.4650076115418784,High Risk,651.9406713817135,Standard Retention,0
12676,52,4,494,998.05,249.5125,187,0.41438781765178573,High Risk,413.57976140736474,Standard Retention,0
12678,7,10,5682,8680.5,868.05,274,0.10218029422808311,Low Risk,886.9760440468755,High Value - Low Risk,0
12679,16,3,480,1000.7,333.56666666666666,195,0.43762217275939375,High Risk,437.92850828032533,Standard Retention,0
12680,2,3,338,613.36,204.45333333333335,39,0.4731397618942608,High Risk,290.2050043554638,Standard Retention,1
12681,6,16,5898,10657.12,666.07,290,0.02576290313083183,Low Risk,274.55835021365056,High Value - Low Risk,0
12682,10,22,3873,8799.210000000001,399.96409090909094,289,0.007321556121620042,Low Risk,64.4239098409203,High Value - Low Risk,0
12683,21,12,3980,6622.19,551.8491666666666,272,0.07433246034685038,Low Risk,492.24367558430913,High Value - Low Risk,0
12684,99,4,1274,1379.48,344.87,42,0.4987767744070649,High Risk,688.0525847590579,Standard Retention,0
12685,4,3,1029,1829.02,609.6733333333333,18,0.48079197372634175,High Risk,879.3781357849535,Standard Retention,0
12686,300,1,107,89.14,89.14,0,0.808325537419989,Critical Risk,72.05413840561782,Standard Retention,1
12688,42,1,3028,4873.81,4873.81,0,0.70824794068731,Critical Risk,3451.865895801219,Standard Retention,1
12689,56,1,281,511.03000000000003,511.03000000000003,0,0.6485825151674813,Critical Risk,331.445122726038,Standard Retention,0
12690,134,1,106,389.01,389.01,0,0.7062930817915011,Critical Risk,274.75507174771184,Standard Retention,1
12691,74,4,198,556.3,139.075,212,0.4269104040256789,High Risk,237.49025775948516,Standard Retention,0
12693,56,4,255,855.91,213.9775,192,0.4165523368055643,High Risk,356.53131059525055,Standard Retention,1
12694,112,1,323,439.5,439.5,0,0.6909558720154798,Critical Risk,303.67510575080337,Standard Retention,0
12695,36,2,172,333.9,166.95,102,0.5407401244853315,High Risk,180.55312756565218,Standard Retention,0
12697,60,2,359,733.91,366.955,37,0.5827663052471149,High Risk,427.6980190839101,Standard Retention,0
12700,85,2,1376,2149.05,1074.525,58,0.6037873881083164,Critical Risk,1297.5692864141777,Standard Retention,0
12701,8,2,678,797.71,398.855,162,0.5000416537812183,High Risk,398.8882276378157,Standard Retention,1
12703,0,1,164,283.55,283.55,0,0.5985213766498629,High Risk,169.71073634906864,Standard Retention,1
12704,7,4,603,1346.47,336.6175,91,0.4036310757335258,High Risk,543.4771345429205,Standard Retention,0
12705,6,5,3060,5005.14,1001.028,279,0.2860669325698135,Low Risk,1431.8050468824765,High Value - Low Risk,0
12707,220,1,256,603.42,603.42,0,0.767730921667012,Critical Risk,463.2641927523083,Standard Retention,1
12708,1,8,1154,2399.14,299.8925,296,0.16841024143335961,Low Risk,404.03974663243037,Monitor,0
12709,0,12,3152,8025.62,668.8016666666666,295,0.06462430118159303,Low Risk,518.6500840490166,High Value - Low Risk,0
12710,25,3,851,1149.02,383.00666666666666,104,0.47335620359136377,High Risk,543.8957450505488,Standard Retention,1
12712,35,11,943,3913.08,355.73454545454547,264,0.10324286126153084,Low Risk,403.9975755452711,Monitor,0
12714,35,4,2258,3389.7,847.425,187,0.39392214947107423,Moderate Risk,1335.2779100621003,Monitor,1
12715,35,1,192,343.36,343.36,0,0.628706551282368,Critical Risk,215.87268144831387,Standard Retention,1
12716,62,1,503,677.9,677.9,0,0.6562662835438969,Critical Risk,444.8829136144077,Standard Retention,1
12717,80,2,506,1030.98,515.49,94,0.5840578748054758,High Risk,602.1519877669494,Standard Retention,1
12718,0,1,203,238.25,238.25,0,0.5977757002724196,High Risk,142.42006058990395,Standard Retention,1
12720,9,18,3188,3828.32,212.68444444444447,288,0.02103049897189041,Low Risk,80.5114798240675,Monitor,0
12721,8,5,1550,2041.81,408.36199999999997,275,0.299021127179265,Low Risk,610.544327685895,Monitor,0
12722,14,4,566,997.63,249.4075,65,0.4184026682105316,High Risk,417.41105388687265,Standard Retention,1
12724,10,3,370,823.17,274.39,250,0.41601999685354163,High Risk,342.45518080992986,Standard Retention,1
12725,300,1,164,427.8,427.8,0,0.8120935486434923,Critical Risk,347.413620109686,Standard Retention,1
12726,15,6,2380,1824.6399999999999,304.1066666666666,271,0.2603650814416224,Low Risk,475.07254220164185,Monitor,0
12727,24,6,1756,3337.7,556.2833333333333,224,0.2705957754295107,Low Risk,903.1675196510778,Monitor,1
12728,0,4,419,836.33,209.0825,261,0.35034791838705126,Moderate Risk,293.0064745846426,Monitor,1
12729,42,1,233,453.01,453.01,0,0.6362869990679656,Critical Risk,288.2443734477791,Standard Retention,1
12731,14,9,6499,13702.15,1522.461111111111,278,0.11267729298648736,Low Risk,1543.9211700947978,High Value - Low Risk,0
12732,108,1,111,236.26000000000002,236.26000000000002,0,0.6846366216977685,Critical Risk,161.7522482423148,Standard Retention,1
12733,163,1,137,383.95,383.95,0,0.7269276206152788,Critical Risk,279.1038599352363,Standard Retention,1
12734,281,1,88,110.39999999999999,110.39999999999999,0,0.7980039389484564,Critical Risk,88.09963485990959,Standard Retention,1
12735,244,2,368,779.5699999999999,389.78499999999997,21,0.7312478214583631,Critical Risk,570.0588641742961,Standard Retention,1
12736,261,1,173,234.0,234.0,0,0.7879784426497155,Critical Risk,184.38695558003343,Standard Retention,1
12738,301,1,148,155.35,155.35,0,0.8096261942821087,Critical Risk,125.77542928172558,Standard Retention,1
12739,7,2,486,1013.04,506.52,20,0.5432580618772962,High Risk,550.3421470041761,Standard Retention,1
12743,63,2,315,540.13,270.065,0,0.5955656712572698,High Risk,321.6828860161891,Standard Retention,1
12744,73,5,4640,14211.970000000001,2842.3940000000002,173,0.3277946381023243,Moderate Risk,4658.6075628710905,High Value - Low Risk,0
12747,38,8,862,2769.4,346.175,259,0.1926606068266879,Low Risk,533.5542845458294,Monitor,0
12748,1,137,12649,17886.78,130.56043795620437,301,3.964498451116994e-14,Low Risk,7.091211160547042e-10,High Value - Low Risk,0
12749,59,3,1080,2755.23,918.41,82,0.5085977172525622,High Risk,1401.303688505777,Standard Retention,0
12750,57,1,137,275.88,275.88,0,0.6454090414082829,Critical Risk,178.05544634371708,Standard Retention,1
12752,10,1,2262,4366.78,4366.78,0,0.6759475790189126,Critical Risk,2951.714369108207,Standard Retention,1
12753,64,5,9211,16620.91,3324.182,226,0.3008092357369946,Moderate Risk,4999.723234353371,High Value - Low Risk,0
12754,164,3,6481,3010.74,1003.5799999999999,72,0.6070480598734276,Critical Risk,1827.6638757833232,Standard Retention,1
12755,209,2,1491,3811.9500000000003,1905.9750000000001,85,0.7003962950718109,Critical Risk,2669.8756569989896,Standard Retention,1
12756,15,1,144,112.08,112.08,0,0.6081720309509857,Critical Risk,68.16392122898648,Standard Retention,1
12757,71,7,918,5281.08,754.4399999999999,68,0.2852282260226692,Low Risk,1506.3130798837976,High Value - Low Risk,0
12758,45,2,2135,2791.59,1395.795,159,0.5422151054429849,High Risk,1513.6422662035823,Standard Retention,1
12759,100,2,630,1082.52,541.26,104,0.598372294404879,High Risk,647.7499761391697,Standard Retention,0
12763,67,2,316,494.08,247.04,230,0.529482296974075,High Risk,261.606613288951,Standard Retention,1
12764,245,1,386,1693.88,1693.88,0,0.7960975034473081,Critical Risk,1348.4936391393264,Standard Retention,1
12766,78,5,2495,4952.1900000000005,990.4380000000001,216,0.35769365182342006,Moderate Risk,1771.3669256234227,Monitor,0
12769,167,1,356,1143.6,1143.6,0,0.7404778763821313,Critical Risk,846.8104994306052,Standard Retention,1
12770,139,1,743,1351.45,1351.45,0,0.7244101905606948,Critical Risk,979.004152033251,Standard Retention,1
12775,118,4,740,1164.68,291.17,121,0.4914371688562524,High Risk,572.3670418235,Standard Retention,0
12778,112,4,458,492.06,123.015,129,0.4856936091097634,High Risk,238.99039729855016,Standard Retention,0
12779,118,7,1385,2999.41,428.4871428571428,181,0.30315566090780793,Moderate Risk,909.2881208834882,Monitor,0
12781,213,1,346,549.26,549.26,0,0.7626753474237311,Critical Risk,418.9070613259585,Standard Retention,0
12782,78,4,958,2078.67,519.6675,207,0.4275804043810382,High Risk,888.7985591747328,Standard Retention,1
12783,4,1,176,339.02,339.02,0,0.6028573962524454,Critical Risk,204.38071447750403,Standard Retention,0
12785,293,1,131,311.95,311.95,0,0.807001641136158,Critical Risk,251.7441619524245,Standard Retention,1
12787,20,2,210,344.66,172.33,101,0.5271334307603032,High Risk,181.6818082458461,Standard Retention,1
12790,121,1,166,324.92,324.92,0,0.6958055181870727,Critical Risk,226.08112896934367,Standard Retention,1
12791,302,1,97,192.60000000000002,192.60000000000002,0,0.8105482007474489,Critical Risk,156.11158346395868,Standard Retention,1
12792,185,1,217,400.54,400.54,0,0.7422843990277816,Critical Risk,297.3145931865877,Standard Retention,1
12793,263,2,295,545.48,272.74,36,0.7399128791695807,Critical Risk,403.60767732942287,Standard Retention,1
12794,27,1,227,317.0,317.0,0,0.6217084196921618,Critical Risk,197.0815690424153,Standard Retention,0
12797,294,1,118,254.03,254.03,0,0.8068941747979866,Critical Risk,204.97532722393254,Standard Retention,1
12798,99,1,2256,1607.04,1607.04,0,0.7005542608364488,Critical Risk,1125.8187193346066,Standard Retention,0
12802,115,1,314,427.58,427.58,0,0.6930129681542629,Critical Risk,296.31848492339975,Standard Retention,1
12808,113,2,108,281.35,140.675,184,0.5822872146627113,High Risk,163.82650784535383,Standard Retention,0
12809,106,1,220,489.31,489.31,0,0.6871215096068483,Critical Risk,336.2154258657269,Standard Retention,1
12811,189,3,230,514.85,171.61666666666667,23,0.6385499440287958,Critical Risk,328.75743868322553,Standard Retention,1
12814,30,1,49,125.92,125.92,0,0.6208059918371003,Critical Risk,78.17189049212767,Standard Retention,1
12815,76,2,379,1063.46,531.73,50,0.5937330022684625,High Risk,631.4112985924191,Standard Retention,1
12816,24,2,128,572.2,286.1,80,0.5378221713548557,High Risk,307.74184644924844,Standard Retention,1
12817,210,1,53,166.04000000000002,166.04000000000002,0,0.7555201500351306,Critical Risk,125.4465657118331,Standard Retention,1
12818,190,1,929,1542.08,1542.08,0,0.7613327945709014,Critical Risk,1174.0360758518957,Standard Retention,1
12820,3,2,363,388.23,194.115,251,0.46655499496206776,High Risk,181.1306456941236,Standard Retention,0
12821,143,1,70,92.72,92.72,0,0.7084115033621688,Critical Risk,65.68391459174029,Standard Retention,1
12822,16,1,424,690.9,690.9,0,0.6190972555165887,Critical Risk,427.7342938364111,Standard Retention,0
12823,3,5,230,1759.5,351.9,221,0.3094164404375406,Moderate Risk,544.4182269498526,Monitor,1
12826,0,5,854,1052.6200000000001,210.52400000000003,293,0.2919408535172073,Low Risk,307.30278122928274,Monitor,0
12828,28,3,157,415.51,138.50333333333333,31,0.4984280106306509,High Risk,207.10182269714176,Standard Retention,0
12829,265,2,376,293.0,146.5,23,0.7436477067904242,Critical Risk,217.8887780895943,Standard Retention,1
12830,20,5,8696,6414.32,1282.864,80,0.3482643188757409,Moderate Risk,2233.8787858510423,High Value - Low Risk,0
12831,191,1,135,215.05,215.05,0,0.7437103069723583,Critical Risk,159.93490151440565,Standard Retention,1
12832,27,1,132,267.8,267.8,0,0.6207939078307947,Critical Risk,166.24860851708684,Standard Retention,0
12833,74,1,156,417.38,417.38,0,0.6612495470937904,Critical Risk,275.99233596600624,Standard Retention,1
12834,211,1,110,312.38,312.38,0,0.7581379363989941,Critical Risk,236.82712857231778,Standard Retention,1
12836,66,3,858,2112.53,704.1766666666667,174,0.48693414573515514,High Risk,1028.6629908898874,Standard Retention,0
12837,102,1,24,134.1,134.1,0,0.6783997305506054,Critical Risk,90.97340386683618,Standard Retention,1
12838,302,1,228,390.79,390.79,0,0.8127965111597973,Critical Risk,317.6327485961372,Standard Retention,0
12839,0,10,2276,3376.05,337.605,295,0.11151142690436609,Low Risk,376.46815280048514,Monitor,0
12840,72,4,1511,2726.77,681.6925,82,0.4586098709162059,High Risk,1250.5236377181827,Standard Retention,1
12841,18,18,1975,3045.78,169.21,282,0.022348193822826358,Low Risk,68.06768178168807,Monitor,0
12842,237,1,157,310.73,310.73,0,0.774501234470748,Critical Risk,240.66076858709556,Standard Retention,0
12843,88,7,780,1692.31,241.75857142857143,104,0.3074321241759406,Moderate Risk,520.2704580641861,Monitor,0
12844,59,1,77,174.88,174.88,0,0.6453075724481547,Critical Risk,112.85138826973329,Standard Retention,0
12845,196,4,204,354.09000000000003,88.52250000000001,22,0.591485403212582,High Risk,209.43906642354318,Standard Retention,1
12849,197,1,489,668.85,668.85,0,0.7540453262320667,Critical Risk,504.3432164503178,Standard Retention,0
12851,25,1,106,131.81,131.81,0,0.6168125367096364,Critical Risk,81.30206046369717,Standard Retention,1
12852,223,1,149,311.55,311.55,0,0.7658000363725475,Critical Risk,238.58500133186718,Standard Retention,1
12853,63,6,800,1957.1000000000001,326.18333333333334,181,0.3156306291627431,Moderate Risk,617.7207043344046,Monitor,1
12854,7,3,626,1316.25,438.75,239,0.4165076861720539,High Risk,548.2282419239659,Standard Retention,1
12855,301,1,30,38.1,38.1,0,0.8082577587580897,Critical Risk,30.794620608683218,Standard Retention,1
12857,139,2,343,1106.4,553.2,91,0.6343547599086087,Critical Risk,701.8501063628847,Standard Retention,1
12864,67,1,216,147.12,147.12,0,0.6513811093578639,Critical Risk,95.83118880872894,Standard Retention,1
12865,52,1,550,981.38,981.38,0,0.6532847763974748,Critical Risk,641.1206138609539,Standard Retention,0
12866,212,1,171,559.12,559.12,0,0.7620475635097274,Critical Risk,426.07603370955877,Standard Retention,1
12867,25,6,3366,3015.96,502.66,263,0.2645284965960576,Low Risk,797.8073645938458,Monitor,0
12868,114,6,928,1607.0600000000002,267.84333333333336,187,0.35579886178876363,Moderate Risk,571.7901188262506,Monitor,1
12871,13,2,200,380.64,190.32,123,0.5143821455593424,High Risk,195.79441988570807,Standard Retention,1
12872,255,2,319,599.97,299.985,38,0.734165798462798,Critical Risk,440.4774541037249,Standard Retention,1
12873,211,1,128,374.0,374.0,0,0.7589598228297992,Critical Risk,283.8509737383449,Standard Retention,1
12875,72,2,2019,343.2300000000001,171.61500000000004,219,0.5382462403351749,High Risk,184.74225707024212,Standard Retention,1
12876,125,1,651,726.43,726.43,0,0.7051785453595935,Critical Risk,512.2628507055695,Standard Retention,0
12877,7,10,822,1160.3700000000001,116.037,280,0.1223244209797834,Low Risk,141.9415883723113,Monitor,0
12878,165,2,547,854.99,427.495,29,0.6715913436960664,Critical Risk,574.2038829466999,Standard Retention,1
12879,10,2,202,507.7,253.85,10,0.5467692118035961,High Risk,277.5947288326857,Standard Retention,0
12881,204,1,21,298.0,298.0,0,0.7533458866548186,Critical Risk,224.49707422313594,Standard Retention,1
12883,18,1,68,291.63,291.63,0,0.6136703743157468,Critical Risk,178.96469126170123,Standard Retention,0
12884,17,1,43,309.05,309.05,0,0.613111168524133,Critical Risk,189.48200663238333,Standard Retention,1
12885,52,1,346,645.35,645.35,0,0.6476304041141492,Critical Risk,417.9482812950662,Standard Retention,0
12886,148,1,416,775.0,775.0,0,0.7222174625364973,Critical Risk,559.7185334657854,Standard Retention,0
12888,143,2,76,354.12,177.06,41,0.6488695975617528,Critical Risk,229.7777018885679,Standard Retention,1
12891,114,3,950,331.0,110.33333333333333,107,0.5512914102970813,High Risk,182.4774568083339,Standard Retention,1
12895,15,1,142,267.8,267.8,0,0.6108285435502102,Critical Risk,163.5798839627463,Standard Retention,0
12897,133,2,110,216.5,108.25,97,0.6243991914290385,Critical Risk,135.18242494438684,Standard Retention,1
12901,10,20,14208,13159.27,657.9635000000001,189,0.011469477277335096,Low Risk,150.92994825131743,High Value - Low Risk,0
12902,193,1,66,138.68,138.68,0,0.7439559834656758,Critical Risk,103.17181578701992,Standard Retention,1
12904,101,1,165,244.69,244.69,0,0.6794786512580777,Critical Risk,166.26163117633902,Standard Retention,0
12906,7,2,1163,1936.5900000000001,968.2950000000001,0,0.5534028929430954,High Risk,1071.7145084446693,Standard Retention,0
12908,105,2,1200,750.0,375.0,136,0.5924565018181345,High Risk,444.34237636360086,Standard Retention,1
12909,16,4,1036,1857.35,464.3375,165,0.3882299852982324,Moderate Risk,721.0789631936718,Monitor,0
12910,7,5,1286,2050.18,410.03599999999994,163,0.32757981971377753,Moderate Risk,671.5975947807924,Monitor,0
12913,211,3,345,866.39,288.7966666666667,85,0.6386088253079708,Critical Risk,553.2843001585728,Standard Retention,0
12915,77,2,93,363.65,181.825,223,0.5396651399317429,High Risk,196.2492281361783,Standard Retention,1
12916,67,4,1083,2944.95,736.2375,181,0.42322413940186754,High Risk,1246.3739293315298,Standard Retention,1
12917,57,1,120,594.0,594.0,0,0.6505988022029355,Critical Risk,386.4556885085437,Standard Retention,1
12919,45,3,203,441.65,147.21666666666667,53,0.5066262162975103,High Risk,223.7514684277954,Standard Retention,0
12921,13,27,6724,11395.98,422.0733333333333,289,0.0022290897257300404,Low Risk,25.402661932625023,High Value - Low Risk,0
12922,90,1,370,405.38,405.38,0,0.6737130481459943,Critical Risk,273.10979545742316,Standard Retention,1
12924,17,4,481,933.7,233.425,239,0.3700869679620651,Moderate Risk,345.5502019861802,Monitor,1
12925,3,1,258,368.31,368.31,0,0.6025931009432445,Critical Risk,221.94106500840638,Standard Retention,1
12928,76,3,690,1136.14,378.71333333333337,211,0.4851566872997054,High Risk,551.2059187086874,Standard Retention,0
12929,240,1,37,117.85,117.85,0,0.7738463342655195,Critical Risk,91.19779049319148,Standard Retention,1
12930,7,2,252,415.8,207.9,93,0.518494656567654,High Risk,215.59007820083056,Standard Retention,1
12931,30,11,21384,32530.7,2957.336363636364,256,0.04784523228958811,Low Risk,1556.438898042904,High Value - Low Risk,0
12933,100,2,378,357.49,178.745,112,0.5931576859954525,High Risk,212.0479411665143,Standard Retention,0
12935,38,4,1268,1535.34,383.835,209,0.39500957376279777,Moderate Risk,606.4739989809739,Monitor,0
12936,7,1,434,798.46,798.46,0,0.6134529854324154,Critical Risk,489.8176707483665,Standard Retention,0
12937,0,3,521,826.44,275.48,196,0.42374289213240174,High Risk,350.19807577390213,Standard Retention,0
12939,8,6,3700,9036.12,1506.0200000000002,255,0.2299751558126628,Low Risk,2078.083104941919,High Value - Low Risk,0
12940,16,1,95,361.27,361.27,0,0.613212661733461,Critical Risk,221.53533830444744,Standard Retention,0
12942,60,3,198,675.6,225.20000000000002,234,0.4640875848973876,High Risk,313.53757235667507,Standard Retention,1
12944,283,1,145,286.95,286.95,0,0.801193376530629,Critical Risk,229.902439395464,Standard Retention,0
12945,217,1,165,462.95,462.95,0,0.7639727367877026,Critical Risk,353.6811784958669,Standard Retention,1
12947,72,6,1165,1603.99,267.33166666666665,229,0.3117823517855773,Moderate Risk,500.0957744405481,Monitor,1
12948,34,4,799,1423.96,355.99,159,0.4063049667465523,High Risk,578.5620204484206,Standard Retention,0
12949,43,7,2048,3449.42,492.7742857142857,138,0.2588383391741574,Low Risk,892.842143914122,Monitor,0
12951,102,5,331,751.78,150.356,157,0.41170506354305764,High Risk,309.5116326703999,Standard Retention,1
12952,7,1,408,731.54,731.54,0,0.6122909547749019,Critical Risk,447.91532505603175,Standard Retention,0
12955,21,6,1526,1843.36,307.22666666666663,175,0.2872463495427378,Low Risk,529.4984308931012,Monitor,0
12956,235,1,34,108.07,108.07,0,0.7706312298453503,Critical Risk,83.282117009387,Standard Retention,1
12957,0,6,1713,2640.7200000000003,440.12000000000006,267,0.24731601843847245,Low Risk,653.092356210843,Monitor,0
12962,42,1,78,170.54,170.54,0,0.6314496552832718,Critical Risk,107.68742421200916,Standard Retention,1
12963,13,2,310,619.71,309.855,280,0.46725494130227696,High Risk,289.56255967443406,Standard Retention,0
12965,18,1,282,769.8100000000001,769.8100000000001,0,0.6219586628983411,Critical Risk,478.789998285772,Standard Retention,1
12967,287,2,438,1660.9,830.45,13,0.7641111302519039,Critical Risk,1269.1121762353873,Standard Retention,1
12968,41,1,73,135.95,135.95,0,0.6300491620401415,Critical Risk,85.65518357935723,Standard Retention,1
12970,251,2,8,23.8,11.9,0,0.7385860498379511,Critical Risk,17.578347986143235,Standard Retention,1
12971,2,67,6692,8653.800000000001,129.16119402985078,298,3.2114574438377857e-07,Low Risk,0.0027791310427483433,High Value - Low Risk,0
12974,126,1,24,144.8,144.8,0,0.69667541241473,Critical Risk,100.8785997176529,Standard Retention,1
12976,140,1,561,738.6,738.6,0,0.7161240166465463,Critical Risk,528.9291986951391,Standard Retention,1
12977,85,1,12,39.239999999999995,39.239999999999995,0,0.6637053755187974,Critical Risk,26.043798935357607,Standard Retention,1
12980,86,9,886,7374.900000000001,819.4333333333334,200,0.1747974171244534,Low Risk,1289.1134715511314,High Value - Low Risk,1
12981,62,1,134,187.18,187.18,0,0.6479665988625983,Critical Risk,121.28638797510116,Standard Retention,0
12982,171,1,288,390.54,390.54,0,0.7326752749417476,Critical Risk,286.1390018757501,Standard Retention,1
12987,2,2,219,558.7,279.35,124,0.5051033824519005,High Risk,282.2012597758768,Standard Retention,1
12988,221,1,126,505.82,505.82,0,0.7670210782875018,Critical Risk,387.97460181938413,Standard Retention,1
12989,17,9,2394,5107.06,567.4511111111111,276,0.13990903800630985,Low Risk,714.5238516405049,High Value - Low Risk,0
12990,114,2,130,263.9,131.95,124,0.6008848363598167,Critical Risk,158.5735083153556,Standard Retention,0
12991,41,1,361,303.56,303.56,0,0.6330988392704892,Critical Risk,192.1834836489497,Standard Retention,0
12993,49,3,204,372.4,124.13333333333333,177,0.47218494954055895,High Risk,175.84167520890415,Standard Retention,0
12994,49,2,303,645.47,322.735,148,0.5393441923759509,High Risk,348.130495852905,Standard Retention,1
12995,14,1,108,211.32,211.32,0,0.6089983707416169,Critical Risk,128.69353570511848,Standard Retention,1
12997,17,3,470,916.39,305.4633333333333,228,0.4286108272205261,High Risk,392.77467595661795,Standard Retention,0
12999,125,3,342,455.88,151.96,49,0.5776065441701085,High Risk,263.31927135626904,Standard Retention,1
13000,35,3,379,534.85,178.28333333333333,258,0.4353729456725898,High Risk,232.85921999298466,Standard Retention,1
13001,87,11,4864,8582.57,780.2336363636364,168,0.11994282398782077,Low Risk,1029.4176828731509,High Value - Low Risk,0
13002,247,1,73,120.95,120.95,0,0.7781832192544096,Critical Risk,94.12126036882084,Standard Retention,1
13003,34,3,103,149.05,49.68333333333334,109,0.4799812350685135,High Risk,71.54120308696194,Standard Retention,1
13004,6,13,3701,4125.3,317.33076923076925,280,0.06122697734887849,Low Risk,252.57964965732845,Monitor,0
13005,102,2,172,513.7,256.85,72,0.6070026049886612,Critical Risk,311.8172381826753,Standard Retention,1
13008,252,1,175,229.47,229.47,0,0.782593560151091,Critical Risk,179.58174424787086,Standard Retention,1
13011,301,1,13,50.550000000000004,50.550000000000004,0,0.8083861938569517,Critical Risk,40.86392209946891,Standard Retention,1
13012,7,5,602,1190.8400000000001,238.16800000000003,216,0.3163831771856169,Moderate Risk,376.76174271972013,Monitor,0
13013,21,9,1758,3686.09,409.5655555555556,278,0.14610346985663597,Low Risk,538.5505392038473,Monitor,0
13014,3,6,716,2421.63,403.605,206,0.2637978244838859,Low Risk,638.8207257049127,Monitor,0
13015,126,4,705,1763.04,440.76,52,0.5176008530624878,High Risk,912.5510079832885,Standard Retention,0
13016,2,3,527,789.89,263.2966666666667,49,0.47008708724614967,High Risk,371.31708934486113,Standard Retention,1
13018,1,21,4260,5678.17,270.38904761904763,223,0.010757764979008533,Low Risk,61.08441837085689,High Value - Low Risk,0
13021,95,4,527,1152.47,288.1175,192,0.4494598156429585,High Risk,517.9889537340404,Standard Retention,0
13023,58,1,159,336.4,336.4,0,0.6472233707154846,Critical Risk,217.725941908689,Standard Retention,0
13026,21,3,900,604.2,201.4,182,0.4466615530077719,High Risk,269.8729103272958,Standard Retention,0
13027,42,6,17280,6912.0,1152.0,240,0.274677376949376,Low Risk,1898.5700294740868,High Value - Low Risk,1
13029,67,2,92,773.1999999999999,386.59999999999997,214,0.5352047700789331,High Risk,413.820328225031,Standard Retention,0
13030,297,1,174,402.36,402.36,0,0.8102052092697416,Critical Risk,325.99416800177323,Standard Retention,0
13032,16,1,175,496.3,496.3,0,0.6155785298412483,Critical Risk,305.51162436021156,Standard Retention,0
13033,286,1,83,190.55,190.55,0,0.8017331817468072,Critical Risk,152.77025778185413,Standard Retention,1
13034,298,1,116,165.86,165.86,0,0.8080945484394351,Critical Risk,134.0305618041647,Standard Retention,0
13035,2,2,644,921.88,460.94,186,0.48784303299455134,High Risk,449.732735257017,Standard Retention,1
13037,67,3,431,881.07,293.69,118,0.5057903845096505,High Risk,445.6367340799178,Standard Retention,1
13038,9,3,360,908.46,302.82,210,0.4270452088784526,High Risk,387.95349045771906,Standard Retention,1
13043,202,1,254,516.42,516.42,0,0.7551099818677542,Critical Risk,389.9538968361456,Standard Retention,1
13044,220,1,429,560.47,560.47,0,0.7672974914865726,Critical Risk,430.04722505347934,Standard Retention,1
13045,28,1,221,305.28000000000003,305.28000000000003,0,0.6223315073635138,Critical Risk,189.98536256793352,Standard Retention,1
13046,195,1,76,197.72,197.72,0,0.7461023493484891,Critical Risk,147.51935651318325,Standard Retention,0
13047,56,8,1164,2682.01,335.25125,246,0.20585841727974047,Low Risk,552.1143337284368,Monitor,0
13048,42,3,947,1358.55,452.84999999999997,213,0.454823841298878,High Risk,617.9009295965907,Standard Retention,0
13049,247,1,78,153.78000000000003,153.78000000000003,0,0.7785926556971252,Critical Risk,119.73197859310393,Standard Retention,0
13050,35,13,2707,4509.74,346.9030769230769,260,0.0678642973756918,Low Risk,306.0503364470523,Monitor,0
13052,141,1,222,348.15000000000003,348.15000000000003,0,0.7108565693771293,Critical Risk,247.48471462864757,Standard Retention,1
13055,7,3,894,1214.41,404.80333333333334,135,0.4481713456554063,High Risk,544.263763877382,Standard Retention,1
13058,80,1,9,47.550000000000004,47.550000000000004,0,0.6599044592574951,Critical Risk,31.378457037693895,Standard Retention,0
13059,178,1,35,183.4,183.4,0,0.7343921969246888,Critical Risk,134.68752891598794,Standard Retention,1
13060,182,1,123,307.53000000000003,307.53000000000003,0,0.7389099203890166,Critical Risk,227.2369678172343,Standard Retention,1
13061,1,1,107,248.61,248.61,0,0.5987118371249873,High Risk,148.84574982764312,Standard Retention,1
13062,120,1,343,346.98,346.98,0,0.6955377926116543,Critical Risk,241.33770328039182,Standard Retention,1
13064,17,3,366,842.33,280.7766666666667,239,0.42528201243824676,High Risk,358.2277975371084,Standard Retention,0
13065,302,1,74,205.86,205.86,0,0.81068090965127,Critical Risk,166.88677206081047,Standard Retention,1
13067,11,1,32,115.46000000000001,115.46000000000001,0,0.6047751699385487,Critical Risk,69.82734112110484,Standard Retention,1
13068,248,1,100,165.0,165.0,0,0.7793503950702876,Critical Risk,128.59281518659745,Standard Retention,1
13069,28,20,5153,3870.02,193.501,270,0.014889026396694306,Low Risk,57.620829935734896,Monitor,0
13070,121,1,110,228.8,228.8,0,0.6942995737278893,Critical Risk,158.8557424689411,Standard Retention,1
13072,195,1,69,177.15,177.15,0,0.7458177654077801,Critical Risk,132.12161714198825,Standard Retention,1
13075,58,1,485,919.61,919.61,0,0.6569911979749667,Critical Risk,604.1756755697592,Standard Retention,1
13077,219,3,606,576.19,192.06333333333336,76,0.6480772320912465,Critical Risk,373.41562035865536,Standard Retention,1
13078,11,17,3118,8412.65,494.8617647058823,284,0.022619829885237665,Low Risk,190.29271188404465,High Value - Low Risk,0
13079,4,3,32,172.4,57.46666666666667,64,0.4673861416702741,High Risk,80.57737082395525,Standard Retention,0
13080,108,1,120,58.08,58.08,0,0.6818781947513727,Critical Risk,39.60348555115972,Standard Retention,1
13081,72,8,12665,18870.12,2358.765,227,0.15805619034817664,Low Risk,2982.5392786129346,High Value - Low Risk,0
13082,55,9,4324,3613.63,401.51444444444445,212,0.17461685018287917,Low Risk,631.0006883263577,Monitor,1
13083,4,1,143,192.39,192.39,0,0.6003069014807705,Critical Risk,115.49304477588542,Standard Retention,1
13085,86,2,216,416.08,208.04,137,0.5738139919508751,High Risk,238.7525257709201,Standard Retention,1
13089,4,77,25053,45585.41,592.0183116883118,294,8.548158168185316e-09,Low Risk,0.0003896712948415766,High Value - Low Risk,0
13090,65,9,1133,4912.02,545.7800000000001,236,0.16834852536751663,Low Risk,826.931323575749,Monitor,0
13092,140,4,95,439.75,109.9375,147,0.5045923606692642,High Risk,221.8944906043089,Standard Retention,0
13093,204,8,3961,7832.47,979.05875,97,0.3146613316543791,Moderate Risk,2464.5754403429746,High Value - Low Risk,1
13094,9,11,1572,1774.68,161.33454545454546,288,0.09858762833722136,Low Risk,174.9614922575,Monitor,0
13097,6,9,2176,5472.08,608.0088888888889,282,0.13313723929237203,Low Risk,728.5376243870031,High Value - Low Risk,0
13098,16,19,9678,17349.76,913.1452631578946,229,0.011827349015711487,Low Risk,205.20166685883052,High Value - Low Risk,0
13099,28,1,288,207.36,207.36,0,0.6207387873280218,Critical Risk,128.7163949403386,Standard Retention,1
13101,163,1,113,101.19,101.19,0,0.7228652230102008,Critical Risk,73.14673191640222,Standard Retention,1
13102,10,20,3520,5292.84,264.642,284,0.012996814336296167,Low Risk,68.7900587917218,High Value - Low Risk,0
13104,14,4,324,579.0,144.75,268,0.36035145903884575,Moderate Risk,208.6434947834917,Monitor,0
13106,62,1,18,76.5,76.5,0,0.6460537811850354,Critical Risk,49.42311426065521,Standard Retention,1
13107,14,3,1193,1407.42,469.14000000000004,247,0.4205363322483327,High Risk,591.8712447329484,Standard Retention,0
13108,301,1,298,350.06,350.06,0,0.8118557125861261,Critical Risk,284.1982107478993,Standard Retention,1
13109,86,1,260,369.85,369.85,0,0.669961486534792,Critical Risk,247.78525579489286,Standard Retention,0
13110,66,5,274,1042.24,208.448,174,0.375191535231111,Moderate Risk,391.0396256792731,Monitor,0
13113,42,20,2616,10787.06,539.353,252,0.012375068307467419,Low Risk,133.4906043367495,High Value - Low Risk,0
13115,113,1,621,878.55,878.55,0,0.6986164449280466,Critical Risk,613.7694776915354,Standard Retention,0
13116,67,1,291,501.14,501.14,0,0.6571884432975053,Critical Risk,329.3434164741118,Standard Retention,1
13117,50,7,703,841.77,120.25285714285714,250,0.2490888626046566,Low Risk,209.67553187472177,Monitor,0
13118,137,3,274,799.7,266.56666666666666,80,0.5782198349537309,High Risk,462.4024020124986,Standard Retention,0
13120,167,1,12,30.6,30.6,0,0.7245867935454536,Critical Risk,22.172355882490884,Standard Retention,1
13121,198,1,252,283.73,283.73,0,0.7493790993260225,Critical Risk,212.6213318517724,Standard Retention,1
13122,23,2,585,922.39,461.195,146,0.5184987314184598,High Risk,478.2580448730731,Standard Retention,1
13124,18,3,2119,3756.33,1252.11,269,0.41600899023382054,High Risk,1562.667050285007,Standard Retention,1
13126,1,6,1548,1385.98,230.99666666666667,293,0.2472380382338375,Low Risk,342.6669762313341,Monitor,0
13127,6,1,127,259.17,259.17,0,0.6031243317065227,Critical Risk,156.3117330483795,Standard Retention,1
13130,23,1,32,64.0,64.0,0,0.6139322530756061,Critical Risk,39.29166419683879,Standard Retention,1
13131,0,2,281,772.2,386.1,116,0.506661076120872,High Risk,391.24368298053736,Standard Retention,0
13132,190,1,20,77.3,77.3,0,0.7410660312589887,Critical Risk,57.28440421631983,Standard Retention,1
13133,202,2,32,109.8,54.9,30,0.6965733275505473,Critical Risk,76.4837513650501,Standard Retention,1
13134,14,4,1059,1793.58,448.395,154,0.3899921220545758,Moderate Risk,699.482070274646,Monitor,1
13135,125,1,4300,3096.0,3096.0,0,0.741883121936811,Critical Risk,2296.870145516367,Standard Retention,1
13136,16,4,1037,2148.08,537.02,124,0.3993180501479191,Moderate Risk,857.767117161742,Monitor,0
13137,21,5,1169,1888.32,377.664,216,0.32467183986058734,Moderate Risk,613.0843286455442,Monitor,0
13138,9,4,349,687.89,171.9725,292,0.34927566472492705,Moderate Risk,240.26323700763007,Monitor,0
13139,1,4,1799,3584.56,896.14,187,0.3647887277028831,Moderate Risk,1307.6070817746468,Monitor,0
13140,37,3,185,422.47,140.82333333333335,258,0.43702893657376063,High Risk,184.63161483431668,Standard Retention,1
13141,13,5,1548,2388.75,477.75,230,0.31307884555748816,Moderate Risk,747.8670923254498,Monitor,1
13144,261,1,21,110.95,110.95,0,0.7864040641759054,Critical Risk,87.2515309203167,Standard Retention,1
13145,20,3,121,499.72,166.57333333333335,280,0.4156873237557323,High Risk,207.72726942721457,Standard Retention,0
13147,28,1,24,118.8,118.8,0,0.619007817073177,Critical Risk,73.53812866829342,Standard Retention,0
13148,62,10,1370,2766.01,276.601,230,0.14645624772684795,Low Risk,405.0994457749387,Monitor,0
13149,35,3,884,1132.6200000000001,377.54,182,0.4583223660761306,High Risk,519.1050782651471,Standard Retention,0
13151,224,1,363,1257.8700000000001,1257.8700000000001,0,0.7784987865353816,Critical Risk,979.2502686192606,Standard Retention,1
13155,8,3,445,882.5,294.1666666666667,288,0.40305469735854305,High Risk,355.69577041891426,Standard Retention,0
13157,70,3,788,873.2,291.06666666666666,157,0.4968014964489455,High Risk,433.8070666992192,Standard Retention,0
13158,23,4,784,1201.06,300.265,224,0.37876869759113757,Moderate Risk,454.92393192881167,Monitor,1
13159,35,2,627,843.09,421.545,9,0.5703606999067032,High Risk,480.86540248434244,Standard Retention,0
13161,242,1,29,112.75,112.75,0,0.7750046811182059,Critical Risk,87.38177779607771,Standard Retention,1
13162,51,4,1713,1688.29,422.0725,212,0.4049995536124249,High Risk,683.7566963683208,Standard Retention,1
13165,280,1,496,354.64,354.64,0,0.800497467892474,Critical Risk,283.88842201338696,Standard Retention,0
13166,212,1,216,417.2,417.2,0,0.7602277425016082,Critical Risk,317.1670141716709,Standard Retention,1
13167,59,2,447,417.55,208.775,12,0.5882887956004109,High Risk,245.63998660295158,Standard Retention,0
13168,128,3,545,953.0600000000001,317.68666666666667,119,0.5588265446790603,High Risk,532.5952266718252,Standard Retention,0
13169,181,1,96,505.2,505.2,0,0.740942549154088,Critical Risk,374.3241758326452,Standard Retention,0
13171,228,1,53,140.35,140.35,0,0.7666823939812198,Critical Risk,107.6038739952642,Standard Retention,0
13173,296,1,114,165.94,165.94,0,0.807002211978023,Critical Risk,133.91394705563314,Standard Retention,1
13174,245,2,927,2034.06,1017.03,52,0.7285664356455984,Critical Risk,1481.9478440892858,Standard Retention,0
13178,2,9,3138,5156.7300000000005,572.97,287,0.13228641627416515,Low Risk,682.1653313934758,High Value - Low Risk,0
13183,15,7,1804,3085.5800000000004,440.7971428571429,247,0.218261195303231,Low Risk,673.4623790037435,Monitor,0
13184,59,9,1537,1472.1,163.56666666666666,159,0.19429738103474364,Low Risk,286.0251746212461,Monitor,0
13185,196,1,12,71.4,71.4,0,0.7450043726098095,Critical Risk,53.1933122043404,Standard Retention,1
13186,22,2,547,1301.94,650.97,35,0.552881764476345,High Risk,719.8188844423325,Standard Retention,0
13187,266,1,95,236.02,236.02,0,0.7908738584187562,Critical Risk,186.66204806399486,Standard Retention,1
13189,44,1,526,127.0,127.0,0,0.6327498528977861,Critical Risk,80.35923131801883,Standard Retention,0
13192,24,2,595,911.94,455.97,109,0.5306714255233393,High Risk,483.9404997917541,Standard Retention,1
13194,64,1,26,60.7,60.7,0,0.647407160112274,Critical Risk,39.29761461881503,Standard Retention,1
13196,13,2,1059,1586.95,793.475,177,0.5031509691345291,High Risk,798.4754304680409,Standard Retention,0
13198,49,5,2369,3009.18,601.836,241,0.3359286510900302,Moderate Risk,1010.8697782870969,Monitor,1
13199,21,22,3652,4740.16,215.4618181818182,274,0.008968584004137012,Low Risk,42.5125231530501,Monitor,0
13200,3,2,410,627.01,313.505,51,0.528787874873647,High Risk,331.5552854245254,Standard Retention,0
13203,49,2,274,309.86,154.93,121,0.5462914585312197,High Risk,169.27387134048377,Standard Retention,0
13207,79,1,72,197.52000000000004,197.52000000000004,0,0.6615812714922163,Critical Risk,130.6755327451426,Standard Retention,0
13208,84,4,572,828.82,207.205,153,0.45285536914808466,High Risk,375.33558705731554,Standard Retention,0
13209,57,5,3255,4156.08,831.216,233,0.3402823500176941,Moderate Risk,1414.240669261538,Monitor,0
13210,22,1,316,353.48,353.48,0,0.6182650329821056,Critical Risk,218.54432385851467,Standard Retention,1
13211,24,2,579,784.64,392.32,266,0.48204599773419937,High Risk,378.2325716621622,Standard Retention,1
13213,57,4,478,963.88,240.97,71,0.4537564788170499,High Risk,437.36679480217805,Standard Retention,0
13216,196,1,297,333.74,333.74,0,0.7487643896225562,Critical Risk,249.8926273926319,Standard Retention,1
13217,51,3,262,533.98,177.99333333333334,34,0.5176855785260616,High Risk,276.4337452213464,Standard Retention,1
13218,56,1,88,62.64,62.64,0,0.641050597720142,Critical Risk,40.15540944118969,Standard Retention,1
13220,7,4,196,819.2900000000001,204.82250000000002,158,0.38530340769921684,Moderate Risk,315.6752288938914,Monitor,1
13221,169,2,244,847.41,423.705,119,0.6496989296331083,Critical Risk,550.5613699603923,Standard Retention,1
13223,129,2,88,163.2,81.6,31,0.6397641503230256,Critical Risk,104.40950933271776,Standard Retention,1
13224,80,1,665,1212.26,1212.26,0,0.6789339824462574,Critical Risk,823.0445095603,Standard Retention,0
13225,72,5,2164,4299.56,859.912,218,0.35485631186828975,Moderate Risk,1525.726004256424,Monitor,0
13226,202,1,80,108.21000000000001,108.21000000000001,0,0.7495324601737239,Critical Risk,81.10690751539866,Standard Retention,1
13227,130,1,99,257.7,257.7,0,0.7013950524624455,Critical Risk,180.74950501957218,Standard Retention,1
13228,10,1,200,358.0,358.0,0,0.6082393281434554,Critical Risk,217.74967947535703,Standard Retention,1
13229,154,1,63,160.95,160.95,0,0.7173179225097847,Critical Risk,115.45231962794983,Standard Retention,1
13230,67,12,1332,2195.23,182.93583333333333,226,0.10237627885086927,Low Risk,224.73947862179375,Monitor,0
13232,27,5,649,1019.05,203.81,144,0.3524350231428707,Moderate Risk,359.1489103337423,Monitor,0
13233,3,2,1004,605.12,302.56,261,0.464911511276124,High Risk,281.3272537034082,Standard Retention,1
13235,141,1,441,1031.07,1031.07,0,0.7209853668111631,Critical Risk,743.3863821579858,Standard Retention,1
13236,35,1,168,439.23,439.23,0,0.630289212412702,Critical Risk,276.8419307680311,Standard Retention,0
13238,92,2,137,318.85,159.425,196,0.560780641627762,High Risk,178.80490758301192,Standard Retention,0
13239,190,1,327,329.56,329.56,0,0.7447425626628138,Critical Risk,245.4373589511569,Standard Retention,1
13240,25,4,298,663.65,165.9125,269,0.36873517624650626,Moderate Risk,244.71109971599387,Monitor,1
13242,41,3,130,270.40000000000003,90.13333333333334,101,0.4884833103541574,High Risk,132.08588711976418,Standard Retention,1
13243,132,1,232,585.12,585.12,0,0.7078493095672078,Critical Risk,414.17678801396465,Standard Retention,1
13244,21,1,38,121.74000000000001,121.74000000000001,0,0.6132534890693562,Critical Risk,74.65747975930343,Standard Retention,1
13246,105,5,1533,1838.51,367.702,153,0.4115384137942092,High Risk,756.6174891447915,Standard Retention,0
13247,11,1,203,305.07,305.07,0,0.6081745877758201,Critical Risk,185.53582149276943,Standard Retention,0
13248,53,2,305,465.68,232.84,64,0.5676265114956865,High Risk,264.3323138733113,Standard Retention,1
13249,21,3,546,711.41,237.13666666666666,168,0.4504793027973925,High Risk,320.475480803093,Standard Retention,1
13253,85,2,1572,1030.4,515.2,182,0.5629166866639822,High Risk,580.0293539385673,Standard Retention,1
13255,302,1,110,225.7,225.7,0,0.8109200018212958,Critical Risk,183.02464441106645,Standard Retention,1
13258,134,1,77,198.87,198.87,0,0.7034333170755533,Critical Risk,139.8917837668153,Standard Retention,0
13261,197,2,210,944.1,472.05,17,0.699016355406641,Critical Risk,659.9413411394098,Standard Retention,1
13262,192,1,125,200.29,200.29,0,0.7441707433503861,Critical Risk,149.04995818564882,Standard Retention,1
13263,16,24,2917,5131.1,213.79583333333335,237,0.0058214619147819195,Low Risk,29.87050323093751,High Value - Low Risk,0
13265,17,4,1340,1787.3,446.825,184,0.3840275958984453,Moderate Risk,686.3725221492913,Monitor,0
13266,4,9,3433,2841.35,315.7055555555555,181,0.1577230700555577,Low Risk,448.1464451023588,Monitor,0
13267,21,15,1344,3119.34,207.95600000000002,274,0.04338900910648086,Low Risk,135.34507166621,Monitor,0
13268,13,7,2773,2436.38,348.05428571428575,182,0.23453722091088175,Low Risk,571.4217942828541,Monitor,0
13269,17,9,2228,3340.68,371.18666666666667,281,0.14536703750539734,Low Risk,485.62475485353076,Monitor,0
13270,295,1,200,590.0,590.0,0,0.8112072362395182,Critical Risk,478.61226938131574,Standard Retention,1
13272,18,1,72,140.96,140.96,0,0.611108781346566,Critical Risk,86.14189381861195,Standard Retention,0
13273,42,1,153,138.98,138.98,0,0.6309884744376452,Critical Risk,87.69477817734392,Standard Retention,1
13276,28,1,20,137.38,137.38,0,0.6193185016702719,Critical Risk,85.08197575946195,Standard Retention,0
13277,45,2,86,125.9,62.95,17,0.5734235943601034,High Risk,72.19403052993702,Standard Retention,0
13279,7,1,73,137.75,137.75,0,0.6018313404484262,Critical Risk,82.90226714677071,Standard Retention,1
13280,51,3,518,798.46,266.15333333333336,214,0.4625101667363837,High Risk,369.2958677323329,Standard Retention,1
13282,91,2,172,773.1,386.55,58,0.6028038724162366,Critical Risk,466.0276737649925,Standard Retention,0
13283,114,1,30,25.5,25.5,0,0.6858570999470841,Critical Risk,17.489356048650645,Standard Retention,0
13284,259,1,91,201.19,201.19,0,0.7863552221501628,Critical Risk,158.20680714439126,Standard Retention,1
13285,90,3,1454,1970.1,656.6999999999999,128,0.5228115019728865,High Risk,1029.9909400367837,Standard Retention,0
13291,84,1,233,361.11,361.11,0,0.6682444260535996,Critical Risk,241.30974469221536,Standard Retention,1
13292,213,1,133,249.57,249.57,0,0.7586159006217041,Critical Risk,189.32777031815868,Standard Retention,0
13294,118,2,453,873.74,436.87,59,0.6255949285310515,Critical Risk,546.6073128547209,Standard Retention,1
13295,288,1,82,201.20000000000002,201.20000000000002,0,0.8029680538445642,Critical Risk,161.55717243352632,Standard Retention,1
13296,66,1,78,87.4,87.4,0,0.6494902024416056,Critical Risk,56.765443693396335,Standard Retention,1
13299,197,1,30,142.5,142.5,0,0.7466499758976997,Critical Risk,106.3976215654222,Standard Retention,1
13300,98,1,203,371.89,371.89,0,0.6792011885338558,Critical Risk,252.58813000385564,Standard Retention,1
13301,32,4,345,618.09,154.5225,188,0.39823096796958835,Moderate Risk,246.14257899232288,Monitor,1
13302,84,1,5,63.75,63.75,0,0.6633075638857716,Critical Risk,42.28585719771794,Standard Retention,1
13304,280,1,238,300.42,300.42,0,0.7997201025421435,Critical Risk,240.25191320571076,Standard Retention,1
13305,21,8,935,1471.25,183.90625,279,0.18526313251144505,Low Risk,272.5683837074635,Monitor,0
13307,49,1,4,15.0,15.0,0,0.6345067061083475,Critical Risk,9.517600591625213,Standard Retention,1
13308,132,1,519,814.95,814.95,0,0.7114684760081975,Critical Risk,579.8112345228806,Standard Retention,0
13309,17,3,878,928.14,309.38,220,0.4313830638740871,High Risk,400.3838769040952,Standard Retention,0
13310,135,2,395,817.65,408.825,117,0.6226561733666613,Critical Risk,509.11482015325066,Standard Retention,0
13311,79,1,271,490.11,490.11,0,0.6664303950090701,Critical Risk,326.6242008978954,Standard Retention,1
13313,70,3,487,918.34,306.11333333333334,198,0.48389795857247925,High Risk,444.3828512754506,Standard Retention,0
13314,2,1,356,499.62,499.62,0,0.604094548297637,Critical Risk,301.8177182204654,Standard Retention,0
13316,8,3,4764,4218.76,1406.2533333333333,174,0.4379366735888382,High Risk,1847.5497210696471,Standard Retention,0
13317,127,5,500,1313.98,262.796,160,0.4297618002954153,High Risk,564.6984103521697,Standard Retention,0
13319,20,19,3197,7390.47,388.9721052631579,274,0.015747848647968465,Low Risk,116.3840029973515,High Value - Low Risk,0
13320,7,4,1086,1532.2,383.05,135,0.39054375467562286,Moderate Risk,598.3911409139894,Monitor,1
13321,1,2,372,567.36,283.68,14,0.5380837687403602,High Risk,305.2872070325308,Standard Retention,1
13323,13,1,26,120.30000000000001,120.30000000000001,0,0.6065309407230012,Critical Risk,72.96567216897705,Standard Retention,0
13324,18,9,4645,6437.83,715.3144444444445,271,0.1374491260271334,Low Risk,884.8741070112603,High Value - Low Risk,0
13325,10,1,240,675.3,675.3,0,0.6136843947226487,Critical Risk,414.42107175620464,Standard Retention,1
13327,41,7,1256,2738.75,391.25,252,0.23436280427776882,Low Risk,641.8611302157393,Monitor,0
13328,245,1,680,1308.48,1308.48,0,0.7917562566412627,Critical Risk,1035.9972266899595,Standard Retention,1
13329,295,1,175,304.2,304.2,0,0.8080331890502396,Critical Risk,245.80369610908286,Standard Retention,0
13330,21,3,751,1140.93,380.31,223,0.4336078957251254,High Risk,494.71625646966737,Standard Retention,1
13334,11,3,1764,3502.32,1167.44,223,0.42368692596935464,High Risk,1483.8871945609903,Standard Retention,1
13336,6,1,559,795.12,795.12,0,0.6126743927345792,Critical Risk,487.14966315111866,Standard Retention,1
13338,86,1,256,487.02,487.02,0,0.6718137276764578,Critical Risk,327.18672165298847,Standard Retention,1
13339,129,1,326,860.12,860.12,0,0.7098178480146988,Critical Risk,610.5285274344028,Standard Retention,1
13340,34,5,5148,9229.54,1845.9080000000001,170,0.31976350467004555,Moderate Risk,2951.2700568923724,High Value - Low Risk,0
13341,189,1,301,775.85,775.85,0,0.7501035444027151,Critical Risk,581.9678349248466,Standard Retention,1
13343,106,1,135,353.43,353.43,0,0.6849533944930921,Critical Risk,242.08307821569355,Standard Retention,1
13344,206,1,599,1656.15,1656.15,0,0.7726180335748482,Critical Risk,1279.5713563049849,Standard Retention,0
13345,216,1,141,389.5,389.5,0,0.7623692191750331,Critical Risk,296.9428108686754,Standard Retention,1
13350,8,1,155,646.57,646.57,0,0.611451724667567,Critical Risk,395.3463416183088,Standard Retention,0
13354,0,1,604,743.53,743.53,0,0.6068181156772058,Critical Risk,451.1874735494728,Standard Retention,1
13355,51,1,314,674.7,674.7,0,0.6472814475794052,Critical Risk,436.7207926818247,Standard Retention,1
13356,9,1,325,768.24,768.24,0,0.6145073828529714,Critical Risk,472.08915180296674,Standard Retention,1
13357,186,1,321,609.4,609.4,0,0.7458805848899707,Critical Risk,454.53962843194813,Standard Retention,1
13358,197,1,285,439.03000000000003,439.03000000000003,0,0.7508317546454607,Critical Risk,329.6376652419966,Standard Retention,1
13362,174,2,727,1581.53,790.765,41,0.6778407844068102,Critical Risk,1072.0255357629026,Standard Retention,0
13364,0,1,71,134.96,134.96,0,0.5958734358294132,High Risk,80.41907889953761,Standard Retention,1
13365,146,1,404,700.6,700.6,0,0.7197212720318663,Critical Risk,504.23672318552553,Standard Retention,0
13368,185,2,327,623.4,311.7,80,0.6723321667644878,Critical Risk,419.1318727609817,Standard Retention,1
13369,294,1,149,308.28000000000003,308.28000000000003,0,0.807517885389004,Critical Risk,248.94161370772218,Standard Retention,1
13370,300,1,343,754.87,754.87,0,0.8157484845361783,Critical Risk,615.7840585218249,Standard Retention,1
13372,18,1,159,378.64,378.64,0,0.6152299988789982,Critical Risk,232.9506867755439,Standard Retention,1
13373,87,2,944,2055.58,1027.79,117,0.5873075820419816,High Risk,1207.2577194938565,Standard Retention,0
13375,17,1,442,778.65,778.65,0,0.621423181838342,Critical Risk,483.871160538425,Standard Retention,1
13376,28,3,493,1019.76,339.92,135,0.4662928826647062,High Risk,475.5068300261608,Standard Retention,1
13379,65,1,166,136.29,136.29,0,0.6495641002378983,Critical Risk,88.52909122142316,Standard Retention,0
13381,18,5,1641,2982.23,596.446,209,0.3200906025546938,Moderate Risk,954.5837976566845,Monitor,0
13382,209,1,131,222.99,222.99,0,0.7556798999344233,Critical Risk,168.50906088637706,Standard Retention,1
13384,2,5,1701,3131.4700000000003,626.2940000000001,104,0.3355261918132932,Moderate Risk,1050.6902038775734,Monitor,0
13385,258,1,281,534.57,534.57,0,0.7898808805370652,Critical Risk,422.246622308699,Standard Retention,1
13388,60,2,282,677.1,338.55,0,0.5934905258169768,High Risk,401.852435030675,Standard Retention,1
13389,3,2,319,580.15,290.075,157,0.49602986759699674,High Risk,287.77172768639764,Standard Retention,0
13390,3,1,224,544.08,544.08,0,0.6055776358871736,Critical Risk,329.48268013349343,Standard Retention,1
13391,132,1,4,59.8,59.8,0,0.6998165785423799,Critical Risk,41.84903139683431,Standard Retention,1
13394,7,6,1755,1846.19,307.6983333333333,231,0.2638749829880631,Low Risk,487.16335484273225,Monitor,0
13395,114,1,336,307.72,307.72,0,0.6904482578627144,Critical Risk,212.46473790951447,Standard Retention,1
13396,248,1,139,387.27000000000004,387.27000000000004,0,0.7821046857457534,Critical Risk,302.88568164875795,Standard Retention,0
13397,1,5,430,1544.13,308.826,266,0.2972841858300364,Low Risk,459.04542986573415,Monitor,1
13398,121,1,281,457.34000000000003,457.34000000000003,0,0.697903384541472,Critical Risk,319.17913388619684,Standard Retention,1
13402,56,2,479,621.23,310.615,244,0.5161835042148831,High Risk,320.6686783234119,Standard Retention,1
13404,141,1,99,217.81,217.81,0,0.708835696643694,Critical Risk,154.39150308596297,Standard Retention,1
13405,3,3,165,572.451,190.817,243,0.4121872101414611,High Risk,235.95698063268955,Standard Retention,1
13408,4,46,11924,20381.58,443.0778260869566,298,2.2170050135901262e-05,Low Risk,0.45186065044888246,High Value - Low Risk,0
13410,3,4,406,728.66,182.165,216,0.3657843025409847,Moderate Risk,266.5323898895139,Monitor,0
13411,36,1,72,213.55,213.55,0,0.6272466311805137,Critical Risk,133.94851808859872,Standard Retention,1
13414,62,3,1574,1390.5,463.5,162,0.4884789901911063,High Risk,679.2300358607333,Standard Retention,1
13416,10,1,48,275.0,275.0,0,0.6066832972089719,Critical Risk,166.83790673246725,Standard Retention,0
13417,134,1,72,236.0,236.0,0,0.7039846601390727,Critical Risk,166.14037979282116,Standard Retention,1
13418,13,16,3397,5068.13,316.758125,288,0.03162581289339184,Low Risk,160.28373109938602,High Value - Low Risk,0
13420,78,2,101,159.85,79.925,20,0.6007662321000818,Critical Risk,96.03248220119808,Standard Retention,1
13421,219,1,495,825.04,825.04,0,0.770090986821617,Critical Risk,635.3558677673069,Standard Retention,0
13425,37,3,1123,1624.21,541.4033333333333,186,0.4585963276411625,High Risk,744.8567413180525,Standard Retention,1
13426,18,6,1397,2010.65,335.10833333333335,269,0.26133930331415367,Low Risk,525.461870208603,Monitor,0
13427,49,2,431,464.86,232.43,94,0.5552133911006318,High Risk,258.0964969870397,Standard Retention,0
13429,4,1,620,330.6,330.6,0,0.6031131111065787,Critical Risk,199.38919453183493,Standard Retention,0
13430,15,1,433,336.31,336.31,0,0.6122562061801533,Critical Risk,205.90788470044737,Standard Retention,0
13431,17,1,556,853.6800000000001,853.6800000000001,0,0.6227892434745357,Critical Risk,531.6627213693416,Standard Retention,0
13434,3,2,300,534.24,267.12,22,0.5371984490034035,High Risk,286.9928993955783,Standard Retention,1
13435,4,4,1197,1973.02,493.255,113,0.39316511787515585,Moderate Risk,775.72264087004,Monitor,0
13437,28,4,689,2173.6,543.4,91,0.4188999813225822,High Risk,910.5209994027647,Standard Retention,0
13439,184,1,242,283.71,283.71,0,0.7400208633903129,Critical Risk,209.95131915246566,Standard Retention,1
13441,20,1,204,296.64,296.64,0,0.6155412048192329,Critical Risk,182.59414299757725,Standard Retention,1
13448,9,5,1196,2484.37,496.87399999999997,293,0.2931169311743879,Low Risk,728.2109103017141,Monitor,0
13450,18,5,1618,1727.28,345.456,128,0.3474761124855408,Moderate Risk,600.1885395740248,Monitor,0
13451,55,4,1743,2385.5,596.375,208,0.40735667850999396,High Risk,971.7493565855906,Standard Retention,0
13452,188,2,2,590.0,295.0,11,0.692591655264328,Critical Risk,408.6290766059535,Standard Retention,1
13453,94,2,134,356.98,178.49,123,0.5845609981966364,High Risk,208.67658513623527,Standard Retention,1
13455,295,1,190,692.94,692.94,0,0.8123296525195417,Critical Risk,562.8957094168912,Standard Retention,0
13456,84,3,261,855.0600000000001,285.02000000000004,51,0.5410555833935752,High Risk,462.6349871365104,Standard Retention,0
13458,28,10,4521,7678.42,767.842,260,0.11342585939629671,Low Risk,870.9313873057125,High Value - Low Risk,0
13461,67,2,836,884.2,442.1,25,0.5932738196735672,High Risk,524.5727113553681,Standard Retention,0
13462,181,1,62,151.5,151.5,0,0.7360185061583676,Critical Risk,111.5068036829927,Standard Retention,1
13466,113,1,259,307.90000000000003,307.90000000000003,0,0.689637540523488,Critical Risk,212.339398727182,Standard Retention,1
13468,3,30,2152,4855.14,161.83800000000002,298,0.0013721605887880492,Low Risk,6.66203176104841,Monitor,0
13470,28,2,100,165.0,82.5,15,0.5595165493767575,High Risk,92.32023064716499,Standard Retention,1
13473,261,1,198,241.26,241.26,0,0.7880811496304974,Critical Risk,190.1324581598538,Standard Retention,0
13474,165,1,129,226.84,226.84,0,0.7260787960057375,Critical Risk,164.7037140859415,Standard Retention,1
13475,120,4,1012,1431.78,357.945,107,0.49685428707828666,High Risk,711.3860311529493,Standard Retention,1
13476,107,2,417,1238.47,619.235,102,0.6052228298123739,Critical Risk,749.5503180377307,Standard Retention,1
13477,67,4,626,899.55,224.8875,153,0.4379198632823169,High Risk,393.9308130156082,Standard Retention,0
13479,129,2,134,300.95,150.475,33,0.6397148619097704,Critical Risk,192.52218769174542,Standard Retention,1
13481,37,4,861,1361.33,340.3325,148,0.4123764297972757,High Risk,561.3804051759253,Standard Retention,0
13482,161,1,116,184.64000000000001,184.64000000000001,0,0.7226588188062618,Critical Risk,133.43172430438818,Standard Retention,1
13484,170,1,44,313.8,313.8,0,0.7307246114202667,Critical Risk,229.30138306367968,Standard Retention,1
13485,162,1,277,454.24,454.24,0,0.7273354265900918,Critical Risk,330.3848441742833,Standard Retention,1
13486,7,3,669,1122.41,374.1366666666667,76,0.46602009869000316,High Risk,523.0656189706465,Standard Retention,1
13487,142,2,213,408.8,204.4,140,0.6201950537571239,Critical Risk,253.53573797591227,Standard Retention,0
13488,1,11,3548,7367.1900000000005,669.7445454545455,295,0.08182386682669304,Low Risk,602.8119734469448,High Value - Low Risk,0
13489,34,4,560,449.52,112.38,189,0.40035573584691536,High Risk,179.96791037790538,Standard Retention,1
13491,76,9,812,1088.45,120.9388888888889,224,0.19248384733580545,Low Risk,209.50904363265747,Monitor,0
13492,65,3,408,1269.84,423.28,78,0.5159034982428347,High Risk,655.1148982086811,Standard Retention,1
13493,204,2,380,618.63,309.315,11,0.7048146053731837,Critical Risk,436.01945932201266,Standard Retention,1
13494,240,1,162,316.26000000000005,316.26000000000005,0,0.7764088703293378,Critical Risk,245.5470693303564,Standard Retention,1
13495,161,3,485,1072.43,357.4766666666667,136,0.5819503697634183,High Risk,624.1010350453827,Standard Retention,0
13496,288,1,229,501.01,501.01,0,0.8064344420954672,Critical Risk,404.03171983425,Standard Retention,1
13497,211,2,163,348.05,174.025,85,0.6898058305396209,Critical Risk,240.08691931931506,Standard Retention,1
13499,2,3,451,613.85,204.61666666666667,196,0.4255974748116924,High Risk,261.25300991315737,Standard Retention,0
13500,51,1,128,326.40000000000003,326.40000000000003,0,0.6413960781655051,Critical Risk,209.3516799132209,Standard Retention,0
13501,217,1,560,1340.32,1340.32,0,0.7753901125344866,Critical Risk,1039.2708756322231,Standard Retention,1
13502,203,2,110,189.16000000000003,94.58000000000001,48,0.6929477755956742,Critical Risk,131.07800123167775,Standard Retention,0
13503,0,1,248,216.85,216.85,0,0.5974473517239648,High Risk,129.55645822134176,Standard Retention,1
13505,1,4,2486,4393.63,1098.4075,159,0.37087170741554554,Moderate Risk,1629.4730598521635,Monitor,1
13506,245,2,324,458.52,229.26,53,0.7231641006947548,Critical Risk,331.58520345055894,Standard Retention,1
13507,27,3,1212,2022.79,674.2633333333333,47,0.4920696287476563,High Risk,995.3535243344717,Standard Retention,1
13508,172,1,24,110.97,110.97,0,0.7292272788175073,Critical Risk,80.92235113037879,Standard Retention,1
13509,28,5,799,705.02,141.004,184,0.3435750967856735,Moderate Risk,242.22731473583553,Monitor,0
13510,24,2,743,897.81,448.905,88,0.5371718956586796,High Risk,482.2782996413191,Standard Retention,0
13512,189,1,143,251.21,251.21,0,0.7428701531384578,Critical Risk,186.616411169912,Standard Retention,1
13513,55,1,109,205.1,205.1,0,0.6426100283530745,Critical Risk,131.79931681521558,Standard Retention,1
13514,2,1,40,152.20000000000002,152.20000000000002,0,0.5978336541958728,High Risk,90.99028216861184,Standard Retention,1
13515,1,4,681,891.12,222.78,175,0.3756208900955936,Moderate Risk,334.72328758198535,Monitor,1
13516,1,2,320,620.41,310.205,166,0.49166404986795437,High Risk,305.03329317857754,Standard Retention,0
13517,35,2,981,1612.18,806.09,73,0.5541968238931377,High Risk,893.4650355440389,Standard Retention,0
13518,14,1,382,627.16,627.16,0,0.6163209918347615,Critical Risk,386.531873239089,Standard Retention,1
13519,7,1,23,122.75,122.75,0,0.6015283690329447,Critical Risk,73.83760729879397,Standard Retention,1
13520,66,5,1312,2947.98,589.596,234,0.3506945495782291,Moderate Risk,1033.840518265628,Monitor,0
13523,128,3,828,2369.24,789.7466666666666,166,0.5434557360936005,High Risk,1287.577068182402,Standard Retention,0
13524,10,4,207,483.86,120.965,138,0.3947258008450475,Moderate Risk,190.99202599688468,Monitor,0
13525,177,1,208,282.88,282.88,0,0.735224907052661,Critical Risk,207.98042170705673,Standard Retention,0
13527,18,6,1509,1847.79,307.965,237,0.26980639582010635,Low Risk,498.5455601324343,Monitor,0
13529,7,2,74,307.76,153.88,125,0.5081094291909987,High Risk,156.37575792782175,Standard Retention,1
13531,134,2,174,483.8,241.9,161,0.6076562227503297,Critical Risk,293.9840805666095,Standard Retention,1
13533,111,3,202,269.09,89.69666666666666,84,0.5550276918549912,High Risk,149.35240160125957,Standard Retention,1
13534,36,21,2242,4371.53,208.16809523809522,250,0.012228836428450048,Low Risk,53.458725312062235,Monitor,0
13536,4,1,319,455.17,455.17,0,0.6049789445488201,Critical Risk,275.3682661902864,Standard Retention,0
13538,23,6,137,990.75,165.125,221,0.2800874866559467,Low Risk,277.49667740437917,Monitor,0
13539,14,3,320,631.34,210.4466666666667,223,0.4276662217455557,High Risk,270.0027924368391,Standard Retention,1
13544,169,1,63,113.01,113.01,0,0.72719921694083,Critical Risk,82.18078350648321,Standard Retention,0
13546,129,1,107,182.26,182.26,0,0.6995289302733987,Critical Risk,127.49614283162964,Standard Retention,0
13548,25,2,436,678.16,339.08,147,0.5188911363817128,High Risk,351.8912130486223,Standard Retention,1
13549,71,5,411,762.0500000000001,152.41000000000003,99,0.4026258266020112,High Risk,306.82101116206263,Standard Retention,0
13551,248,1,12,91.80000000000001,91.80000000000001,0,0.7783890619950408,Critical Risk,71.45611589114475,Standard Retention,1
13552,15,11,1238,3314.55,301.32272727272726,229,0.10255907773085453,Low Risk,339.9371910928039,Monitor,0
13555,2,4,2636,4098.88,1024.72,128,0.381681945442814,Moderate Risk,1564.4684925366414,Monitor,1
13557,209,1,224,240.68,240.68,0,0.7559786962073507,Critical Risk,181.94895260318518,Standard Retention,0
13561,144,1,83,141.85999999999999,141.85999999999999,0,0.709873238502247,Critical Risk,100.70261761392875,Standard Retention,1
13562,10,3,757,1799.3300000000002,599.7766666666668,163,0.44159678488830933,High Risk,794.5783429530817,Standard Retention,1
13563,13,2,209,777.53,388.765,55,0.5366853498021386,High Risk,417.28896003165676,Standard Retention,1
13564,73,3,636,1724.67,574.89,223,0.4782250696941494,High Risk,824.7804309494087,Standard Retention,1
13565,263,1,78,110.17999999999999,110.17999999999999,0,0.7876086675355263,Critical Risk,86.77872298906428,Standard Retention,0
13566,11,1,335,567.31,567.31,0,0.6127654732252822,Critical Risk,347.6279806154348,Standard Retention,0
13568,102,1,66,187.05,187.05,0,0.6792622108390719,Critical Risk,127.05599653744841,Standard Retention,1
13569,296,1,43,109.82000000000001,109.82000000000001,0,0.8063327661586758,Critical Risk,88.55146437954578,Standard Retention,0
13570,172,1,161,239.49,239.49,0,0.731145002970661,Critical Risk,175.10191676144362,Standard Retention,1
13571,21,7,851,1083.83,154.83285714285714,160,0.24964500273695905,Low Risk,270.5727433163983,Monitor,0
13572,134,1,534,1384.25,1384.25,0,0.7212042100531075,Critical Risk,998.3269277660141,Standard Retention,1
13573,182,1,10,31.770000000000003,31.770000000000003,0,0.7349932959871694,Critical Risk,23.350737013512376,Standard Retention,0
13575,62,2,113,218.75,109.375,42,0.5808756807683099,High Risk,127.06655516806778,Standard Retention,0
13576,0,14,1987,5343.38,381.67,301,0.04527085464603538,Low Risk,241.89937929853252,High Value - Low Risk,0
13577,21,3,597,1193.8,397.93333333333334,149,0.4558409550256446,High Risk,544.1829321096145,Standard Retention,0
13579,298,1,46,164.7,164.7,0,0.8080407587879216,Critical Risk,133.08431297237067,Standard Retention,0
13581,238,1,30,118.0,118.0,0,0.7726114830997454,Critical Risk,91.16815500576995,Standard Retention,1
13583,84,1,725,781.03,781.03,0,0.6752937655177574,Critical Risk,527.424689682334,Standard Retention,1
13584,235,1,37,142.4,142.4,0,0.7710681671233541,Critical Risk,109.80010699836564,Standard Retention,1
13588,15,5,1774,1605.94,321.188,168,0.33472378446743956,Moderate Risk,537.5463144276399,Monitor,0
13589,108,1,28,147.0,147.0,0,0.683185061432003,Critical Risk,100.42820403050443,Standard Retention,0
13590,79,4,900,1116.38,279.095,152,0.4481664090824955,High Risk,500.3240157715164,Standard Retention,0
13591,133,2,263,776.23,388.115,62,0.6364997041875908,Critical Risk,494.0701653815336,Standard Retention,0
13592,134,3,71,205.51,68.50333333333333,58,0.5826065406142825,High Risk,119.7314701616412,Standard Retention,0
13593,37,5,719,2011.88,402.37600000000003,227,0.3332069016109907,Moderate Risk,670.37230121312,Monitor,1
13599,13,10,1874,2833.88,283.38800000000003,281,0.11945614391141213,Low Risk,338.5243771076726,Monitor,0
13600,241,1,324,219.52,219.52,0,0.7759197866182512,Critical Risk,170.3299115584385,Standard Retention,1
13601,140,1,275,373.2,373.2,0,0.7105446464153898,Critical Risk,265.1752620422235,Standard Retention,0
13606,172,2,240,246.63,123.315,68,0.6641457283090171,Critical Risk,163.7982609728529,Standard Retention,0
13610,39,5,364,764.76,152.952,174,0.3545142444642315,Moderate Risk,271.11831359646567,Monitor,0
13611,18,3,754,1154.4,384.8,270,0.4169226432655008,High Risk,481.2954993856942,Standard Retention,1
13614,18,3,310,1081.03,360.3433333333333,241,0.4252620725345181,High Risk,459.7210582719901,Standard Retention,0
13615,247,1,189,417.69,417.69,0,0.7819097964458376,Critical Risk,326.5959028774619,Standard Retention,1
13617,42,2,188,365.7,182.85,67,0.5567303212586994,High Risk,203.59627848430634,Standard Retention,0
13618,102,1,246,177.34,177.34,0,0.6792581655583151,Critical Risk,120.4596430801116,Standard Retention,1
13621,45,1,343,213.85,213.85,0,0.6348511386037488,Critical Risk,135.76291599041167,Standard Retention,1
13623,139,4,149,539.17,134.7925,87,0.5218317327766491,High Risk,281.3560153611859,Standard Retention,0
13626,181,1,209,257.23,257.23,0,0.7375964521098455,Critical Risk,189.73193537621557,Standard Retention,1
13627,8,4,1010,1334.18,333.545,278,0.35099048793393706,Moderate Risk,468.2844891917002,Monitor,0
13629,28,8,3222,5718.36,714.795,239,0.1800995102396701,Low Risk,1029.8738353741198,High Value - Low Risk,0
13630,4,6,1271,1799.78,299.9633333333333,209,0.2669358767196633,Low Risk,480.4258522025156,Monitor,1
13631,28,11,467,3070.42,279.1290909090909,167,0.11480524938699826,Low Risk,352.5003338228272,Monitor,1
13632,102,3,310,812.26,270.75333333333333,69,0.5513409809789918,High Risk,447.83222520999584,Standard Retention,0
13634,15,4,578,1344.48,336.12,240,0.3669754308091465,Moderate Risk,493.3911272142813,Monitor,0
13636,51,4,339,646.55,161.6375,163,0.42169909516785453,High Risk,272.6495499807763,Standard Retention,0
13637,116,2,350,678.65,339.325,39,0.628916456886857,Critical Risk,426.8141534662655,Standard Retention,0
13639,3,1,800,1033.34,1033.34,0,0.6144416787741194,Critical Risk,634.9271643444484,Standard Retention,1
13642,144,1,151,312.28,312.28,0,0.7124366567240797,Critical Risk,222.4797191617956,Standard Retention,1
13643,27,2,126,259.40000000000003,129.70000000000002,86,0.5374423366799252,High Risk,139.41254213477262,Standard Retention,0
13644,2,2,1103,1398.6100000000001,699.3050000000001,31,0.5375562126482543,High Risk,751.831494571975,Standard Retention,0
13645,49,1,158,252.1,252.1,0,0.6385752696697778,Critical Risk,160.984825483751,Standard Retention,1
13647,0,3,659,1275.9,425.3,163,0.43336139825350367,High Risk,552.9258080316454,Standard Retention,1
13649,185,2,139,346.6,173.3,109,0.663357314573632,Critical Risk,229.91964523122087,Standard Retention,1
13650,17,3,496,1063.48,354.49333333333334,179,0.44328293391693085,High Risk,471.4225345619776,Standard Retention,0
13652,185,2,290,638.24,319.12,112,0.6636395828647786,Critical Risk,423.56132736761634,Standard Retention,0
13654,74,4,1532,1714.27,428.5675,128,0.449723587587008,High Risk,770.9476544927802,Standard Retention,0
13655,43,2,605,932.97,466.485,127,0.5418649853754505,High Risk,505.54377540573404,Standard Retention,1
13656,93,2,490,379.65,189.825,172,0.5694349303677012,High Risk,216.18597131409774,Standard Retention,1
13657,130,1,132,152.34,152.34,0,0.6998360401510225,Critical Risk,106.61302235660678,Standard Retention,1
13658,14,3,811,2096.77,698.9233333333333,118,0.4585086434209196,High Risk,961.3871682656817,Standard Retention,1
13659,134,2,882,1563.0,781.5,115,0.6254631923677427,Critical Risk,977.5989696707819,Standard Retention,1
13662,14,3,533,881.26,293.75333333333333,173,0.44270883409271755,High Risk,390.14158713254824,Standard Retention,1
13663,108,1,91,189.47,189.47,0,0.6838953018818349,Critical Risk,129.57764284755126,Standard Retention,1
13666,216,2,37,64.05,32.025,0,0.7143033659775733,Critical Risk,45.75113059086357,Standard Retention,0
13667,78,1,149,299.05,299.05,0,0.6624893991227382,Critical Risk,198.11745480765487,Standard Retention,1
13668,42,16,2938,4900.97,306.310625,249,0.03669153938828289,Low Risk,179.8241337957928,Monitor,0
13669,78,1,13,48.150000000000006,48.150000000000006,0,0.6583387356198588,Critical Risk,31.699010120096204,Standard Retention,0
13670,4,1,282,349.7,349.7,0,0.6031363379846837,Critical Risk,210.91677739324388,Standard Retention,1
13672,230,2,57,186.39000000000001,93.19500000000001,30,0.7172075291309636,Critical Risk,133.68031135472032,Standard Retention,1
13675,80,2,330,486.82000000000005,243.41000000000003,133,0.570220359263754,High Risk,277.5946752967808,Standard Retention,1
13678,80,1,924,232.6,232.6,0,0.6636465057174007,Critical Risk,154.3641772298674,Standard Retention,1
13680,266,2,1195,2391.59,1195.795,1,0.7558612186380269,Critical Risk,1807.710131882519,Standard Retention,0
13681,84,1,96,203.46,203.46,0,0.6656180807589883,Critical Risk,135.42665471122376,Standard Retention,0
13682,116,1,10,59.5,59.5,0,0.6878767227244728,Critical Risk,40.92866500210613,Standard Retention,1
13684,214,1,38,65.13,65.13,0,0.7567665101887621,Critical Risk,49.28820280859407,Standard Retention,1
13686,111,1,70,72.0,72.0,0,0.6843352017517137,Critical Risk,49.27213452612339,Standard Retention,1
13692,142,2,735,871.58,435.79,22,0.6556870843175716,Critical Risk,571.483748949509,Standard Retention,0
13694,0,42,52160,51527.06,1226.8347619047618,301,1.8366380277208333e-05,Low Risk,0.9463655785265304,High Value - Low Risk,0
13695,10,13,1403,2096.95,161.30384615384614,178,0.073611225821301,Low Risk,154.35905998597713,Monitor,0
13699,84,1,66,308.58000000000004,308.58000000000004,0,0.667269006397729,Critical Risk,205.90586999421126,Standard Retention,1
13700,21,8,1995,1634.77,204.34625,234,0.19366652623876454,Low Risk,316.6002270993451,Monitor,0
13703,247,1,10,99.5,99.5,0,0.7778765490858099,Critical Risk,77.3987166340381,Standard Retention,1
13704,2,5,1028,1289.4,257.88,14,0.3681113292747839,Moderate Risk,474.6427479669064,Monitor,0
13705,73,2,237,522.68,261.34,228,0.5353741252375231,High Risk,279.8293477791486,Standard Retention,1
13706,231,1,189,330.79,330.79,0,0.7710736451374411,Critical Risk,255.06345107501417,Standard Retention,1
13707,196,2,351,806.41,403.205,48,0.6898710945692929,Critical Risk,556.3189493716234,Standard Retention,1
13708,200,1,301,285.33,285.33,0,0.7507524942401154,Critical Risk,214.2122091815321,Standard Retention,1
13709,30,5,1890,2918.81,583.762,213,0.32872419022140986,Moderate Risk,959.4834536601533,Monitor,0
13711,147,2,140,252.06,126.03,0,0.6631053413997201,Critical Risk,167.14233235321345,Standard Retention,1
13712,175,1,352,228.84,228.84,0,0.7332031335750581,Critical Risk,167.7862050873163,Standard Retention,1
13715,210,5,562,1077.39,215.478,91,0.5245346299167454,High Risk,565.1283649260024,Standard Retention,1
13716,198,1,138,138.28,138.28,0,0.7473336536372563,Critical Risk,103.34129762495981,Standard Retention,1
13717,57,4,1567,955.99,238.9975,169,0.42516845487234206,High Risk,406.4567911734103,Standard Retention,0
13718,175,2,173,306.55,153.275,49,0.6717992004472855,Critical Risk,205.94004489711537,Standard Retention,1
13719,134,2,186,338.74,169.37,28,0.6453346383511618,Critical Risk,218.60065539507255,Standard Retention,0
13720,45,4,501,799.9,199.975,138,0.4236929081605091,High Risk,338.9119572375912,Standard Retention,1
13722,60,3,1401,2375.41,791.8033333333333,151,0.48897635312012294,High Risk,1161.519318965071,Standard Retention,1
13723,146,1,43,199.85000000000002,199.85000000000002,0,0.7121407485354199,Critical Risk,142.32132859480367,Standard Retention,1
13725,98,7,724,1865.7,266.5285714285714,139,0.30478555306945965,Moderate Risk,568.6384063616908,Monitor,0
13726,29,1,384,292.68,292.68,0,0.623088847455531,Critical Risk,182.3656438732848,Standard Retention,0
13728,36,5,354,797.02,159.404,203,0.3438817831407863,Moderate Risk,274.08065879886954,Monitor,0
13730,64,2,488,752.6,376.3,25,0.5899332806776987,High Risk,443.98378703803604,Standard Retention,1
13731,148,2,278,610.59,305.295,27,0.6577844954387848,Critical Risk,401.6366350699676,Standard Retention,1
13735,104,2,719,1409.69,704.845,58,0.6164369821147172,Critical Risk,868.9850493172958,Standard Retention,0
13736,189,1,228,357.53,357.53,0,0.744384991091367,Critical Risk,266.13996586489645,Standard Retention,1
13737,129,1,125,339.6,339.6,0,0.7019097592842244,Critical Risk,238.36855425292262,Standard Retention,1
13740,169,1,425,350.75,350.75,0,0.7308370810862311,Critical Risk,256.34110619099556,Standard Retention,1
13741,0,3,218,668.4300000000001,222.81000000000003,145,0.43896804771797066,High Risk,293.4194121361231,Standard Retention,1
13742,18,11,994,2775.4700000000003,252.31545454545457,230,0.10491265695927401,Low Risk,291.18193201075627,Monitor,0
13743,17,6,1416,1065.84,177.64,170,0.2891735541681806,Low Risk,308.21274097461355,Monitor,1
13744,24,2,1153,1080.52,540.26,197,0.5048631298457616,High Risk,545.5147090609423,Standard Retention,1
13745,91,1,496,300.04,300.04,0,0.6729283308476652,Critical Risk,201.90541638753348,Standard Retention,1
13747,302,1,8,79.6,79.6,0,0.8092487526543966,Critical Risk,64.41620071128996,Standard Retention,1
13748,24,5,439,948.25,189.65,278,0.3137122286832632,Moderate Risk,297.47762084890434,Monitor,1
13750,69,4,431,1316.63,329.1575,196,0.4251508150893745,High Risk,559.7663176711233,Standard Retention,0
13751,217,1,152,296.25,296.25,0,0.7618010825358399,Critical Risk,225.68357070124256,Standard Retention,1
13752,53,6,874,1175.38,195.89666666666668,122,0.32771498641066055,Moderate Risk,385.18964072736225,Monitor,1
13753,216,1,512,741.26,741.26,0,0.7671592769996303,Critical Risk,568.6644856687459,Standard Retention,1
13754,80,2,214,282.6,141.3,165,0.5597057846322667,High Risk,158.17285473707858,Standard Retention,1
13756,22,8,1843,2972.33,371.54125,274,0.18103791462981678,Low Risk,538.1044247916433,Monitor,0
13758,130,5,1493,2351.52,470.304,172,0.4248236192157697,High Risk,998.9812370582669,Standard Retention,0
13759,0,1,267,560.4100000000001,560.4100000000001,0,0.6033763950449001,Critical Risk,338.1381655471125,Standard Retention,0
13760,185,1,96,135.09,135.09,0,0.7385374726367444,Critical Risk,99.76902717849781,Standard Retention,0
13761,108,1,224,491.71,491.71,0,0.6886703142564341,Critical Risk,338.6260802230312,Standard Retention,0
13762,147,1,272,306.72,306.72,0,0.7146027881868169,Critical Risk,219.1829671926605,Standard Retention,1
13764,73,2,584,943.29,471.645,193,0.5479314328256906,High Risk,516.8582412701456,Standard Retention,0
13767,9,33,5469,13303.37,403.1324242424243,293,0.0005305206763334632,Low Risk,7.057712849914306,High Value - Low Risk,0
13769,21,8,856,2176.62,272.0775,275,0.18303943373403955,Low Risk,398.40729225418517,Monitor,0
13771,128,2,825,1464.8500000000001,732.4250000000001,47,0.6395711148933859,Critical Risk,936.8757476515765,Standard Retention,0
13772,25,2,308,682.97,341.485,142,0.5203208337691074,High Risk,355.36351983928733,Standard Retention,0
13774,10,1,192,345.0,345.0,0,0.6080099448441566,Critical Risk,209.76343097123402,Standard Retention,1
13777,6,27,6333,13021.5,482.27777777777777,295,0.0020287224837081835,Low Risk,26.41700982160611,High Value - Low Risk,0
13778,32,1,70,178.7,178.7,0,0.6233665166958815,Critical Risk,111.39559653355401,Standard Retention,1
13780,99,1,173,116.28000000000002,116.28000000000002,0,0.6759387978732673,Critical Risk,78.59816341670353,Standard Retention,1
13781,179,1,30,127.84,127.84,0,0.7342965188051427,Critical Risk,93.87246696404944,Standard Retention,1
13782,53,3,184,484.79,161.59666666666666,203,0.467608158031522,High Risk,226.69175893210155,Standard Retention,0
13784,23,9,2265,2124.15,236.01666666666668,237,0.15965696947085442,Low Risk,339.13535170151545,Monitor,0
13786,296,1,136,230.4,230.4,0,0.8077341433952502,Critical Risk,186.10194663826564,Standard Retention,1
13787,4,2,337,309.04,154.52,288,0.4558228873273819,High Risk,140.86750509965412,Standard Retention,1
13791,56,2,1200,1516.0,758.0,40,0.5820784647337731,High Risk,882.4309525364,Standard Retention,1
13792,216,1,28,74.60000000000001,74.60000000000001,0,0.7581752502777197,Critical Risk,56.5598736707179,Standard Retention,0
13798,1,45,19728,30421.5,676.0333333333333,299,1.903134436323064e-05,Low Risk,0.5789620425460209,High Value - Low Risk,0
13799,45,2,402,688.86,344.43,177,0.5272420684542831,High Risk,363.1959712754175,Standard Retention,1
13800,238,1,331,558.32,558.32,0,0.7783076877827246,Critical Risk,434.54474824285086,Standard Retention,1
13802,67,3,2572,4599.42,1533.14,172,0.48761955925916384,High Risk,2242.7671532477834,Standard Retention,1
13803,184,1,121,277.07,277.07,0,0.7398415285501435,Critical Risk,204.98789231538825,Standard Retention,1
13804,7,5,1279,2235.58,447.116,211,0.3139702094738552,Moderate Risk,701.9055208955612,Monitor,0
13805,58,1,728,500.24,500.24,0,0.6503892349380866,Critical Risk,325.3507108854285,Standard Retention,0
13807,296,1,36,112.6,112.6,0,0.8063597854533145,Critical Risk,90.79611184204322,Standard Retention,1
13808,22,2,324,723.1,361.55,3,0.5602240587105877,High Risk,405.09801685362595,Standard Retention,0
13809,234,1,29,155.05,155.05,0,0.7706024864692046,Critical Risk,119.48191552705018,Standard Retention,1
13811,112,3,68,814.5,271.5,55,0.564018914610193,High Risk,459.39340595000226,Standard Retention,1
13812,34,1,191,278.74,278.74,0,0.6268016066358075,Critical Risk,174.714679833665,Standard Retention,0
13813,18,2,260,677.38,338.69,45,0.5437716697455834,High Risk,368.3400536522633,Standard Retention,0
13814,21,2,864,1579.12,789.56,44,0.5506049217279975,High Risk,869.4712439991152,Standard Retention,1
13815,101,2,1965,2977.75,1488.875,146,0.5948676099421542,High Risk,1771.3670255052496,Standard Retention,0
13817,280,1,63,128.7,128.7,0,0.797633749281315,Critical Risk,102.65546353250524,Standard Retention,0
13819,230,3,1109,1140.35,380.1166666666666,18,0.6726374265678113,Critical Risk,767.0420893866036,Standard Retention,1
13821,73,2,153,385.64,192.82,116,0.5687709331423445,High Risk,219.34082265701372,Standard Retention,1
13823,20,1,325,650.42,650.42,0,0.6216354368917575,Critical Risk,404.3241208631369,Standard Retention,0
13824,64,4,660,1429.84,357.46,174,0.4273003392370949,High Risk,610.9711170547677,Standard Retention,0
13826,105,1,82,189.5,189.5,0,0.6816054085771702,Critical Risk,129.16422492537376,Standard Retention,1
13827,62,2,95,300.76,150.38,9,0.5909851937806032,High Risk,177.74470688145422,Standard Retention,0
13831,16,5,619,1791.05,358.21,281,0.3036537240501555,Moderate Risk,543.859002460031,Monitor,0
13833,88,1,117,383.85,383.85,0,0.6716160368411491,Critical Risk,257.79981574147513,Standard Retention,1
13835,84,2,291,537.34,268.67,59,0.5958612179766771,High Risk,320.1800668675877,Standard Retention,0
13837,140,2,182,266.59000000000003,133.29500000000002,105,0.6280966199228625,Critical Risk,167.44427790523594,Standard Retention,1
13838,46,3,164,467.54,155.84666666666666,252,0.4465801870521606,High Risk,208.79410065436718,Standard Retention,1
13841,181,1,100,85.0,85.0,0,0.7351186049675313,Critical Risk,62.485081422240164,Standard Retention,1
13842,1,8,1297,2803.93,350.49125,294,0.16727229920083014,Low Risk,469.01981789818365,Monitor,0
13846,171,2,345,663.9300000000001,331.96500000000003,117,0.6513148569006794,Critical Risk,432.4274729420681,Standard Retention,0
13848,21,3,3700,1255.0,418.3333333333333,273,0.4211977480664008,High Risk,528.603173823333,Standard Retention,1
13849,99,1,332,593.58,593.58,0,0.6835215437357283,Critical Risk,405.72471793065364,Standard Retention,0
13850,58,1,944,1595.48,1595.48,0,0.6682142638354955,Critical Risk,1066.1224936642564,Standard Retention,1
13851,24,3,1705,2651.46,883.82,192,0.44501319493949326,High Risk,1179.9346858542688,Standard Retention,1
13854,17,21,1880,6771.36,322.44571428571425,277,0.010150531397457589,Low Risk,68.73290228348841,High Value - Low Risk,0
13856,97,3,494,388.5,129.5,34,0.5581920416025152,High Risk,216.85760816257718,Standard Retention,1
13859,255,1,129,201.16,201.16,0,0.7840085837850298,Critical Risk,157.7111667141966,Standard Retention,1
13860,15,1,176,405.88,405.88,0,0.6132105937230852,Critical Risk,248.8899157803258,Standard Retention,0
13862,1,7,1541,2089.7,298.5285714285714,259,0.21159399509145294,Low Risk,442.16797154260917,Monitor,0
13863,176,1,224,305.78,305.78,0,0.734872280036793,Critical Risk,224.70924578965054,Standard Retention,1
13865,65,3,154,383.34000000000003,127.78000000000002,152,0.49382415636196364,High Risk,189.30255209979515,Standard Retention,0
13866,3,1,57,145.67,145.67,0,0.5985809311116224,High Risk,87.19528423503002,Standard Retention,1
13867,3,2,316,582.64,291.32,143,0.5003325115139375,High Risk,291.5137345084806,Standard Retention,0
13869,52,4,1709,3083.65,770.9125,233,0.395183378238752,Moderate Risk,1218.6072243059277,Monitor,1
13870,30,5,1058,2179.4700000000003,435.89400000000006,186,0.33852078096245497,Moderate Risk,737.7958864842418,Monitor,0
13871,21,9,1950,4612.64,512.5155555555556,216,0.1524351182439287,Low Risk,703.1283238166753,Monitor,0
13873,48,3,140,389.6,129.86666666666667,190,0.4672584473416265,High Risk,182.0438910842977,Standard Retention,1
13874,287,1,180,540.45,540.45,0,0.8062987394075086,Critical Risk,435.7641537127881,Standard Retention,1
13875,62,4,1005,1424.8,356.2,167,0.42801803271488353,High Risk,609.840093012166,Standard Retention,0
13877,15,1,108,117.24,117.24,0,0.6082279160311511,Critical Risk,71.30864087549216,Standard Retention,1
13880,16,11,1429,2501.02,227.36545454545455,279,0.09968640720687624,Low Risk,249.31769815254162,Monitor,0
13881,0,12,6040,9724.18,810.3483333333334,240,0.06606634083359544,Low Risk,642.4409902072322,High Value - Low Risk,0
13883,147,4,904,1742.78,435.695,34,0.541734738351447,High Risk,944.1244673041349,Standard Retention,1
13884,18,4,214,540.5,135.125,194,0.3848880230161772,Moderate Risk,208.03197644024377,Monitor,1
13885,118,2,182,506.8,253.4,11,0.6377831277730901,Critical Risk,323.2284891554021,Standard Retention,1
13886,0,1,126,243.56,243.56,0,0.5977975503542761,High Risk,145.59957136428747,Standard Retention,1
13887,133,1,147,349.55,349.55,0,0.7050075308035476,Critical Risk,246.43538239238006,Standard Retention,1
13888,48,2,254,595.67,297.835,98,0.5534528754139248,High Risk,329.6752742978126,Standard Retention,1
13889,21,1,146,416.90000000000003,416.90000000000003,0,0.6183582908306077,Critical Risk,257.7935714472804,Standard Retention,1
13890,36,2,271,501.11,250.555,251,0.4958275639597097,High Risk,248.46415057585014,Standard Retention,0
13892,175,1,140,54.519999999999996,54.519999999999996,0,0.7305931071332155,Critical Risk,39.8319362009029,Standard Retention,0
13893,226,1,190,821.1,821.1,0,0.7741662528275268,Critical Risk,635.6679101966823,Standard Retention,1
13894,239,1,105,160.85,160.85,0,0.7738160296146183,Critical Risk,124.46830836351134,Standard Retention,0
13895,72,2,436,937.3000000000001,468.65000000000003,21,0.5985155015994922,High Risk,560.9885796492041,Standard Retention,0
13898,254,1,133,155.93,155.93,0,0.7828646416645878,Critical Risk,122.07208357475918,Standard Retention,1
13899,203,1,122,298.5,298.5,0,0.7527699329739708,Critical Risk,224.70182499273028,Standard Retention,0
13900,112,3,430,740.95,246.98333333333335,79,0.5571686029980788,High Risk,412.8340763914265,Standard Retention,1
13901,1,5,1739,2867.2000000000003,573.44,246,0.29818751880029737,Low Risk,854.9632539042127,Monitor,1
13904,223,1,223,201.12,201.12,0,0.7644266857453924,Critical Risk,153.74149503711334,Standard Retention,0
13908,8,4,1478,2369.55,592.3875,196,0.3714297123450759,Moderate Risk,880.1212748872746,Monitor,1
13911,73,8,2189,2437.63,304.70375,163,0.23543396846116693,Low Risk,573.9009045399944,Monitor,0
13917,120,1,38,65.38,65.38,0,0.6909986360663964,Critical Risk,45.177490826021,Standard Retention,0
13918,182,1,100,198.20000000000002,198.20000000000002,0,0.7373774916146817,Critical Risk,146.14821883802992,Standard Retention,0
13919,50,1,338,213.15,213.15,0,0.6388977689435814,Critical Risk,136.18105945032437,Standard Retention,0
13922,280,1,93,172.25,172.25,0,0.7981556756010917,Critical Risk,137.48231512228804,Standard Retention,1
13924,1,1,437,679.03,679.03,0,0.6064024735073148,Critical Risk,411.76547158567195,Standard Retention,0
13925,21,4,331,678.25,169.5625,42,0.43213856252035654,High Risk,293.0979800294318,Standard Retention,1
13927,3,1,214,348.99,348.99,0,0.6022215163080669,Critical Risk,210.16928697635225,Standard Retention,1
13928,35,2,87,225.45000000000002,112.72500000000001,26,0.5624595611901123,High Risk,126.80650807031083,Standard Retention,0
13929,98,2,143,842.65,421.325,157,0.5796091241191671,High Risk,488.40762843901615,Standard Retention,1
13930,65,1,210,210.0,210.0,0,0.650804244062441,Critical Risk,136.6688912531126,Standard Retention,0
13931,24,2,725,1237.53,618.765,185,0.5087311515392539,High Risk,629.5700619643728,Standard Retention,1
13932,223,1,72,307.4,307.4,0,0.7656946270371915,Critical Risk,235.37452835123264,Standard Retention,1
13933,38,2,205,608.79,304.395,39,0.5626519664939071,High Risk,342.5368906818257,Standard Retention,1
13934,192,1,390,922.1,922.1,0,0.7540869465875786,Critical Risk,695.3435734484062,Standard Retention,1
13936,108,1,330,376.58,376.58,0,0.6869829440435841,Critical Risk,258.70403706793286,Standard Retention,1
13937,98,1,123,158.85,158.85,0,0.6757967568599293,Critical Risk,107.35031482719977,Standard Retention,1
13939,37,2,657,390.21,195.105,203,0.5113809147195221,High Risk,199.5459467327047,Standard Retention,0
13940,45,2,240,391.06,195.53,27,0.5715355292648093,High Risk,223.50468407429634,Standard Retention,0
13941,18,4,1778,3859.3,964.825,283,0.35057884143485984,Moderate Risk,1352.9889227495546,Monitor,0
13946,8,3,443,561.57,187.19000000000003,188,0.4332108506016198,High Risk,243.27821737235163,Standard Retention,1
13948,289,1,40,102.0,102.0,0,0.8023725298427479,Critical Risk,81.84199804396029,Standard Retention,1
13949,6,2,860,909.26,454.63,16,0.5435674882867687,High Risk,494.2441743996273,Standard Retention,0
13950,2,2,150,323.66,161.83,173,0.4891214925699858,High Risk,158.30906228520163,Standard Retention,0
13951,105,3,459,674.45,224.8166666666667,118,0.5393139529738771,High Risk,363.74029558323144,Standard Retention,1
13952,146,2,1431,3251.071,1625.5355,20,0.6679622543169241,Critical Risk,2171.5927141043767,Standard Retention,1
13953,44,5,2048,2604.36,520.8720000000001,236,0.33482742551624917,Moderate Risk,872.0111539174987,Monitor,0
13955,83,2,154,322.96,161.48,151,0.5666197694565748,High Risk,182.99552074369538,Standard Retention,1
13956,67,3,381,676.07,225.35666666666668,133,0.5013399689855152,High Risk,338.9409128320373,Standard Retention,0
13959,8,3,355,594.04,198.01333333333332,283,0.4047210811742685,High Risk,240.42051106076246,Standard Retention,1
13960,0,1,40,128.1,128.1,0,0.5957268292163463,High Risk,76.31260682261396,Standard Retention,0
13962,174,1,30,117.6,117.6,0,0.7307105432323149,Critical Risk,85.93155988412022,Standard Retention,0
13963,237,4,460,664.54,166.135,59,0.6143329535655369,Critical Risk,408.2488209624418,Standard Retention,1
13967,74,1,42,80.7,80.7,0,0.6557225954531292,Critical Risk,52.916813453067526,Standard Retention,1
13969,36,11,1970,3883.23,353.0209090909091,257,0.10481903093090815,Low Risk,407.03640548183046,Monitor,0
13971,35,6,1332,1985.9,330.98333333333335,179,0.2955669027506717,Low Risk,586.966312172559,Monitor,0
13972,130,1,42,145.9,145.9,0,0.6996677835821404,Critical Risk,102.0815296246343,Standard Retention,0
13973,216,1,109,264.7,264.7,0,0.7607218549394421,Critical Risk,201.3630750024703,Standard Retention,1
13975,57,4,948,1466.67,366.6675,148,0.42923813499383145,High Risk,629.5506954514028,Standard Retention,0
13976,135,1,154,357.98,357.98,0,0.7065976297774889,Critical Risk,252.94781950774546,Standard Retention,1
13979,2,1,639,869.87,869.87,0,0.6106813262863706,Critical Risk,531.2133652967252,Standard Retention,1
13982,92,3,783,1230.14,410.0466666666667,202,0.501963812171868,High Risk,617.4857639051017,Standard Retention,0
13983,17,9,973,2063.54,229.28222222222223,278,0.14991193037114006,Low Risk,309.34926479806234,Monitor,0
13984,55,4,647,819.33,204.8325,239,0.4022296273768164,High Risk,329.558800598647,Standard Retention,0
13985,0,8,1874,3791.26,473.9075,192,0.18117689091775754,Low Risk,686.8886994608575,Monitor,0
13988,1,4,2366,3185.31,796.3275,181,0.36823148118799914,Moderate Risk,1172.9314193429454,Monitor,0
13989,168,1,869,896.67,896.67,0,0.7381138526423684,Critical Risk,661.8445482488324,Standard Retention,0
13990,142,1,190,311.3,311.3,0,0.7110106654490623,Critical Risk,221.33762015429312,Standard Retention,1
13991,4,2,346,337.2,168.6,68,0.5233164478771841,High Risk,176.46230622418648,Standard Retention,0
13993,18,7,743,2632.31,376.0442857142857,241,0.22263753167489883,Low Risk,586.0510010031529,Monitor,0
13994,6,3,312,780.63,260.21,70,0.46697514261920947,High Risk,364.5348055828335,Standard Retention,0
13995,44,3,608,871.9,290.6333333333333,130,0.48208942021572204,High Risk,420.33376548608805,Standard Retention,0
13999,24,9,1733,2868.9700000000003,318.7744444444445,265,0.15247559373695432,Low Risk,437.44790416350986,Monitor,0
14000,140,1,710,635.66,635.66,0,0.7147350899984172,Critical Risk,454.32850730839385,Standard Retention,1
14001,161,2,632,1309.14,654.57,140,0.6392762719988573,Critical Risk,836.9021387245841,Standard Retention,0
14002,63,2,877,529.73,264.865,22,0.5895191478098477,High Risk,312.2859781693106,Standard Retention,1
14004,7,6,2173,3769.4900000000002,628.2483333333333,210,0.2606837711481971,Low Risk,982.6448685054174,Monitor,0
14005,4,4,1092,977.68,244.42,140,0.3883430699680098,Moderate Risk,379.6752526463238,Monitor,1
14006,44,3,641,962.19,320.73,196,0.46184573289780184,High Risk,444.383345736936,Standard Retention,1
14009,127,2,365,695.61,347.805,7,0.6469842321592608,Critical Risk,450.0487017323034,Standard Retention,1
14012,206,1,160,328.8,328.8,0,0.7551548443689864,Critical Risk,248.29491282852274,Standard Retention,1
14013,39,3,462,473.02,157.67333333333332,165,0.46724715261669086,High Risk,221.0172481307471,Standard Retention,1
14014,6,1,1076,505.18,505.18,0,0.6081921085453844,Critical Risk,307.2464893949573,Standard Retention,1
14016,90,4,2125,4341.21,1085.3025,195,0.4352071703325039,High Risk,1889.3257199191692,Standard Retention,1
14019,27,2,553,800.53,400.265,39,0.5541551318512464,High Risk,443.6178077008783,Standard Retention,0
14020,17,1,180,331.14,331.14,0,0.6136092610736646,Critical Risk,203.1905707119333,Standard Retention,0
14021,84,3,192,631.9,210.63333333333333,101,0.5259335284779728,High Risk,332.337396645231,Standard Retention,1
14022,154,1,487,440.0,440.0,0,0.7216794909379897,Critical Risk,317.53897601271547,Standard Retention,1
14023,179,1,162,273.14,273.14,0,0.7364213504506083,Critical Risk,201.14612766207915,Standard Retention,1
14024,50,2,150,327.7,163.85,2,0.5829956049116314,High Risk,191.0476597295416,Standard Retention,1
14029,73,1,24,165.20000000000002,165.20000000000002,0,0.6562821356477126,Critical Risk,108.41780880900214,Standard Retention,0
14030,18,7,1030,1816.81,259.5442857142857,276,0.21900913200641103,Low Risk,397.89798112056764,Monitor,0
14031,3,14,4278,11219.15,801.3678571428571,298,0.03829702834727972,Low Risk,429.66010558238327,High Value - Low Risk,0
14032,16,7,1598,2147.57,306.7957142857143,279,0.21611466526540105,Low Risk,464.12137168401733,Monitor,0
14034,86,2,307,473.90999999999997,236.95499999999998,0,0.6146275144694981,Critical Risk,291.27812538223986,Standard Retention,0
14035,36,3,447,837.26,279.08666666666664,190,0.45663401684518373,High Risk,382.3213969437985,Standard Retention,0
14036,213,1,268,626.65,626.65,0,0.7636255601528336,Critical Risk,478.52595726977313,Standard Retention,1
14037,105,2,46,147.20000000000002,73.60000000000001,188,0.5736858271980441,High Risk,84.44655376355209,Standard Retention,1
14038,7,3,965,1560.38,520.1266666666667,128,0.45003017010778623,High Risk,702.2180768327876,Standard Retention,1
14040,23,10,1286,2734.46,273.446,236,0.12938405863254504,Low Risk,353.7955329683491,Monitor,0
14041,195,1,94,141.41,141.41,0,0.7453493706534341,Critical Risk,105.39985450410211,Standard Retention,1
14044,32,3,247,535.71,178.57000000000002,206,0.44839103799584396,High Risk,240.20756296475358,Standard Retention,0
14045,38,4,535,1659.75,414.9375,264,0.3779555161320138,Moderate Risk,627.3116679001099,Monitor,1
14046,213,1,460,154.99,154.99,0,0.7575977306452845,Critical Risk,117.42007227271264,Standard Retention,1
14047,2,4,272,957.46,239.365,299,0.34089732131820905,Moderate Risk,326.39554926933243,Monitor,1
14048,234,1,288,409.93,409.93,0,0.7739887925771406,Critical Risk,317.28122574114724,Standard Retention,1
14049,87,3,2150,3244.74,1081.58,159,0.5100928521501584,High Risk,1655.118681085705,Standard Retention,0
14050,35,1,447,485.98,485.98,0,0.6313148225416086,Critical Risk,306.80637745877095,Standard Retention,0
14051,20,16,2287,9271.84,579.49,274,0.028483204512401356,Low Risk,264.09171492626336,High Value - Low Risk,0
14053,53,2,215,260.25,130.125,35,0.5755051252257409,High Risk,149.77520883999907,Standard Retention,1
14055,35,1,216,725.6400000000001,725.6400000000001,0,0.6351050925597795,Critical Risk,460.85765936507846,Standard Retention,1
14056,13,18,2984,5588.03,310.4461111111111,200,0.0222804097067588,Low Risk,124.50359785365936,High Value - Low Risk,0
14057,18,14,4197,5137.24,366.94571428571425,271,0.05052458034243118,Low Risk,259.5568951183511,High Value - Low Risk,0
14059,195,1,128,183.6,183.6,0,0.7459475664950191,Critical Risk,136.95597320848552,Standard Retention,1
14060,8,16,4632,5135.6,320.975,293,0.03097729363788614,Low Risk,159.08698920672808,High Value - Low Risk,0
14062,0,11,4203,9225.47,838.6790909090909,292,0.07773588301148823,Low Risk,717.1500566459943,High Value - Low Risk,1
14064,42,4,1512,1097.03,274.2575,161,0.4142164329205654,High Risk,454.4078534068479,Standard Retention,0
14066,195,1,45,152.55,152.55,0,0.7454659830931507,Critical Risk,113.72083572086015,Standard Retention,1
14067,25,1,216,224.67,224.67,0,0.6184832622318618,Critical Risk,138.95463452563237,Standard Retention,0
14068,249,1,73,265.85,265.85,0,0.7811755206114933,Critical Risk,207.67551215456552,Standard Retention,1
14071,189,2,295,356.81,178.405,4,0.6946548292324026,Critical Risk,247.85978961841357,Standard Retention,0
14075,190,1,270,307.92,307.92,0,0.7444065511354188,Critical Risk,229.21766522561816,Standard Retention,0
14076,58,1,79,118.67,118.67,0,0.6435804655648095,Critical Risk,76.37369384857595,Standard Retention,1
14077,7,4,196,366.7,91.675,195,0.376020185928949,Moderate Risk,137.8866021801456,Monitor,0
14078,30,6,310,1049.37,174.89499999999998,271,0.2725956084721191,Low Risk,286.0536536623876,Monitor,1
14079,53,1,301,375.1,375.1,0,0.6439614723873001,Critical Risk,241.54994829247627,Standard Retention,1
14081,231,2,592,921.62,460.81,67,0.7113193114405502,Critical Risk,655.5661038098399,Standard Retention,1
14082,293,1,110,182.25,182.25,0,0.805536224567804,Critical Risk,146.8089769274823,Standard Retention,1
14083,55,7,374,533.39,76.19857142857143,245,0.25480461319050923,Low Risk,135.9102326296857,Monitor,1
14085,70,12,2190,3220.94,268.4116666666667,227,0.10050466010269386,Low Risk,323.71947991117077,Monitor,0
14088,57,7,7074,25507.89,3643.9842857142858,193,0.16605624886894227,Low Risk,4235.744529961604,High Value - Low Risk,0
14090,253,1,72,76.32000000000001,76.32000000000001,0,0.7812534361453264,Critical Risk,59.625262246611314,Standard Retention,1
14092,28,10,1495,2745.42,274.54200000000003,258,0.12837549718531188,Low Risk,352.44465748249894,Monitor,0
14096,3,6,2351,9286.7,1547.7833333333335,27,0.27749049208983356,Low Risk,2576.9709528906574,High Value - Low Risk,0
14099,49,8,1726,2309.92,288.74,234,0.20626635204998714,Low Risk,476.4587719273063,Monitor,0
14100,66,1,63,191.95,191.95,0,0.6511825712267276,Critical Risk,124.99449454697036,Standard Retention,1
14101,2,6,6942,5976.79,996.1316666666667,252,0.24160541304910904,Low Risk,1444.0248166577844,High Value - Low Risk,1
14104,83,2,72,216.21,108.105,11,0.607784741993731,Critical Risk,131.40913906646458,Standard Retention,1
14105,168,1,800,1266.23,1266.23,0,0.7431555743355975,Critical Risk,941.0058828909637,Standard Retention,1
14107,25,6,1606,2461.94,410.3233333333333,268,0.2645020717033673,Low Risk,651.1882304093881,Monitor,0
14108,30,1,209,291.33,291.33,0,0.6237362275122342,Critical Risk,181.7130751611392,Standard Retention,0
14109,1,1,88,144.2,144.2,0,0.5968940816126893,High Risk,86.07212656854979,Standard Retention,1
14110,15,7,1867,4165.61,595.0871428571428,180,0.22778040648737263,Low Risk,948.8443390678642,Monitor,0
14111,24,3,202,295.5,98.5,146,0.45986999314407456,High Risk,135.89158297407403,Standard Retention,0
14112,59,4,1148,1900.82,475.205,145,0.43062754083739846,High Risk,818.5454421745437,Standard Retention,0
14113,7,2,326,926.38,463.19,276,0.46439177661399234,High Risk,430.2032540196702,Standard Retention,0
14114,202,2,101,386.53,193.265,56,0.6907296084243535,Critical Risk,266.9877155442653,Standard Retention,1
14116,21,2,380,628.87,314.435,28,0.5514836807591791,High Risk,346.81154231902497,Standard Retention,0
14117,72,1,72,90.0,90.0,0,0.6543110169723948,Critical Risk,58.88799152751553,Standard Retention,1
14124,13,1,1618,419.58,419.58,0,0.6130650449895771,Critical Risk,257.2298315767268,Standard Retention,1
14125,7,1,972,1295.43,1295.43,0,0.6223467844910157,Critical Risk,806.2066950331964,Standard Retention,0
14127,51,3,321,709.71,236.57000000000002,187,0.47065984851876996,High Risk,334.0320010922562,Standard Retention,1
14128,184,1,269,305.54,305.54,0,0.7403415310053872,Critical Risk,226.20395138338603,Standard Retention,0
14129,24,3,355,726.23,242.07666666666668,165,0.45380990936390586,High Risk,329.57037047734934,Standard Retention,0
14130,248,1,257,480.91,480.91,0,0.7833225185062327,Critical Risk,376.7076323748324,Standard Retention,1
14132,16,6,1686,1900.2,316.7,96,0.30362725387965284,Moderate Risk,576.9525078221163,Monitor,0
14133,58,3,348,605.64,201.88,186,0.4772238699363705,High Risk,289.0258645882634,Standard Retention,1
14135,4,11,3444,3514.32,319.4836363636364,297,0.09202240283830113,Low Risk,323.3961707426984,Monitor,0
14141,2,2,221,489.31,244.655,31,0.5333345935684074,High Risk,260.96594997895744,Standard Retention,0
14142,302,1,313,311.81,311.81,0,0.8119819124983308,Critical Risk,253.18408013610454,Standard Retention,1
14143,62,1,30,115.8,115.8,0,0.6467084041963088,Critical Risk,74.88883320593256,Standard Retention,1
14145,85,3,576,2851.2,950.4,60,0.5375480609219436,High Risk,1532.6570313006455,Standard Retention,0
14146,10,4,1777,2965.84,741.46,275,0.34913034058032943,Moderate Risk,1035.4647293067644,Monitor,1
14147,7,2,108,483.4,241.7,207,0.4836436615526438,High Risk,233.79334599454802,Standard Retention,1
14148,162,1,16,157.2,157.2,0,0.7228929870342976,Critical Risk,113.63877756179157,Standard Retention,1
14149,149,1,218,446.62,446.62,0,0.7180283618302192,Critical Risk,320.68582696061253,Standard Retention,1
14150,288,1,262,306.18,306.18,0,0.8042633383683934,Critical Risk,246.24934894163468,Standard Retention,0
14152,4,2,711,621.29,310.645,158,0.4971247544751455,High Risk,308.8586387078631,Standard Retention,1
14154,168,2,465,1345.62,672.81,0,0.6832147363050833,Critical Risk,919.3474134668462,Standard Retention,1
14155,195,1,25,118.75,118.75,0,0.7449914009003947,Critical Risk,88.46772885692188,Standard Retention,1
14156,22,42,48716,98688.79000000001,2349.7330952380953,278,3.2020147422276256e-06,Low Risk,0.3160029604726063,High Value - Low Risk,0
14157,214,1,186,269.18,269.18,0,0.7595521313016113,Critical Risk,204.4562427037677,Standard Retention,0
14159,10,8,2780,3119.73,389.96625,280,0.17373491006426792,Low Risk,542.0060109747985,Monitor,0
14161,144,3,450,1097.6200000000001,365.8733333333334,153,0.5621667112143759,High Risk,617.0454255631233,Standard Retention,1
14162,102,2,142,289.36,144.68,118,0.5926146772821657,High Risk,171.47898301836747,Standard Retention,1
14163,16,4,893,2445.91,611.4775,151,0.39032026056275454,Moderate Risk,954.6882285130469,Monitor,1
14164,9,1,833,1273.77,1273.77,0,0.62350942596928,Critical Risk,794.2076015168899,Standard Retention,0
14165,204,1,53,120.44,120.44,0,0.750994357975074,Critical Risk,90.4497604745179,Standard Retention,1
14167,94,3,103,389.85,129.95000000000002,166,0.51494091473325,High Risk,200.74971560875753,Standard Retention,0
14171,27,1,167,363.79,363.79,0,0.6224442806899664,Critical Risk,226.43900487220287,Standard Retention,1
14173,148,1,40,114.04,114.04,0,0.7123171790252373,Critical Risk,81.23265109603807,Standard Retention,0
14175,100,2,626,1205.99,602.995,158,0.582791084738475,High Risk,702.8402202837534,Standard Retention,0
14176,226,4,209,576.9000000000001,144.22500000000002,70,0.6019596931429781,Critical Risk,347.27054697418413,Standard Retention,1
14177,15,4,204,549.46,137.365,93,0.4120316332138895,High Risk,226.39490118570376,Standard Retention,1
14178,27,3,387,477.29,159.09666666666666,84,0.4814503895607683,High Risk,229.7914564334591,Standard Retention,0
14180,20,22,635,4258.92,193.58727272727273,281,0.008916464943922394,Low Risk,37.974510878969966,Monitor,0
14185,260,1,6,197.65,197.65,0,0.7868486239374451,Critical Risk,155.52063052123603,Standard Retention,1
14188,0,5,984,1717.96,343.592,238,0.303512530428857,Moderate Risk,521.4223867755592,Monitor,0
14189,25,11,2720,3267.92,297.08363636363634,272,0.10158725611931034,Low Risk,331.97902601741663,Monitor,0
14191,9,8,1575,2525.29,315.66125,139,0.2013303803032669,Low Risk,508.41759607603683,Monitor,0
14193,198,1,250,422.54,422.54,0,0.7512428952139892,Critical Risk,317.430172943719,Standard Retention,0
14194,4,14,3769,6975.96,498.28285714285715,232,0.04750924875164947,Low Risk,331.42261892155665,High Value - Low Risk,0
14195,130,2,760,1012.0,506.0,50,0.6387180773056992,Critical Risk,646.3826942333676,Standard Retention,1
14196,35,1,142,335.52,335.52,0,0.6285313140001043,Critical Risk,210.884826473315,Standard Retention,1
14198,15,3,246,528.8,176.26666666666665,152,0.4500190174566543,High Risk,237.97005643107877,Standard Retention,0
14199,147,1,28,185.39999999999998,185.39999999999998,0,0.7126366836225994,Critical Risk,132.1228411436299,Standard Retention,1
14201,9,6,442,627.14,104.52333333333333,278,0.25850674449296474,Low Risk,162.1199197413179,Monitor,0
14205,193,1,126,222.9,222.9,0,0.7451478519439976,Critical Risk,166.09345619831706,Standard Retention,0
14206,168,1,276,328.15999999999997,328.15999999999997,0,0.729715365944025,Critical Risk,239.4633944881912,Standard Retention,1
14208,23,1,114,151.74,151.74,0,0.6154958527978703,Critical Risk,93.39534070354885,Standard Retention,1
14209,50,5,657,1876.33,375.26599999999996,211,0.3484048625349428,Moderate Risk,653.7224957201892,Monitor,1
14210,34,6,760,1905.8400000000001,317.64000000000004,265,0.2733077685717281,Low Risk,520.8808776547423,Monitor,1
14211,9,7,693,1339.0900000000001,191.29857142857145,214,0.22863145138456906,Low Risk,306.1580902345626,Monitor,0
14212,18,1,1152,1070.48,1070.48,0,0.627781673907208,Critical Risk,672.027726284188,Standard Retention,1
14214,85,3,671,899.16,299.71999999999997,121,0.5208764956955516,High Risk,468.3513098696122,Standard Retention,0
14215,6,5,847,1343.91,268.78200000000004,290,0.2959249576629059,Low Risk,397.69650985275587,Monitor,0
14217,3,12,439,1469.67,122.47250000000001,292,0.07893311538403716,Low Risk,116.0056316864579,Monitor,0
14220,176,2,272,632.4000000000001,316.20000000000005,110,0.6570634074415052,Critical Risk,415.5268988660079,Standard Retention,1
14221,9,8,2013,3088.89,386.11125,258,0.17683589946597975,Low Risk,546.2266415014701,Monitor,0
14222,106,1,607,683.17,683.17,0,0.6904145721775917,Critical Risk,471.6705232745653,Standard Retention,1
14223,21,3,585,991.13,330.37666666666667,171,0.44933481830907973,High Risk,445.3492184706782,Standard Retention,1
14224,39,4,483,1009.73,252.4325,209,0.39682031514071486,Moderate Risk,400.68137680703404,Monitor,1
14226,139,2,1075,1692.0,846.0,58,0.6463422477537546,Critical Risk,1093.6110831993528,Standard Retention,0
14227,14,9,1633,3031.9,336.8777777777778,198,0.1579813939652307,Low Risk,478.98378836318295,Monitor,0
14229,220,2,303,762.13,381.065,41,0.7092171558747639,Critical Risk,540.5156710068338,Standard Retention,0
14231,112,3,409,925.71,308.57,104,0.5493867840838785,High Risk,508.5728398942872,Standard Retention,1
14232,44,4,1503,1573.33,393.3325,149,0.4179498954668414,High Risk,657.5731090348456,Standard Retention,0
14233,140,3,410,959.1,319.7,105,0.5732722721898706,High Risk,549.825436257305,Standard Retention,0
14235,4,5,1959,3144.86,628.972,185,0.31540321502533986,Moderate Risk,991.8989548045903,Monitor,1
14236,9,2,310,490.86,245.43,291,0.45992162394831204,High Risk,225.75712833126846,Standard Retention,1
14237,302,1,38,161.0,161.0,0,0.8101657433716757,Critical Risk,130.4366846828398,Standard Retention,1
14238,255,1,111,146.85,146.85,0,0.7833367135165477,Critical Risk,115.03299637990501,Standard Retention,1
14239,0,10,903,2219.39,221.939,245,0.12088490924557471,Low Risk,268.290758730536,Monitor,0
14240,154,1,79,226.85000000000002,226.85000000000002,0,0.7182875647842835,Critical Risk,162.94353407131473,Standard Retention,0
14241,112,1,146,213.70000000000002,213.70000000000002,0,0.6873436947876302,Critical Risk,146.8853475761166,Standard Retention,1
14242,163,2,123,280.55,140.275,91,0.6506823944378436,Critical Risk,182.54894575953702,Standard Retention,1
14243,24,8,1031,2305.9500000000003,288.24375000000003,270,0.18510861821821137,Low Risk,426.85121818028455,Monitor,0
14245,148,2,976,1693.45,846.725,43,0.6576144280947254,Critical Risk,1113.6371532570126,Standard Retention,1
14246,39,3,804,1474.06,491.3533333333333,135,0.4757732222072715,High Risk,701.3182759268506,Standard Retention,1
14247,207,1,47,136.77,136.77,0,0.7531737727037404,Critical Risk,103.01157689269058,Standard Retention,1
14248,247,1,102,302.58,302.58,0,0.780442479473288,Critical Risk,236.14628543902748,Standard Retention,1
14250,18,1,866,1228.83,1228.83,0,0.6301807630236657,Critical Risk,774.3850270263711,Standard Retention,1
14256,189,2,414,969.0600000000001,484.53000000000003,104,0.6701497907301035,Critical Risk,649.4153562049141,Standard Retention,1
14257,52,4,1338,2725.84,681.46,195,0.4071998394851038,High Risk,1109.9616104620754,Standard Retention,0
14258,18,8,6164,11298.380000000001,1412.2975000000001,247,0.15405765382152287,Low Risk,1740.6019147840177,High Value - Low Risk,1
14259,70,1,68,120.0,120.0,0,0.65320409878723,Critical Risk,78.3844918544676,Standard Retention,1
14261,7,1,387,943.75,943.75,0,0.6158792503874011,Critical Risk,581.2360425531098,Standard Retention,0
14262,13,4,855,1379.3,344.825,156,0.38970470973358035,Moderate Risk,537.5197061355274,Monitor,0
14264,83,2,70,333.97,166.985,90,0.5848701985395601,High Risk,195.32910020625692,Standard Retention,1
14265,38,2,330,530.18,265.09,39,0.5624774095410767,High Risk,298.21427299048804,Standard Retention,1
14267,91,3,530,1516.24,505.41333333333336,97,0.532743501134049,High Risk,807.7670061594905,Standard Retention,1
14270,260,1,197,492.65000000000003,492.65000000000003,0,0.7904949285531969,Critical Risk,389.4373265517325,Standard Retention,1
14271,154,1,88,112.32000000000001,112.32000000000001,0,0.7166292425628785,Critical Risk,80.49179652466252,Standard Retention,1
14272,2,2,599,437.96,218.98,180,0.48782577369616564,High Risk,213.6481758479727,Standard Retention,1
14273,65,3,196,450.05,150.01666666666668,106,0.5079139183214082,High Risk,228.58665894054977,Standard Retention,0
14276,27,3,744,1119.74,373.24666666666667,191,0.4485008114506068,High Risk,502.2042986137024,Standard Retention,1
14277,141,1,855,1629.03,1629.03,0,0.7298382477379018,Critical Risk,1188.9284007124743,Standard Retention,0
14280,125,1,52,134.04,134.04,0,0.6957914383943233,Critical Risk,93.2638844023751,Standard Retention,1
14282,10,10,2116,2768.84,276.884,286,0.11801303717227621,Low Risk,326.7592178440853,Monitor,0
14284,15,1,70,252.1,252.1,0,0.6104963481805887,Critical Risk,153.90612937632642,Standard Retention,0
14285,4,2,295,1253.43,626.715,100,0.5168975933119327,High Risk,647.8949503849759,Standard Retention,0
14286,171,1,1998,2050.08,2050.08,0,0.756522523445076,Critical Risk,1550.9316948642813,Standard Retention,0
14287,127,2,216,83.28,41.64,0,0.646719036915209,Critical Risk,53.85876139429861,Standard Retention,1
14288,142,1,188,426.6,426.6,0,0.7127053920877338,Critical Risk,304.04012026462726,Standard Retention,1
14289,63,5,278,832.78,166.55599999999998,154,0.3794223401167844,Moderate Risk,315.9753364024557,Monitor,1
14290,10,2,298,1071.1,535.55,280,0.46630685428038293,High Risk,499.4612716197181,Standard Retention,0
14291,49,7,1478,2355.54,336.5057142857143,154,0.2640875775526549,Low Risk,622.0688524283806,Monitor,0
14292,17,5,1093,3143.95,628.79,194,0.3222184052299326,Moderate Risk,1013.0385551226466,Monitor,0
14293,76,3,427,739.41,246.47,221,0.48222953218069425,High Risk,356.5653383897271,Standard Retention,1
14297,203,1,78,232.6,232.6,0,0.7518583063660873,Critical Risk,174.8822420607519,Standard Retention,0
14298,1,41,51277,44237.46,1078.9624390243903,288,3.105725703793918e-05,Low Risk,1.373894165925553,High Value - Low Risk,0
14299,7,6,1182,2843.49,473.91499999999996,287,0.2460935156407421,Low Risk,699.7644507892937,Monitor,0
14301,46,1,606,640.14,640.14,0,0.6429439285305902,Critical Risk,411.57412640957205,Standard Retention,1
14304,151,1,139,383.45,383.45,0,0.7184732517251525,Critical Risk,275.4985683740097,Standard Retention,1
14305,0,3,1089,1858.96,619.6533333333333,64,0.4632467831361333,High Risk,861.1572399787464,Standard Retention,1
14306,14,1,917,1702.94,1702.94,0,0.6348628928934257,Critical Risk,1081.1334148239303,Standard Retention,0
14307,17,6,2058,2995.7200000000003,499.2866666666667,284,0.2533335290523692,Low Risk,758.9163196527636,Monitor,1
14309,22,7,1200,1633.7,233.3857142857143,264,0.22489626532875046,Low Risk,367.4130286675796,Monitor,0
14311,171,1,146,310.26,310.26,0,0.7314409486984459,Critical Risk,226.93686874317982,Standard Retention,1
14312,20,5,480,1047.19,209.43800000000002,245,0.3190601334619757,Moderate Risk,334.11658116004634,Monitor,0
14314,35,1,296,120.0,120.0,0,0.625050991124909,Critical Risk,75.00611893498909,Standard Retention,1
14315,58,5,689,1550.15,310.03000000000003,137,0.37735410629545113,Moderate Risk,584.9554678738936,Monitor,0
14320,135,2,325,477.79,238.895,126,0.6187921723211534,Critical Risk,295.6527120133239,Standard Retention,1
14321,2,4,2038,1230.59,307.6475,259,0.35269988155221577,Moderate Risk,434.02894723934116,Monitor,1
14323,43,2,350,605.0600000000001,302.53000000000003,123,0.541623453151312,High Risk,327.71468656373287,Standard Retention,1
14326,171,1,103,183.85,183.85,0,0.7296242560820901,Critical Risk,134.14141948069226,Standard Retention,1
14327,92,1,139,311.65000000000003,311.65000000000003,0,0.6735886394601112,Critical Risk,209.92389948774365,Standard Retention,1
14329,37,4,2184,3485.03,871.2575,220,0.3855903702113506,Moderate Risk,1343.7940078976633,Monitor,0
14331,53,2,252,462.66,231.33,10,0.5837564432758889,High Risk,270.08075604602277,Standard Retention,1
14332,76,1,48,119.04,119.04,0,0.6579314018410225,Critical Risk,78.32015407515533,Standard Retention,0
14334,22,7,1597,2328.71,332.67285714285714,264,0.22208047101595707,Low Risk,517.1610136595694,Monitor,0
14335,25,1,337,347.5,347.5,0,0.620667174894098,Critical Risk,215.68184327569904,Standard Retention,0
14336,127,3,989,1114.39,371.46333333333337,77,0.5708907338852581,High Risk,636.1949249343928,Standard Retention,0
14338,90,2,335,588.22,294.11,35,0.6081920717421667,Critical Risk,357.7507404401773,Standard Retention,1
14339,171,1,168,309.52000000000004,309.52000000000004,0,0.7314467976088241,Critical Risk,226.39741279588327,Standard Retention,1
14340,147,1,58,134.7,134.7,0,0.7119145915535295,Critical Risk,95.89489548226042,Standard Retention,1
14341,59,6,709,1139.52,189.92,188,0.31469160058168494,Moderate Risk,358.5973726948416,Monitor,0
14342,66,2,176,419.74,209.87,73,0.5758170424472842,High Risk,241.69344539682305,Standard Retention,0
14344,56,8,477,889.9300000000001,111.24125000000001,241,0.214636588598546,Low Risk,191.01153929150405,Monitor,1
14346,49,2,605,1021.58,510.79,176,0.5324833278693939,High Risk,543.9743180848154,Standard Retention,1
14348,189,1,183,409.57,409.57,0,0.7450623672198337,Critical Risk,305.15519374222725,Standard Retention,1
14350,203,1,183,282.93,282.93,0,0.7526048141565388,Critical Risk,212.93448006930953,Standard Retention,1
14351,93,1,12,51.0,51.0,0,0.6701362384194688,Critical Risk,34.17694815939291,Standard Retention,1
14352,86,4,538,1078.96,269.74,116,0.4650166114133106,High Risk,501.7343230505056,Standard Retention,1
14353,144,1,64,90.6,90.6,0,0.7091006885319885,Critical Risk,64.24452238099815,Standard Retention,1
14355,294,1,92,174.4,174.4,0,0.8059873739905887,Critical Risk,140.56419802395868,Standard Retention,1
14356,8,2,277,701.23,350.615,1,0.5485549101663456,High Risk,384.6631596559465,Standard Retention,1
14359,16,1,189,483.39,483.39,0,0.615371864393805,Critical Risk,297.4646055293214,Standard Retention,0
14360,23,1,733,1124.49,1124.49,0,0.632411158591299,Critical Risk,711.1400237243298,Standard Retention,0
14364,37,8,1967,3717.35,464.66875,102,0.2200216079589339,Low Risk,817.8973243461429,Monitor,1
14367,4,12,3288,6916.24,576.3533333333334,200,0.07548015852765608,Low Risk,522.0388916153161,High Value - Low Risk,0
14368,248,1,36,155.0,155.0,0,0.7791855641393105,Critical Risk,120.77376244159314,Standard Retention,1
14371,224,1,34,100.5,100.5,0,0.763630658334453,Critical Risk,76.74488116261253,Standard Retention,1
14373,287,1,17,76.55,76.55,0,0.8009512670924497,Critical Risk,61.31281949592702,Standard Retention,1
14375,114,1,184,235.56,235.56,0,0.689218384279039,Critical Risk,162.35228260077042,Standard Retention,1
14377,120,2,219,617.05,308.525,70,0.6229655309654927,Critical Risk,384.40088088225724,Standard Retention,1
14379,224,1,128,110.98,110.98,0,0.7638301731067745,Critical Risk,84.76987261138983,Standard Retention,0
14383,92,1,201,242.09,242.09,0,0.6725421647694815,Critical Risk,162.81573266904377,Standard Retention,0
14386,225,1,54,142.4,142.4,0,0.7648187916340389,Critical Risk,108.91019592868714,Standard Retention,1
14387,3,2,431,929.74,464.87,34,0.5351344771735695,High Risk,497.53592880735454,Standard Retention,0
14388,20,6,1389,2277.77,379.62833333333333,281,0.2586797876945756,Low Risk,589.2130600170735,Monitor,0
14389,119,1,189,311.14,311.14,0,0.6941247643604735,Critical Risk,215.96997918311774,Standard Retention,0
14390,73,4,739,1590.71,397.6775,228,0.4183897047261207,High Risk,665.5366872048875,Standard Retention,0
14393,147,1,13,67.95,67.95,0,0.7108968671142438,Critical Risk,48.30544212041287,Standard Retention,1
14395,7,7,1285,2610.38,372.9114285714286,293,0.20583145629844654,Low Risk,537.2983168923389,Monitor,0
14396,300,1,39,110.35000000000001,110.35000000000001,0,0.8085214834006578,Critical Risk,89.22034569326259,Standard Retention,0
14397,8,11,796,1089.24,99.02181818181818,133,0.11839926750012131,Low Risk,128.96521813183213,Monitor,0
14400,78,1,454,574.7,574.7,0,0.6671509170993681,Critical Risk,383.4116320570069,Standard Retention,1
14401,9,11,3655,3384.88,307.71636363636367,279,0.09581036319719505,Low Risk,324.3065821789216,Monitor,0
14403,59,4,519,1475.81,368.9525,116,0.44018989822080634,High Risk,649.6366536932481,Standard Retention,1
14404,37,5,769,1322.52,264.504,260,0.3271890351814898,Moderate Risk,432.71404280822384,Monitor,0
14406,48,1,77,156.75,156.75,0,0.6361119696435499,Critical Risk,99.71055124162645,Standard Retention,1
14407,36,6,1415,2157.73,359.62166666666667,169,0.29810994151991904,Low Risk,643.2407641157749,Monitor,1
14408,23,6,1448,2290.81,381.8016666666667,169,0.28804499983901666,Low Risk,659.8563660812177,Monitor,1
14409,0,6,1230,2059.4500000000003,343.24166666666673,297,0.24261954108233327,Low Risk,499.66281388201133,Monitor,1
14410,21,9,567,1100.27,122.25222222222222,213,0.1659022940011152,Low Risk,182.53731702060702,Monitor,1
14411,239,1,196,1063.0,1063.0,0,0.7849980880117605,Critical Risk,834.4529675565014,Standard Retention,1
14412,1,1,666,462.45,462.45,0,0.6028952494137332,Critical Risk,278.8089080913809,Standard Retention,0
14413,291,1,67,121.05,121.05,0,0.8037161003458972,Critical Risk,97.28983394687086,Standard Retention,1
14414,20,7,2512,1496.98,213.8542857142857,267,0.22449866766573706,Low Risk,336.07001552225506,Monitor,1
14415,27,9,1798,3766.13,418.4588888888889,262,0.15097771737636698,Low Risk,568.601710742657,Monitor,0
14418,37,1,148,150.44,150.44,0,0.627076654599833,Critical Risk,94.33741191799886,Standard Retention,0
14419,2,3,281,540.79,180.26333333333332,291,0.3972818767073847,Moderate Risk,214.84606610458655,Monitor,0
14420,28,1,334,387.52,387.52,0,0.623816755376533,Critical Risk,241.74146904351406,Standard Retention,1
14421,140,1,194,455.18,455.18,0,0.7116898992083126,Critical Risk,323.9470083216397,Standard Retention,0
14422,99,2,541,1032.15,516.075,96,0.5996249789671358,High Risk,618.9029220409293,Standard Retention,0
14423,147,1,120,265.2,265.2,0,0.7138781426169777,Critical Risk,189.32048342202248,Standard Retention,1
14426,69,6,1603,2885.58,480.93,172,0.31865940900231066,Moderate Risk,919.5172174288875,Monitor,0
14428,8,3,194,534.12,178.04,245,0.41591624424275714,High Risk,222.14918437494146,Standard Retention,0
14431,231,1,130,470.36,470.36,0,0.7727968958389368,Critical Risk,363.49274792680234,Standard Retention,1
14432,18,1,308,249.17000000000002,249.17000000000002,0,0.6131625261735411,Critical Risk,152.78170664666123,Standard Retention,0
14434,1,1,92,310.79999999999995,310.79999999999995,0,0.5997694755888741,High Risk,186.40835301302204,Standard Retention,0
14436,27,1,129,89.06,89.06,0,0.6177686536471517,Critical Risk,55.01847629381533,Standard Retention,1
14437,294,1,60,63.0,63.0,0,0.8047159550573197,Critical Risk,50.697105168611145,Standard Retention,1
14438,235,1,82,131.9,131.9,0,0.7709651259526469,Critical Risk,101.69030011315412,Standard Retention,1
14439,248,1,526,2661.24,2661.24,0,0.8088462084496261,Critical Risk,2152.5338837744825,Standard Retention,1
14440,1,3,449,1558.73,519.5766666666667,292,0.39535104743453936,Moderate Risk,616.2455381676396,Monitor,0
14441,23,2,212,697.4,348.7,160,0.5130124760081738,High Risk,357.7749007681004,Standard Retention,0
14442,133,2,482,1589.82,794.91,112,0.6252442044854523,Critical Risk,994.0257411750616,Standard Retention,1
14443,67,3,666,991.52,330.50666666666666,230,0.4715654742336517,High Risk,467.56659901215033,Standard Retention,0
14446,9,2,680,674.56,337.28,166,0.4992322198564515,High Risk,336.7620862263679,Standard Retention,0
14447,125,2,313,601.03,300.515,84,0.623081938574116,Critical Risk,374.49093754120094,Standard Retention,0
14448,293,1,44,102.35000000000001,102.35000000000001,0,0.8045978642224566,Critical Risk,82.35059140316844,Standard Retention,1
14449,175,2,333,399.91,199.955,125,0.6513659623180629,Critical Risk,260.48776199061655,Standard Retention,0
14450,109,3,241,483.25,161.08333333333334,139,0.5363807526647468,High Risk,259.2059987252389,Standard Retention,1
14451,123,1,204,360.0,360.0,0,0.69785175801669,Critical Risk,251.2266328860084,Standard Retention,0
14452,22,1,46,127.37,127.37,0,0.6141892713908205,Critical Risk,78.2292874970488,Standard Retention,1
14453,119,1,49,119.93,119.93,0,0.6910927055280216,Critical Risk,82.88274817397564,Standard Retention,1
14456,2,5,1654,1820.82,364.164,68,0.3510652744598186,Moderate Risk,639.2266730419269,Monitor,0
14457,239,1,88,113.64,113.64,0,0.7732116005960499,Critical Risk,87.86776629173511,Standard Retention,1
14459,84,1,760,1837.92,1837.92,0,0.6917180338307661,Critical Risk,1271.3224087382418,Standard Retention,1
14460,39,3,881,434.34,144.78,200,0.45699828706217754,High Risk,198.49263600258618,Standard Retention,1
14461,77,3,766,2103.06,701.02,113,0.5152300662562536,High Risk,1083.5597431408767,Standard Retention,1
14462,13,10,763,1678.7,167.87,255,0.12622128596899926,Low Risk,211.88767275615905,Monitor,0
14463,27,3,179,529.62,176.54,107,0.4741601066795938,High Risk,251.12467569964647,Standard Retention,1
14465,175,3,398,1038.44,346.1466666666667,56,0.6172698590709894,Critical Risk,640.9977124536783,Standard Retention,1
14466,2,6,829,1785.65,297.60833333333335,298,0.24455987738535478,Low Risk,436.6983450531588,Monitor,0
14467,241,1,37,131.7,131.7,0,0.7746340830096247,Critical Risk,102.01930873236756,Standard Retention,0
14470,216,1,138,297.64,297.64,0,0.7611714950914206,Critical Risk,226.55508379901042,Standard Retention,0
14472,32,8,1135,1852.67,231.58375,251,0.19500426259546688,Low Risk,361.27854718274364,Monitor,1
14473,3,2,88,234.34,117.17,208,0.47887659871531046,High Risk,112.21994214294585,Standard Retention,1
14475,0,3,447,925.85,308.6166666666667,233,0.4125315851087759,High Risk,381.94236807296016,Standard Retention,1
14476,186,1,110,193.0,193.0,0,0.7400253937829192,Critical Risk,142.8249010001034,Standard Retention,1
14477,113,2,300,523.0,261.5,112,0.6046550702578385,Critical Risk,316.23460174484956,Standard Retention,0
14479,182,2,117,316.25,158.125,111,0.6603284151512325,Critical Risk,208.82886129157728,Standard Retention,1
14481,93,2,489,636.51,318.255,122,0.5853493819455788,High Risk,372.58073510218037,Standard Retention,1
14482,28,2,234,465.95000000000005,232.97500000000002,140,0.5226811046770418,High Risk,243.54326072426764,Standard Retention,0
14483,210,1,97,137.1,137.1,0,0.7551671824712675,Critical Risk,103.53342071681077,Standard Retention,1
14487,11,4,459,816.61,204.1525,285,0.3525363610113062,Moderate Risk,287.88471776544276,Monitor,0
14489,136,1,299,463.38,463.38,0,0.7090006993302336,Critical Risk,328.5367440556436,Standard Retention,1
14491,104,2,139,340.93,170.465,197,0.5709193452381013,High Risk,194.64353237202587,Standard Retention,1
14493,84,1,327,611.22,611.22,0,0.6722873153839554,Critical Risk,410.9154529089812,Standard Retention,0
14495,50,1,22,40.6,40.6,0,0.6357621086168914,Critical Risk,25.811941609845793,Standard Retention,0
14496,240,2,159,538.8100000000001,269.40500000000003,61,0.7177662479166923,Critical Risk,386.739632039993,Standard Retention,1
14497,238,1,235,475.37,475.37,0,0.7772168319128432,Critical Risk,369.4655653864083,Standard Retention,1
14498,45,4,689,1281.79,320.4475,245,0.3906227014932426,Moderate Risk,500.6962725470234,Monitor,0
14499,62,2,188,367.81,183.905,144,0.5507460626688842,High Risk,202.56990931024228,Standard Retention,0
14500,17,3,117,356.85,118.95,101,0.4673510902866318,High Risk,166.77423656878457,Standard Retention,1
14501,112,2,161,251.21,125.605,136,0.5956380766642223,High Risk,149.63024123881928,Standard Retention,1
14502,78,7,532,1163.22,166.17428571428573,163,0.287583126237955,Low Risk,334.52244410251404,Monitor,0
14503,107,1,381,597.07,597.07,0,0.6896631519815908,Critical Risk,411.77717815364844,Standard Retention,0
14504,172,3,263,542.71,180.90333333333334,35,0.621197561572357,Critical Risk,337.1301286409339,Standard Retention,0
14505,38,6,1922,4222.74,703.79,252,0.2696626435288017,Low Risk,1138.715231334812,Monitor,0
14506,91,3,251,818.96,272.9866666666667,207,0.4994503531180552,High Risk,409.0298611895625,Standard Retention,0
14507,30,4,478,924.6899999999999,231.17249999999999,174,0.39980587507664334,Moderate Risk,369.6964946246213,Monitor,0
14508,18,1,70,137.56,137.56,0,0.6110490344333568,Critical Risk,84.05590517665256,Standard Retention,0
14511,21,2,145,329.89,164.945,41,0.54620197168867,High Risk,180.18656844037534,Standard Retention,0
14512,116,2,122,275.28,137.64,44,0.6258654208551891,Critical Risk,172.28823305301646,Standard Retention,1
14513,29,3,361,455.59000000000003,151.86333333333334,188,0.4514341271006581,High Risk,205.66887396578883,Standard Retention,1
14514,130,2,173,403.11,201.555,129,0.6133656494367185,Critical Risk,247.2538269444356,Standard Retention,0
14515,120,2,371,765.65,382.825,27,0.6359293983140646,Critical Risk,486.89934381916356,Standard Retention,0
14517,70,1,73,252.45,252.45,0,0.6553572064915948,Critical Risk,165.4449267788031,Standard Retention,0
14520,219,1,100,165.0,165.0,0,0.7613320754010231,Critical Risk,125.61979244116881,Standard Retention,1
14522,0,3,429,831.5,277.1666666666667,126,0.44475915360435603,High Risk,369.817236222022,Standard Retention,0
14523,37,1,251,241.09,241.09,0,0.6286864093666105,Critical Risk,151.57000643419613,Standard Retention,1
14524,0,8,643,1731.93,216.49125,289,0.1714453309916695,Low Risk,296.9313121044022,Monitor,0
14525,29,7,1720,2820.29,402.8985714285714,260,0.22510679782871748,Low Risk,634.8664508483536,Monitor,0
14527,0,43,1483,5835.95,135.71976744186045,297,7.254106914256583e-05,Low Risk,0.423346052462557,High Value - Low Risk,0
14529,6,2,186,338.14,169.07,32,0.5359283152817678,High Risk,181.21880052937695,Standard Retention,0
14530,22,5,1051,2482.32,496.46400000000006,203,0.3263692362281099,Moderate Risk,810.1528824737619,Monitor,0
14532,165,4,284,932.85,233.2125,115,0.5348474009211702,High Risk,498.93239794931367,Standard Retention,1
14533,18,3,1467,1143.3600000000001,381.12000000000006,263,0.4196772042585324,High Risk,479.84212826103567,Standard Retention,0
14534,24,14,1482,3031.39,216.52785714285713,222,0.05777473709725018,Low Risk,175.13776028923323,Monitor,0
14535,56,2,966,1652.81,826.405,121,0.5580020974209585,High Risk,922.2714466383344,Standard Retention,0
14536,188,1,39,170.95,170.95,0,0.7410203145764934,Critical Risk,126.67742277685154,Standard Retention,1
14538,185,1,30,106.5,106.5,0,0.7380932624400687,Critical Risk,78.60693244986732,Standard Retention,0
14540,4,2,300,637.9300000000001,318.96500000000003,233,0.4738088178427497,High Risk,302.25685916642533,Standard Retention,1
14541,97,7,597,1307.35,186.7642857142857,150,0.30409571189069984,Moderate Risk,397.5595289403064,Monitor,0
14542,114,1,19,103.25,103.25,0,0.6870484586101111,Critical Risk,70.93775335149397,Standard Retention,1
14543,2,14,603,3271.15,233.65357142857144,290,0.04908727260956084,Low Risk,160.57183179676494,Monitor,0
14544,290,1,836,1101.77,1101.77,0,0.8144831840036484,Critical Risk,897.3731376396996,Standard Retention,0
14546,6,3,908,1602.1,534.0333333333333,171,0.4360469190056822,High Risk,698.5907689390034,Standard Retention,0
14548,79,2,256,652.8,326.4,167,0.5596434831206712,High Risk,365.33526578117414,Standard Retention,1
14549,240,1,136,289.24,289.24,0,0.7760552413324355,Critical Risk,224.46621800299366,Standard Retention,1
14551,133,1,66,125.43,125.43,0,0.7015895655599542,Critical Risk,88.00037920818507,Standard Retention,0
14552,80,1,90,164.22,164.22,0,0.6618482675704163,Critical Risk,108.68872250041376,Standard Retention,1
14553,147,2,182,312.32,156.16,120,0.6296994868775686,Critical Risk,196.6677437416022,Standard Retention,0
14555,231,1,90,186.34,186.34,0,0.7691734802574112,Critical Risk,143.327786311166,Standard Retention,0
14557,14,1,510,788.38,788.38,0,0.6191653547158373,Critical Risk,488.1375823508718,Standard Retention,1
14560,23,15,625,1565.1999999999998,104.34666666666665,263,0.04642799201935124,Low Risk,72.66909310868854,Monitor,0
14561,4,3,1014,1080.76,360.25333333333333,108,0.45400841372725503,High Risk,490.67413321986817,Standard Retention,1
14562,7,10,1138,2999.2200000000003,299.922,226,0.12358071214981294,Low Risk,370.64574349396196,Monitor,0
14565,24,4,1540,3099.12,774.78,265,0.36260561082537046,Moderate Risk,1123.758300621122,Monitor,1
14566,39,1,800,1432.0,1432.0,0,0.650468062347618,Critical Risk,931.470265281789,Standard Retention,1
14567,59,1,172,800.76,800.76,0,0.6555949486126733,Critical Risk,524.9742110510842,Standard Retention,0
14570,209,2,95,218.06,109.03,0,0.7097796065044355,Critical Risk,154.7745409943572,Standard Retention,1
14572,39,5,1183,2063.2400000000002,412.648,213,0.33878042215237797,Moderate Risk,698.9853182016724,Monitor,0
14573,108,9,534,1639.82,182.20222222222222,192,0.2142772277452676,Low Risk,351.3760836012447,Monitor,1
14576,301,1,12,35.400000000000006,35.400000000000006,0,0.808217237705847,Critical Risk,28.610890214786988,Standard Retention,1
14577,92,3,280,646.64,215.54666666666665,199,0.5029786261091339,High Risk,325.24609878721037,Standard Retention,0
14583,73,4,552,741.72,185.43,61,0.47158768674933926,High Risk,349.78601901571994,Standard Retention,1
14584,98,4,381,1033.06,258.265,29,0.502202685165422,High Risk,518.8055059369908,Standard Retention,1
14586,205,1,444,237.35999999999999,237.35999999999999,0,0.753486527950481,Critical Risk,178.84756227432615,Standard Retention,1
14587,113,8,716,1452.68,181.585,147,0.26970074177911985,Low Risk,391.78887356769184,Monitor,0
14589,300,1,5,39.75,39.75,0,0.8077164316323279,Critical Risk,32.106728157385035,Standard Retention,1
14591,142,1,91,204.02,204.02,0,0.7093501968738525,Critical Risk,144.72162716620338,Standard Retention,0
14593,127,2,118,339.59,169.795,0,0.64751340363022,Critical Risk,219.8890767387864,Standard Retention,0
14594,302,1,146,255.0,255.0,0,0.8112627751846557,Critical Risk,206.87200767208722,Standard Retention,1
14595,14,2,147,300.03000000000003,150.01500000000001,227,0.4830039060818303,High Risk,144.91566194173157,Standard Retention,0
14597,120,1,118,165.1,165.1,0,0.6925878635988502,Critical Risk,114.34625628017015,Standard Retention,0
14600,234,1,125,393.33000000000004,393.33000000000004,0,0.7736729785176758,Critical Risk,304.30879264035747,Standard Retention,1
14603,203,1,400,660.0,660.0,0,0.7577559397387006,Critical Risk,500.1189202275424,Standard Retention,1
14606,1,76,5050,9934.63,130.71881578947367,300,4.0804367363691424e-08,Low Risk,0.0004053762921423497,High Value - Low Risk,0
14607,190,1,300,495.0,495.0,0,0.7469725429985156,Critical Risk,369.7514087842652,Standard Retention,0
14608,14,2,193,790.95,395.475,276,0.4698828470733786,High Risk,371.6538378926888,Standard Retention,0
14609,1,4,7026,601.56,150.39,224,0.36805613412952354,Moderate Risk,221.40784804695616,Monitor,1
14616,171,3,104,406.08000000000004,135.36,74,0.6090169701488644,Critical Risk,247.30961123805085,Standard Retention,1
14618,266,1,92,211.8,211.8,0,0.7905845287447221,Critical Risk,167.44580318813215,Standard Retention,1
14619,174,1,152,394.44,394.44,0,0.7346893201849914,Critical Risk,289.790855453768,Standard Retention,1
14620,134,2,214,412.78000000000003,206.39000000000001,78,0.6314487117346033,Critical Risk,260.64939922980955,Standard Retention,1
14621,85,3,410,1002.9100000000001,334.30333333333334,201,0.49599228346526575,High Risk,497.4356210101497,Standard Retention,0
14622,113,1,146,320.58000000000004,320.58000000000004,0,0.6897411059562156,Critical Risk,221.11720374744363,Standard Retention,1
14623,45,3,265,606.16,202.0533333333333,118,0.48658144213554616,High Risk,294.94620696488266,Standard Retention,0
14625,125,2,335,899.63,449.815,164,0.600852051112154,Critical Risk,540.5445307420271,Standard Retention,1
14626,51,2,879,1571.29,785.645,110,0.5566165449950923,High Risk,874.6060109853386,Standard Retention,0
14628,20,2,272,671.96,335.98,151,0.5131002350682945,High Risk,344.7828339564912,Standard Retention,1
14631,164,2,352,630.08,315.04,63,0.660614233710246,Critical Risk,416.2398163761518,Standard Retention,0
14632,191,1,96,114.56,114.56,0,0.7423059970668343,Critical Risk,85.03857502397653,Standard Retention,1
14633,195,1,96,344.90000000000003,344.90000000000003,0,0.7481110802190232,Critical Risk,258.0235115675411,Standard Retention,1
14636,197,1,117,300.19,300.19,0,0.7488451128351146,Critical Risk,224.79581442197303,Standard Retention,0
14639,49,4,789,1989.23,497.3075,240,0.3932745846362722,Moderate Risk,782.3136019960117,Monitor,0
14640,56,4,572,1483.3600000000001,370.84000000000003,99,0.4427606734036703,High Risk,656.7734725000685,Standard Retention,0
14643,99,2,815,693.8100000000001,346.90500000000003,187,0.5715441785180296,High Risk,396.54306649759417,Standard Retention,1
14644,227,1,66,187.50000000000003,187.50000000000003,0,0.7666676135373108,Critical Risk,143.7501775382458,Standard Retention,0
14645,85,2,381,597.09,298.545,118,0.5794648544849885,High Risk,345.9926699644418,Standard Retention,1
14646,7,46,143895,203106.64,4415.361739130435,276,2.9132480555988393e-08,Low Risk,0.005917000240592135,High Value - Low Risk,0
14647,130,1,91,236.04000000000002,236.04000000000002,0,0.7010632609213189,Critical Risk,165.47897210786812,Standard Retention,1
14649,1,3,657,895.18,298.3933333333333,140,0.44153621535138193,High Risk,395.25438925825006,Standard Retention,1
14651,140,1,185,415.47,415.47,0,0.7110981739884323,Critical Risk,295.439958346974,Standard Retention,0
14652,6,1,53,114.18,114.18,0,0.6005655931091408,Critical Risk,68.57257942120171,Standard Retention,1
14653,267,1,305,344.81,344.81,0,0.792869237111272,Critical Risk,273.3892416483377,Standard Retention,0
14655,151,1,522,810.56,810.56,0,0.7249156660134732,Critical Risk,587.5876422438809,Standard Retention,0
14656,98,2,120,291.05,145.525,114,0.5903914475940051,High Risk,171.8334308222352,Standard Retention,1
14657,84,3,339,638.94,212.98000000000002,171,0.5046072052683122,High Risk,322.4137277341354,Standard Retention,0
14658,46,1,23,123.14,123.14,0,0.6338774643398264,Critical Risk,78.05567095880622,Standard Retention,1
14659,7,7,974,2067.98,295.42571428571426,237,0.21945583615840264,Low Risk,453.8302800588535,Monitor,0
14660,15,2,228,285.74,142.87,14,0.5491032760963672,High Risk,156.90077011177598,Standard Retention,1
14662,163,3,322,512.28,170.76,81,0.6003419387422054,Critical Risk,307.543168378857,Standard Retention,0
14665,18,4,502,1276.18,319.045,221,0.3750231885386211,Moderate Risk,478.5970927492175,Monitor,0
14667,3,19,3943,7075.8,372.41052631578947,294,0.01469559487237667,Low Risk,103.98309019796285,High Value - Low Risk,0
14669,170,3,770,1259.24,419.74666666666667,90,0.6032956626017096,Critical Risk,759.6940301745768,Standard Retention,1
14670,209,2,326,392.86,196.43,0,0.7104988191695909,Critical Risk,279.1265660989655,Standard Retention,1
14672,163,2,454,765.5500000000001,382.77500000000003,101,0.6498301064625646,Critical Risk,497.47743800241636,Standard Retention,1
14673,296,1,213,373.49,373.49,0,0.809367705460555,Critical Risk,302.2907443124627,Standard Retention,0
14676,7,5,2092,2170.96,434.192,204,0.31675173349020025,Moderate Risk,687.6553433378851,Monitor,0
14680,0,15,13007,27586.51,1839.1006666666665,300,0.0181592355715465,Low Risk,500.9499336868232,High Value - Low Risk,0
14681,0,3,76,498.95,166.31666666666666,140,0.44051089161185886,High Risk,219.79290936973698,Standard Retention,1
14682,116,2,80,52.0,26.0,13,0.6339179166129881,Critical Risk,32.963731663875386,Standard Retention,1
14684,10,3,354,622.77,207.59,280,0.4072758787597291,High Risk,253.63919901519648,Standard Retention,0
14687,35,1,470,628.38,628.38,0,0.6337089952954142,Critical Risk,398.2100584637324,Standard Retention,1
14688,21,16,2953,4186.45,261.653125,281,0.03369594385664174,Low Risk,141.06638415863782,Monitor,0
14689,137,1,76,112.80000000000001,112.80000000000001,0,0.7043427125633084,Critical Risk,79.44985797714119,Standard Retention,1
14690,80,1,84,212.56,212.56,0,0.6626187481957693,Critical Risk,140.8462411164927,Standard Retention,0
14691,0,4,607,1769.0700000000002,442.26750000000004,141,0.38179162347054907,Moderate Risk,675.4161073330444,Monitor,0
14692,66,4,265,591.55,147.8875,185,0.4280893278358984,High Risk,253.2362418813257,Standard Retention,1
14693,193,1,34,172.9,172.9,0,0.7444003040857762,Critical Risk,128.7068125764307,Standard Retention,1
14696,0,6,1439,1778.41,296.4016666666667,301,0.24303946226724518,Low Risk,432.22381009069153,Monitor,1
14697,147,2,181,188.61,94.305,0,0.6629270260483424,Critical Risk,125.03466638297787,Standard Retention,1
14699,143,1,77,109.13000000000001,109.13000000000001,0,0.7086600125938163,Critical Risk,77.33606717436318,Standard Retention,1
14700,118,2,848,1541.1,770.55,48,0.6314338617210455,Critical Risk,973.1027242983032,Standard Retention,0
14701,101,7,666,1941.43,277.34714285714284,143,0.3055236253666664,Moderate Risk,593.1527319956072,Monitor,1
14702,7,10,699,1867.34,186.73399999999998,287,0.11908555806290616,Low Risk,222.3732259931872,Monitor,0
14704,10,3,169,372.82,124.27333333333333,98,0.4621825305832566,High Risk,172.31089105204973,Standard Retention,0
14705,127,1,100,179.0,179.0,0,0.6979950729650992,Critical Risk,124.94111806075276,Standard Retention,1
14708,83,2,410,701.1800000000001,350.59000000000003,214,0.5491862000071644,High Risk,385.0783797210236,Standard Retention,1
14709,0,10,2164,4264.04,426.404,287,0.10978350515640685,Low Risk,468.1212573271251,Monitor,0
14711,20,9,795,2355.63,261.7366666666667,171,0.1676213097459287,Low Risk,394.8537858768021,Monitor,0
14712,4,2,195,421.47,210.735,37,0.5329725759885198,High Risk,224.63195160188144,Standard Retention,0
14713,28,9,1236,2029.61,225.51222222222222,266,0.15710380168407762,Low Risk,318.85944693602073,Monitor,0
14715,23,3,297,594.75,198.25,236,0.4315180215205401,High Risk,256.6453432993412,Standard Retention,0
14716,77,1,319,181.72,181.72,0,0.659960688049684,Critical Risk,119.92805623238857,Standard Retention,0
14719,108,2,398,488.12,244.06,69,0.6130046900244485,Critical Risk,299.21984929473376,Standard Retention,0
14720,18,2,147,401.13,200.565,37,0.5450731446593808,High Risk,218.64519051721743,Standard Retention,1
14722,76,1,118,180.42,180.42,0,0.6589807601983669,Critical Risk,118.89330875498935,Standard Retention,1
14723,287,3,199,455.65,151.88333333333333,13,0.7162177110172312,Critical Risk,326.3446000250014,Standard Retention,0
14727,203,1,62,268.58,268.58,0,0.7523282302910239,Critical Risk,202.06031609156318,Standard Retention,1
14729,302,1,197,313.49,313.49,0,0.8119336104162153,Critical Risk,254.53306752937934,Standard Retention,1
14730,36,5,509,872.13,174.426,169,0.3531656562425068,Moderate Risk,308.0063637787774,Monitor,0
14731,134,2,182,251.01999999999998,125.50999999999999,6,0.6511884165997922,Critical Risk,163.46131633487983,Standard Retention,0
14732,17,6,1135,1927.19,321.1983333333333,251,0.2651205584055617,Low Risk,510.9376889536145,Monitor,0
14733,39,11,3645,9044.2,822.2,257,0.09195940515260756,Low Risk,831.6992520812133,High Value - Low Risk,0
14735,10,26,1592,4347.25,167.20192307692307,276,0.0035727408666745746,Low Risk,15.531597732651043,Monitor,0
14737,57,2,303,1081.75,540.875,224,0.5247473189521534,High Risk,567.6454122764919,Standard Retention,1
14738,62,5,351,757.6500000000001,151.53000000000003,182,0.3709414050407299,Moderate Risk,281.04375552910903,Monitor,0
14739,23,4,2678,2247.58,561.895,272,0.3634249240122977,Moderate Risk,816.82659071156,Monitor,0
14740,126,3,735,1448.21,482.7366666666667,86,0.5667662562026372,High Risk,820.7965598952212,Standard Retention,1
14741,42,4,558,864.96,216.24,259,0.3852433093135837,Moderate Risk,333.2200528238774,Monitor,0
14744,226,5,519,928.03,185.606,69,0.5458990706660907,High Risk,506.6107145502521,Standard Retention,0
14745,41,5,1038,1220.26,244.052,172,0.3552831299750283,Moderate Risk,433.53779218332807,Monitor,1
14747,178,1,84,328.2,328.2,0,0.7364489144434423,Critical Risk,241.70253372033775,Standard Retention,1
14748,52,4,1061,1118.77,279.6925,245,0.3973484920146747,Moderate Risk,444.5415724112576,Monitor,0
14753,16,1,211,563.15,563.15,0,0.61674458977251,Critical Risk,347.319715730389,Standard Retention,1
14754,224,1,173,228.27,228.27,0,0.7653748094717461,Critical Risk,174.71210775811548,Standard Retention,0
14755,2,8,1369,3171.98,396.4975,260,0.17225998409424426,Low Risk,546.4052243472609,Monitor,0
14757,4,1,160,420.5,420.5,0,0.6042413407304382,Critical Risk,254.08348377714927,Standard Retention,1
14758,73,4,419,1484.06,371.015,114,0.45283176169024353,High Risk,672.0295042540228,Standard Retention,1
14759,41,2,247,870.85,435.425,119,0.5419921756054772,High Risk,471.99388612602985,Standard Retention,1
14760,226,1,40,89.2,89.2,0,0.7647549182658212,Critical Risk,68.21613870931125,Standard Retention,1
14761,263,1,58,97.5,97.5,0,0.7874438847405465,Critical Risk,76.77577876220329,Standard Retention,0
14762,192,1,341,300.52,300.52,0,0.7456912646955074,Critical Risk,224.09513886629387,Standard Retention,1
14765,41,2,22,95.5,47.75,63,0.5559195438183789,High Risk,53.090316434655186,Standard Retention,0
14766,9,5,1199,2050.85,410.16999999999996,285,0.29687599050904356,Low Risk,608.848125135472,Monitor,1
14768,56,1,40,133.20000000000002,133.20000000000002,0,0.6421727591786542,Critical Risk,85.53741152259676,Standard Retention,0
14769,11,7,7038,10075.01,1439.287142857143,275,0.18501230267197774,Low Risk,1864.0007995432024,High Value - Low Risk,1
14770,161,2,490,876.4200000000001,438.21000000000004,90,0.6517108668804235,Critical Risk,571.1724379513407,Standard Retention,1
14772,41,1,82,139.26,139.26,0,0.6301123967643546,Critical Risk,87.74945237340401,Standard Retention,1
14775,66,2,802,701.46,350.73,234,0.52861525442078,High Risk,370.80245636600034,Standard Retention,0
14776,34,8,2230,1862.22,232.7775,207,0.2053936559851213,Low Risk,382.48817404861256,Monitor,0
14778,56,2,306,730.86,365.43,181,0.5357097474819186,High Risk,391.528826044635,Standard Retention,1
14779,209,3,84,386.15,128.71666666666667,43,0.6490224810005638,Critical Risk,250.6200310383677,Standard Retention,1
14780,8,1,210,332.8,332.8,0,0.6061412584016728,Critical Risk,201.7238107960767,Standard Retention,0
14782,248,1,114,200.10000000000002,200.10000000000002,0,0.7797920667418905,Critical Risk,156.03639255505232,Standard Retention,1
14784,252,1,56,114.68,114.68,0,0.7811128759904721,Critical Risk,89.57802461858735,Standard Retention,0
14790,48,2,384,364.04,182.02,134,0.5417660728585099,High Risk,197.22452116341194,Standard Retention,0
14794,132,4,311,679.54,169.885,130,0.502185915249896,High Risk,341.2554168489143,Standard Retention,0
14795,95,1,17,131.45000000000002,131.45000000000002,0,0.6729630246745091,Critical Risk,88.46098959346423,Standard Retention,1
14796,23,14,4850,6581.18,470.0842857142857,272,0.04911793146183012,Low Risk,323.2539481779672,High Value - Low Risk,0
14798,73,2,104,97.4,48.7,165,0.5528468587441725,High Risk,53.84728404168241,Standard Retention,0
14800,4,10,3333,3939.55,393.95500000000004,294,0.11172509976103043,Low Risk,440.14661676356747,Monitor,0
14803,91,3,370,845.5500000000001,281.85,130,0.5231490935387189,High Risk,442.34871604166375,Standard Retention,1
14805,242,1,29,109.25,109.25,0,0.7749609044255886,Critical Risk,84.66447880849556,Standard Retention,0
14806,4,1,330,193.39000000000001,193.39000000000001,0,0.6004930703408331,Critical Risk,116.12935487321373,Standard Retention,1
14808,3,7,1665,2184.41,312.0585714285714,97,0.24760775454000145,Low Risk,540.8768550947245,Monitor,0
14810,32,10,912,1866.78,186.678,265,0.131763024113065,Low Risk,245.97257815378748,Monitor,0
14813,298,2,66,152.88,76.44,0,0.769575880615016,Critical Risk,117.65276062842365,Standard Retention,1
14816,126,1,5,271.85,271.85,0,0.6985825488355842,Critical Risk,189.9096659009536,Standard Retention,1
14817,129,2,655,1110.34,555.17,76,0.6307550449414739,Critical Risk,700.3525566003161,Standard Retention,1
14818,2,3,324,657.8,219.26666666666665,179,0.4305473167128597,High Risk,283.2140249337191,Standard Retention,1
14819,121,1,48,84.72,84.72,0,0.6920520425993609,Critical Risk,58.630649049017855,Standard Retention,0
14820,4,2,145,242.19,121.095,97,0.5138847053440581,High Risk,124.45773678727743,Standard Retention,0
14821,295,1,20,48.800000000000004,48.800000000000004,0,0.805084088785772,Critical Risk,39.28810353274567,Standard Retention,1
14823,109,3,88,321.43,107.14333333333333,14,0.574264118335414,High Risk,184.58571555655215,Standard Retention,1
14824,2,2,349,755.51,377.755,18,0.5384171317269576,High Risk,406.7795271910337,Standard Retention,0
14825,18,8,612,1493.67,186.70875,279,0.1834027157498958,Low Risk,273.9431344341469,Monitor,0
14828,125,3,2172,2139.76,713.2533333333334,140,0.5502279637755395,High Risk,1177.3557877683486,Standard Retention,1
14829,113,3,364,531.63,177.21,187,0.5252758602048827,High Risk,279.2524055607218,Standard Retention,0
14834,0,3,376,851.2,283.73333333333335,168,0.4319990187290125,High Risk,367.71756474213544,Standard Retention,0
14837,18,4,1436,1649.5,412.375,111,0.4068102770748777,High Risk,671.0335520350108,Standard Retention,1
14840,196,1,31,62.85,62.85,0,0.7449014525063535,Critical Risk,46.81705629002432,Standard Retention,1
14841,108,4,1235,2375.57,593.8925,179,0.46135787374442067,High Risk,1095.9879241310334,Standard Retention,0
14842,24,3,711,1901.52,633.84,212,0.43875545256659804,High Risk,834.3022681644375,Standard Retention,0
14844,52,3,1301,2257.6800000000003,752.5600000000001,118,0.4920956298718094,High Risk,1110.9944616489868,Standard Retention,0
14847,77,1,120,309.40000000000003,309.40000000000003,0,0.6618450808791287,Critical Risk,204.77486802400244,Standard Retention,1
14849,24,17,4088,5784.53,340.2664705882353,278,0.02615282368236676,Low Risk,151.28179317536097,High Value - Low Risk,0
14850,240,1,293,325.75,325.75,0,0.7766126098406119,Critical Risk,252.9815576555793,Standard Retention,1
14851,185,1,139,206.13,206.13,0,0.7395513713516739,Critical Risk,152.44372417672054,Standard Retention,0
14852,25,5,1390,2188.42,437.684,156,0.34308975836506594,Moderate Risk,750.8244890012776,Monitor,0
14853,140,1,34,214.5,214.5,0,0.7080103692677158,Critical Risk,151.86822420792504,Standard Retention,0
14854,7,7,1820,2740.03,391.4328571428572,196,0.22575069591529848,Low Risk,618.5636793287954,Monitor,1
14855,48,2,267,645.65,322.825,15,0.5786691248917353,High Risk,373.61772048634884,Standard Retention,1
14857,77,1,188,522.52,522.52,0,0.6653146785520401,Critical Risk,347.64022583701194,Standard Retention,0
14859,9,2,463,927.12,463.56,123,0.5131682103148598,High Risk,475.76851114711286,Standard Retention,0
14862,77,1,430,304.1,304.1,0,0.662021264245556,Critical Risk,201.32066645707357,Standard Retention,0
14865,301,1,96,37.2,37.2,0,0.8082862733577719,Critical Risk,30.068249368909118,Standard Retention,1
14866,9,5,3024,6803.42,1360.684,285,0.2797465240704452,Low Risk,1903.2330967913483,High Value - Low Risk,0
14867,114,3,328,710.28,236.76,150,0.5372531338394919,High Risk,381.6001559035143,Standard Retention,1
14868,0,5,871,1634.77,326.954,161,0.3241085507694581,Moderate Risk,529.842935541387,Monitor,0
14869,32,1,354,387.06,387.06,0,0.6271188112684741,Critical Risk,242.7326070895756,Standard Retention,1
14870,190,1,119,327.25,327.25,0,0.7445621134446113,Critical Risk,243.65795162474905,Standard Retention,1
14871,107,3,109,335.3,111.76666666666667,182,0.5214993978759083,High Risk,174.85874810779205,Standard Retention,1
14873,139,1,168,519.68,519.68,0,0.7118981032399081,Critical Risk,369.9592062917154,Standard Retention,1
14875,36,2,558,1465.32,732.66,155,0.529142956428984,High Risk,775.3637569145188,Standard Retention,1
14878,11,7,691,1184.26,169.18,276,0.21734735017378767,Low Risk,257.3957729168098,Monitor,0
14880,6,3,365,690.59,230.1966666666667,211,0.42438017204416906,High Risk,293.0727030119827,Standard Retention,1
14883,2,4,592,571.99,142.9975,138,0.3880958057087845,Moderate Risk,221.98691990736765,Monitor,0
14885,60,1,724,765.3199999999999,765.3199999999999,0,0.6562833487079781,Critical Risk,502.2667724331898,Standard Retention,1
14886,181,1,160,364.8,364.8,0,0.7390514249570181,Critical Risk,269.6059598243202,Standard Retention,1
14887,8,1,1100,1862.0,1862.0,0,0.6327780884012154,Critical Risk,1178.2328006030632,Standard Retention,1
14888,136,1,184,369.2,369.2,0,0.7075154359832364,Critical Risk,261.2146989650109,Standard Retention,1
14889,265,1,90,135.9,135.9,0,0.7890964431478379,Critical Risk,107.23820662379117,Standard Retention,1
14890,182,1,51,125.65,125.65,0,0.736332734079047,Critical Risk,92.52020803703226,Standard Retention,1
14891,77,2,505,554.38,277.19,39,0.5961062775587048,High Risk,330.46939815299476,Standard Retention,1
14894,14,1,265,655.75,655.75,0,0.6167016319397118,Critical Risk,404.40209514446605,Standard Retention,1
14895,20,13,3418,7974.79,613.4453846153846,199,0.06242228431159077,Low Risk,497.8046087052309,High Value - Low Risk,0
14896,133,2,279,468.77000000000004,234.38500000000002,160,0.6071516076185364,Critical Risk,284.61445910334135,Standard Retention,1
14897,17,2,152,345.4,172.7,208,0.49163872372674533,High Risk,169.81201517521782,Standard Retention,0
14898,63,5,852,991.18,198.236,236,0.3558309984781099,Moderate Risk,352.69256907153294,Monitor,0
14901,2,7,522,1093.83,156.26142857142855,298,0.20781475053207757,Low Risk,227.3140085745024,Monitor,0
14903,53,4,1330,2398.62,599.655,154,0.42131526036286854,High Risk,1010.5752098115837,Standard Retention,0
14905,86,2,287,616.15,308.075,76,0.5928058768731927,High Risk,365.2573410354177,Standard Retention,1
14907,28,5,1307,2608.1800000000003,521.6360000000001,268,0.3132888057413622,Moderate Risk,817.1135973585061,Monitor,0
14908,3,1,132,277.8,277.8,0,0.6009236642278734,Critical Risk,166.93659392250322,Standard Retention,1
14911,1,132,50198,95246.67,721.5656818181818,301,5.884303619340292e-15,Low Risk,5.604603250111104e-10,High Value - Low Risk,0
14912,175,1,445,482.79,482.79,0,0.7368189249473193,Critical Risk,355.7288087753163,Standard Retention,0
14913,112,3,1362,917.15,305.71666666666664,175,0.5286346409260666,High Risk,484.837260925342,Standard Retention,0
14915,20,2,112,307.48,153.74,186,0.5008441964436363,High Risk,153.9995735224893,Standard Retention,1
14916,22,3,830,967.76,322.58666666666664,230,0.4325994089292072,High Risk,418.65240398532956,Standard Retention,0
14918,44,2,675,1610.15,805.075,38,0.5722512310084693,High Risk,921.410319608287,Standard Retention,1
14920,141,2,509,977.77,488.885,0,0.6611374344592316,Critical Risk,646.4403492912029,Standard Retention,1
14921,130,1,631,903.01,903.01,0,0.7114091589918329,Critical Risk,642.409584661215,Standard Retention,0
14924,174,1,64,310.05,310.05,0,0.7334430368928532,Critical Risk,227.40401358862914,Standard Retention,1
14930,37,3,1160,2362.96,787.6533333333333,165,0.464322317296642,High Risk,1097.1750628792731,Standard Retention,1
14931,3,3,279,847.65,282.55,166,0.4351040971029275,High Risk,368.8159879092965,Standard Retention,0
14932,294,1,80,363.53,363.53,0,0.8080927854641777,Critical Risk,293.7659702997925,Standard Retention,1
14934,10,2,1042,1890.94,945.47,200,0.49458298346042445,High Risk,935.2267467446551,Standard Retention,1
14935,226,1,935,1784.71,1784.71,0,0.7864918887383653,Critical Risk,1403.6599387502479,Standard Retention,1
14936,37,3,2352,5072.88,1690.96,167,0.4622053451582996,High Risk,2344.7122513466347,High Value - High Risk,0
14937,59,1,172,759.56,759.56,0,0.6549274215842014,Critical Risk,497.45667233849593,Standard Retention,0
14944,6,9,2465,4922.51,546.9455555555555,219,0.14441569070859253,Low Risk,710.8876816699538,Monitor,0
14947,1,2,179,290.82,145.41,58,0.5234186086949032,High Risk,152.22059978065175,Standard Retention,1
14948,0,5,569,834.27,166.85399999999998,147,0.3309958500855047,Moderate Risk,276.139907850834,Monitor,0
14951,8,1,311,311.69,311.69,0,0.6058705638364785,Critical Risk,188.843796042192,Standard Retention,1
14952,0,9,2951,6724.25,747.1388888888889,292,0.12560695632685404,Low Risk,844.6125760808483,High Value - Low Risk,0
14957,182,1,34,58.49,58.49,0,0.7353840041434312,Critical Risk,43.01261040234929,Standard Retention,1
14958,76,3,128,483.73,161.24333333333334,98,0.5199240273350363,High Risk,251.5028497427771,Standard Retention,1
14959,38,3,400,537.32,179.10666666666668,186,0.4598432601005781,High Risk,247.08298051724265,Standard Retention,0
14960,100,1,20,88.3,88.3,0,0.6761425525945285,Critical Risk,59.703387394096865,Standard Retention,1
14961,10,8,3251,5899.93,737.49125,279,0.1634331981877596,Low Risk,964.2444289839085,High Value - Low Risk,1
14962,199,1,44,126.7,126.7,0,0.7477731420709394,Critical Risk,94.74285710038802,Standard Retention,1
14963,112,1,167,294.2,294.2,0,0.6886001159322169,Critical Risk,202.5861541072582,Standard Retention,0
14964,176,1,143,206.21,206.21,0,0.7334188773655052,Critical Risk,151.23830670154084,Standard Retention,1
14965,25,2,363,596.09,298.045,0,0.5632922271871058,High Risk,335.77286370396195,Standard Retention,1
14970,66,3,165,1119.75,373.25,179,0.4857143035547801,High Risk,543.878591405465,Standard Retention,0
14972,57,1,28,114.77,114.77,0,0.6426658041510502,Critical Risk,73.75875434241603,Standard Retention,1
14973,36,3,369,1314.45,438.15000000000003,118,0.4780958086615472,High Risk,628.4330356951708,Standard Retention,1
14976,30,4,162,559.96,139.99,225,0.3857532429164745,Moderate Risk,216.00638590350908,Monitor,0
14978,1,5,523,1921.3700000000001,384.274,258,0.2979105863465342,Low Risk,572.3964632886405,Monitor,1
14981,175,1,97,102.12,102.12,0,0.731232736405191,Critical Risk,74.67348704169811,Standard Retention,1
14984,109,1,20,102.23,102.23,0,0.6832439656207254,Critical Risk,69.84803060540676,Standard Retention,0
14985,127,2,256,292.01,146.005,159,0.6017499193015846,Critical Risk,175.71699393525572,Standard Retention,1
14987,294,1,64,163.2,163.2,0,0.8058452299348409,Critical Risk,131.51394152536602,Standard Retention,0
14988,140,1,141,334.54,334.54,0,0.7098700933699578,Critical Risk,237.4799410359857,Standard Retention,1
14995,209,1,51,119.31,119.31,0,0.7542484867817125,Critical Risk,89.98938695792613,Standard Retention,0
14997,17,2,924,433.68,216.84,89,0.5291806515434097,High Risk,229.4950649613459,Standard Retention,0
14998,99,2,258,414.87,207.435,71,0.6045016224229172,Critical Risk,250.78958809459564,Standard Retention,1
15002,44,4,862,1641.76,410.44,251,0.38705085552085366,Moderate Risk,635.4446125599167,Monitor,1
15004,76,1,623,1220.77,1220.77,0,0.6759619353575576,Critical Risk,825.1940518264455,Standard Retention,1
15005,7,22,3231,4933.84,224.26545454545456,287,0.008335785889623009,Low Risk,41.127433853657585,Monitor,0
15007,88,1,69,156.91,156.91,0,0.6679760801869734,Critical Risk,104.81212674213799,Standard Retention,1
15012,302,1,84,188.56,188.56,0,0.8104961808125024,Critical Risk,152.82715985400546,Standard Retention,0
15014,105,1,68,117.72999999999999,117.72999999999999,0,0.6804757591836808,Critical Risk,80.11241112869473,Standard Retention,0
15016,101,1,76,170.04,170.04,0,0.6782383081164443,Critical Risk,115.32764191212017,Standard Retention,1
15018,181,2,94,291.34000000000003,145.67000000000002,114,0.6586090185714103,Critical Risk,191.8791514705947,Standard Retention,0
15019,195,1,150,252.81,252.81,0,0.7469028156227572,Critical Risk,188.82450081758924,Standard Retention,1
15021,15,6,630,1385.3600000000001,230.89333333333335,280,0.25889961304102443,Low Risk,358.6691679225136,Monitor,0
15023,45,8,2193,5027.97,628.49625,253,0.18877271901061457,Low Risk,949.1435680037998,High Value - Low Risk,0
15024,42,5,404,830.62,166.124,254,0.3344747479831183,Moderate Risk,277.82141516973775,Monitor,0
15026,9,3,285,469.0,156.33333333333334,197,0.43130432651536355,High Risk,202.2817291357055,Standard Retention,1
15027,97,3,523,966.97,322.3233333333333,70,0.5467371141694313,High Risk,528.678387288415,Standard Retention,0
15028,297,1,119,185.97,185.97,0,0.8077749299031296,Critical Risk,150.22190371408502,Standard Retention,0
15030,0,2,372,518.28,259.14,196,0.4812532315152058,High Risk,249.42392482970087,Standard Retention,1
15031,39,2,115,261.79,130.895,172,0.5216468202377934,High Risk,136.56192107005194,Standard Retention,0
15032,185,3,2968,4959.1,1653.0333333333335,110,0.6085553495532238,Critical Risk,3017.8868339693922,Standard Retention,1
15033,38,6,903,1608.95,268.15833333333336,220,0.28878189572102925,Low Risk,464.63563112035,Monitor,0
15034,161,5,1326,2640.38,528.076,121,0.46565230993884515,High Risk,1229.499046116328,Standard Retention,0
15035,18,1,245,252.73000000000002,252.73000000000002,0,0.613166815161704,Critical Risk,154.96564919581746,Standard Retention,1
15036,1,3,316,429.56,143.18666666666667,107,0.4516776752352606,High Risk,194.02266217405855,Standard Retention,1
15038,116,4,123,497.7,124.425,182,0.47263204546079646,High Risk,235.22896902583838,Standard Retention,0
15039,9,39,8573,18655.19,478.3382051282051,288,0.00011508191271233173,Low Risk,2.1468749472119635,High Value - Low Risk,0
15041,99,1,103,179.93,179.93,0,0.6768803392063181,Critical Risk,121.79107943339281,Standard Retention,1
15042,128,1,30,135.93,135.93,0,0.6980289261350368,Critical Risk,94.88307192953555,Standard Retention,1
15044,4,14,1622,5500.53,392.895,286,0.04639963791409848,Low Risk,255.2226003356361,High Value - Low Risk,0
15045,80,2,114,735.66,367.83,105,0.5793344929338802,High Risk,426.1932130717383,Standard Retention,1
15046,25,11,2536,3943.68,358.5163636363636,241,0.10307050576482796,Low Risk,406.4770921746367,Monitor,0
15047,198,1,222,343.62,343.62,0,0.7501638134571326,Critical Risk,257.7712895801399,Standard Retention,1
15048,45,3,170,321.48,107.16000000000001,251,0.44616136362278686,High Risk,143.43195517745352,Standard Retention,0
15049,202,1,63,121.17000000000002,121.17000000000002,0,0.7496949135281558,Critical Risk,90.84053267220665,Standard Retention,1
15050,0,2,917,1278.78,639.39,0,0.5446394078837192,High Risk,696.4739820135425,Standard Retention,0
15051,79,1,351,377.74,377.74,0,0.6647034752363986,Critical Risk,251.08509073579722,Standard Retention,0
15052,248,1,79,207.73000000000002,207.73000000000002,0,0.7798633977010977,Critical Risk,162.00102360444905,Standard Retention,1
15053,85,2,514,478.6,239.3,125,0.577057740365638,High Risk,276.1798345389943,Standard Retention,1
15057,204,2,668,1489.5,744.75,40,0.7003346649913825,Critical Risk,1043.1484835046642,Standard Retention,1
15058,10,8,721,1432.31,179.03875,230,0.18857094864696908,Low Risk,270.09205545654027,Monitor,0
15059,36,7,405,1008.6,144.0857142857143,227,0.2441963870859517,Low Risk,246.29647601489089,Monitor,0
15061,2,41,21064,40567.76,989.4575609756098,298,3.1695219628918256e-05,Low Risk,1.285804063053245,High Value - Low Risk,0
15062,0,4,763,987.86,246.965,288,0.34267884989750186,Moderate Risk,338.5187286597462,Monitor,1
15063,142,1,56,370.79999999999995,370.79999999999995,0,0.7117832438839352,Critical Risk,263.9292268321631,Standard Retention,1
15065,93,3,1181,2858.75,952.9166666666666,126,0.5249336761106778,High Risk,1500.6541465814,Standard Retention,0
15067,7,3,954,1744.76,581.5866666666667,204,0.426878829708751,High Risk,744.8011069226404,Standard Retention,1
15068,185,1,130,239.95999999999998,239.95999999999998,0,0.7400119472976354,Critical Risk,177.57326687354058,Standard Retention,0
15069,108,1,520,1109.53,1109.53,0,0.6983257185865206,Critical Risk,774.8133345433022,Standard Retention,1
15070,301,1,36,106.2,106.2,0,0.8090170861447179,Critical Risk,85.91761454856905,Standard Retention,1
15071,22,2,269,982.07,491.035,182,0.5065075386423734,High Risk,497.4258584745157,Standard Retention,1
15073,114,2,428,861.96,430.98,1,0.6388172898923505,Critical Risk,550.6349511956105,Standard Retention,1
15074,34,1,431,735.67,735.67,0,0.6346451126153968,Critical Risk,466.88936999776894,Standard Retention,1
15075,6,1,447,773.03,773.03,0,0.6121982091606937,Critical Risk,473.247581627491,Standard Retention,1
15076,101,1,571,880.85,880.85,0,0.6896608304974569,Critical Risk,607.4877425436849,Standard Retention,1
15078,3,24,3813,7580.150000000001,315.83958333333334,294,0.0047578755978072125,Low Risk,36.06541071271835,High Value - Low Risk,0
15079,141,4,389,895.61,223.9025,153,0.5023855883833603,High Risk,449.94155681202136,Standard Retention,1
15081,15,3,133,336.25,112.08333333333333,280,0.4115919143967853,High Risk,138.39778121591905,Standard Retention,0
15083,185,1,38,88.2,88.2,0,0.7378452783068392,Critical Risk,65.07795354666322,Standard Retention,1
15087,210,1,470,306.94,306.94,0,0.7576704489800059,Critical Risk,232.55936760992302,Standard Retention,1
15089,23,3,1189,2036.28,678.76,34,0.49251068726367864,High Risk,1002.8896622612835,Standard Retention,0
15090,237,1,208,381.32,381.32,0,0.7754177073710136,Critical Risk,295.6822801747149,Standard Retention,1
15092,144,2,135,457.81,228.905,68,0.6424983085177811,Critical Risk,294.1421506225254,Standard Retention,1
15093,45,5,3279,4027.1,805.42,255,0.3254891547673113,Moderate Risk,1310.7773751634393,Monitor,0
15095,32,4,1079,1370.6000000000001,342.65000000000003,99,0.42290172916395113,High Risk,579.6291099921115,Standard Retention,1
15098,111,3,121,39916.5,13305.5,0,0.5422710125046238,High Risk,21645.560870640817,High Value - High Risk,1
15099,13,1,343,410.48,410.48,0,0.6117703968608468,Critical Risk,251.1195125034404,Standard Retention,1
15100,262,3,80,876.0,292.0,40,0.6905550757257937,Critical Risk,604.9262463357952,Standard Retention,1
15101,288,1,34,102.28,102.28,0,0.8018144172828979,Critical Risk,82.0095785996948,Standard Retention,1
15103,15,1,148,291.68,291.68,0,0.6112409923905016,Critical Risk,178.2867726604615,Standard Retention,0
15104,125,2,635,993.54,496.77,85,0.6244612631537929,Critical Risk,620.4272433938194,Standard Retention,1
15105,15,3,690,1176.54,392.18,48,0.48156229776971304,High Risk,566.5773058179782,Standard Retention,0
15106,70,3,822,1032.83,344.27666666666664,128,0.5055771846663129,High Risk,522.1752836389079,Standard Retention,0
15107,240,6,169,319.5,53.25,61,0.5075491098953951,High Risk,162.16194061157876,Standard Retention,1
15108,70,4,499,1300.25,325.0625,85,0.4597312655571409,High Risk,597.7655780406725,Standard Retention,1
15109,174,1,131,484.95,484.95,0,0.7359374055301418,Critical Risk,356.8928448118422,Standard Retention,1
15110,55,2,121,376.55,188.275,191,0.5302825850181007,High Risk,199.6779073885658,Standard Retention,0
15111,301,1,106,288.5,288.5,0,0.8110695807605672,Critical Risk,233.99357404942364,Standard Retention,0
15114,0,9,2532,2252.28,250.25333333333336,230,0.14985726681193937,Low Risk,337.5205248951948,Monitor,0
15116,63,2,255,790.97,395.485,70,0.57557586347305,High Risk,455.26324073127836,Standard Retention,0
15117,49,2,1085,675.73,337.865,94,0.5566029221019156,High Risk,376.1132925519275,Standard Retention,0
15118,63,1,1440,244.8,244.8,0,0.6508272843547578,Critical Risk,159.3225192100447,Standard Retention,1
15119,174,1,88,266.4,266.4,0,0.732848206109884,Critical Risk,195.2307621076731,Standard Retention,1
15120,62,1,296,358.82,358.82,0,0.6509082604432137,Critical Risk,233.55890201223394,Standard Retention,1
15121,217,1,125,295.15,295.15,0,0.7617683132055612,Critical Risk,224.83591764262135,Standard Retention,0
15122,43,3,800,1633.78,544.5933333333334,183,0.4644387304229086,High Risk,758.7907089903397,Standard Retention,1
15123,135,1,509,1069.47,1069.47,0,0.7173358252353335,Critical Risk,767.169145014432,Standard Retention,1
15124,120,1,89,90.75,90.75,0,0.6914280111123735,Critical Risk,62.74709200844789,Standard Retention,0
15125,42,12,5909,10795.48,899.6233333333333,157,0.08059104878957513,Low Risk,870.0190553868824,High Value - Low Risk,0
15128,55,3,1007,1170.24,390.08,92,0.5034899999396554,High Risk,589.2041375293824,Standard Retention,0
15129,35,10,1621,2796.73,279.673,185,0.1415735049618609,Low Risk,395.94286853198525,Monitor,0
15130,98,1,197,330.11,330.11,0,0.6785429793901857,Critical Risk,223.9938229264942,Standard Retention,1
15132,34,3,633,842.23,280.74333333333334,156,0.46542727352180885,High Risk,391.9968125782731,Standard Retention,0
15133,56,3,680,982.42,327.4733333333333,174,0.4790920012086016,High Risk,470.6695638273544,Standard Retention,1
15134,1,5,539,897.5500000000001,179.51000000000002,168,0.3257952855225887,Moderate Risk,292.4175585207995,Monitor,0
15135,168,1,43,139.05,139.05,0,0.7268576694677192,Critical Risk,101.06955893948637,Standard Retention,1
15136,25,1,374,582.9,582.9,0,0.6246668120535501,Critical Risk,364.11828474601435,Standard Retention,0
15139,168,2,208,178.96,89.48,96,0.6530027904433073,Critical Risk,116.86137937773428,Standard Retention,1
15140,8,6,1464,2052.85,342.14166666666665,184,0.27477562349528506,Low Risk,564.0731386922959,Monitor,0
15143,154,1,150,259.45,259.45,0,0.7188145095560691,Critical Risk,186.4964245043221,Standard Retention,1
15144,0,12,2068,4005.64,333.80333333333334,240,0.07732288460803884,Low Risk,309.7276395013447,Monitor,0
15145,156,2,438,724.03,362.015,21,0.666236987040861,Critical Risk,482.37556572719456,Standard Retention,0
15146,93,2,1473,1327.16,663.58,126,0.5875718023001241,High Risk,779.8017931406328,Standard Retention,1
15147,169,1,366,623.5,623.5,0,0.7346246338285868,Critical Risk,458.03845919212387,Standard Retention,1
15149,62,1,128,520.8000000000001,520.8000000000001,0,0.6534002437674746,Critical Risk,340.29084695410086,Standard Retention,1
15150,2,7,3037,4360.29,622.8985714285715,195,0.2166102134493572,Low Risk,944.4833476010976,Monitor,0
15152,13,7,1413,2712.23,387.4614285714286,102,0.25033575592056834,Low Risk,678.9681472804431,Monitor,0
15154,4,1,89,254.28,254.28,0,0.6013227668781533,Critical Risk,152.90435316177684,Standard Retention,1
15157,83,2,1910,1505.37,752.685,203,0.55690411013646,High Risk,838.3467402761228,Standard Retention,1
15159,18,20,6011,9563.85,478.1925,271,0.011769486432966865,Low Risk,112.56160282193015,High Value - Low Risk,0
15160,286,1,84,158.16,158.16,0,0.8013642404977006,Critical Risk,126.74376827711633,Standard Retention,1
15163,121,1,48,155.0,155.0,0,0.693125275049965,Critical Risk,107.43441763274458,Standard Retention,0
15164,137,2,142,363.23,181.615,130,0.6187232663721722,Critical Risk,224.73885204436414,Standard Retention,0
15165,302,1,160,487.75,487.75,0,0.813813580770188,Critical Risk,396.93757402065916,Standard Retention,1
15167,249,1,65,158.8,158.8,0,0.7798550180894941,Critical Risk,123.84097687261168,Standard Retention,1
15171,260,1,290,1289.5,1289.5,0,0.7998592881512324,Critical Risk,1031.4185520710141,Standard Retention,1
15172,64,3,838,886.74,295.58,100,0.5090559760292018,High Risk,451.40029618413445,Standard Retention,0
15174,251,1,145,135.75,135.75,0,0.7808277288716059,Critical Risk,105.9973641943205,Standard Retention,1
15175,0,1,454,224.14,224.14,0,0.5977596458363744,High Risk,133.98184701776495,Standard Retention,1
15178,189,1,30,40.5,40.5,0,0.7398908761303709,Critical Risk,29.96558048328002,Standard Retention,1
15179,162,3,1294,1455.1200000000001,485.04,85,0.5983169757402339,High Risk,870.6229977391292,Standard Retention,0
15180,296,1,36,87.5,87.5,0,0.8060785275544519,Critical Risk,70.53187116101454,Standard Retention,1
15181,104,2,252,435.0,217.5,94,0.6020159463960874,Critical Risk,261.876936682298,Standard Retention,0
15182,83,2,253,622.85,311.425,114,0.5789256865365963,High Risk,360.58386385931897,Standard Retention,1
15184,119,1,73,235.23000000000002,235.23000000000002,0,0.6928746160548563,Critical Risk,162.98489593458388,Standard Retention,0
15186,97,1,162,229.26000000000002,229.26000000000002,0,0.676165516838551,Critical Risk,155.0177063904062,Standard Retention,0
15187,20,6,801,1883.88,313.98,120,0.2997578423328072,Low Risk,564.7078040139289,Monitor,0
15189,20,33,4627,12635.77,382.90212121212124,241,0.0006010264040074348,Low Risk,7.594431404965024,High Value - Low Risk,0
15192,48,3,918,1044.32,348.1066666666666,245,0.4505907339433478,High Risk,470.56091527171696,Standard Retention,1
15194,7,13,3956,5488.22,422.1707692307692,290,0.05826456628223483,Low Risk,319.76875796148687,High Value - Low Risk,0
15197,181,2,202,773.25,386.625,105,0.6627984550129279,Critical Risk,512.5089053387464,Standard Retention,1
15198,21,2,120,193.64,96.82,31,0.548712979902314,High Risk,106.25278142828408,Standard Retention,1
15199,23,3,305,967.75,322.5833333333333,213,0.438106613862012,High Risk,423.9776755649621,Standard Retention,0
15201,16,5,1210,1236.54,247.308,160,0.33879628855448946,Moderate Risk,418.9351626491684,Monitor,1
15203,8,5,1464,1517.72,303.544,231,0.31253123144159706,Moderate Risk,474.3349005835407,Monitor,0
15204,286,1,258,316.58,316.58,0,0.8032703131064765,Critical Risk,254.2993157232483,Standard Retention,1
15205,14,2,378,653.24,326.62,42,0.5412179810067212,High Risk,353.5452339128306,Standard Retention,1
15206,28,3,90,236.70000000000002,78.9,176,0.45417147903553223,High Risk,107.50238908771048,Standard Retention,1
15208,92,2,154,323.52,161.76,190,0.5626268511581559,High Risk,182.0210388866866,Standard Retention,0
15210,154,1,228,331.18,331.18,0,0.719912439113733,Critical Risk,238.42060158568611,Standard Retention,1
15211,294,1,117,383.07,383.07,0,0.8083316231909544,Critical Risk,309.6475948957589,Standard Retention,0
15212,170,1,36,101.8,101.8,0,0.7277162228462593,Critical Risk,74.08151148574919,Standard Retention,1
15213,247,2,272,328.35,164.175,11,0.7343181029453171,Critical Risk,241.11334910209487,Standard Retention,1
15214,4,3,740,956.75,318.9166666666667,167,0.4359884936660274,High Risk,417.1319913149717,Standard Retention,0
15215,25,1,92,300.04,300.04,0,0.6196479669930971,Critical Risk,185.91917601660887,Standard Retention,0
15216,16,1,28,96.6,96.6,0,0.6086404843953123,Critical Risk,58.79467079258716,Standard Retention,1
15218,3,9,2628,4645.91,516.2122222222222,244,0.1404383705558772,Low Risk,652.4640301492554,Monitor,0
15219,105,1,45,305.75,305.75,0,0.683382014464434,Critical Risk,208.9440509225007,Standard Retention,1
15220,44,5,1137,1284.05,256.81,165,0.3594841379314951,Moderate Risk,461.59560731093626,Monitor,0
15221,295,1,43,403.25,403.25,0,0.8090559825000673,Critical Risk,326.25182494315214,Standard Retention,1
15222,247,1,440,585.0,585.0,0,0.784109290177216,Critical Risk,458.7039347536713,Standard Retention,1
15223,154,2,213,755.75,377.875,23,0.6640424618994227,Critical Risk,501.8500905804887,Standard Retention,1
15224,287,2,152,322.08,161.04,4,0.7622807527097829,Critical Risk,245.51538483276687,Standard Retention,1
15225,163,1,226,409.40000000000003,409.40000000000003,0,0.7273562895724197,Critical Risk,297.77966495094864,Standard Retention,1
15226,239,1,71,154.41,154.41,0,0.7737127572979915,Critical Risk,119.46898685438286,Standard Retention,1
15227,144,3,589,876.82,292.27333333333337,101,0.5781473020593764,High Risk,506.9311173917024,Standard Retention,0
15228,58,3,1505,2224.03,741.3433333333334,165,0.48317324218801977,High Risk,1074.5917858234218,Standard Retention,0
15230,168,2,351,429.6,214.8,1,0.6798705795979822,Critical Risk,292.0724009952932,Standard Retention,1
15232,42,2,686,612.06,306.03,27,0.5701776281609628,High Risk,348.98291909219887,Standard Retention,1
15234,205,1,196,197.0,197.0,0,0.7527746662931807,Critical Risk,148.2966092597566,Standard Retention,1
15235,146,12,1324,2247.51,187.29250000000002,155,0.14086760618393881,Low Risk,316.6013535744644,Monitor,1
15236,227,1,269,321.05,321.05,0,0.7685128024057115,Critical Risk,246.7310352123537,Standard Retention,1
15237,7,3,983,1328.72,442.9066666666667,149,0.44389809206970543,High Risk,589.816272894859,Standard Retention,1
15238,24,2,577,772.78,386.39,88,0.5365497742369483,High Risk,414.63493453482886,Standard Retention,0
15239,7,1,373,461.79,461.79,0,0.6076567175914165,Critical Risk,280.6097956165402,Standard Retention,1
15240,13,4,989,1382.55,345.6375,227,0.36929464551005087,Moderate Risk,510.5683121499208,Monitor,0
15241,2,7,1604,1411.52,201.6457142857143,210,0.22545508701437372,Low Risk,318.2343644225288,Monitor,0
15243,3,1,185,316.68,316.68,0,0.6016400713453638,Critical Risk,190.5273777936498,Standard Retention,1
15244,177,1,240,297.94,297.94,0,0.735458576750525,Critical Risk,219.1225283570514,Standard Retention,0
15245,63,3,1784,2515.84,838.6133333333333,127,0.49919847844799925,High Risk,1255.9035000186145,Standard Retention,1
15246,167,2,247,514.15,257.075,120,0.646678365103553,Critical Risk,332.4896814179918,Standard Retention,1
15247,51,1,160,356.0,356.0,0,0.6419119478832129,Critical Risk,228.5206534464238,Standard Retention,1
15249,20,11,3071,5639.34,512.6672727272727,164,0.10547440079640864,Low Risk,594.8060073872191,High Value - Low Risk,0
15251,20,8,5704,9695.82,1211.9775,150,0.17731333670787397,Low Risk,1719.1981963189385,High Value - Low Risk,0
15252,112,1,99,300.55,300.55,0,0.688642863834003,Critical Risk,206.9716127253096,Standard Retention,0
15253,17,3,600,640.6,213.53333333333333,81,0.4736450843766599,High Risk,303.41704105168833,Standard Retention,0
15254,56,1,275,300.36,300.36,0,0.6451256959838888,Critical Risk,193.76995404572085,Standard Retention,1
15256,77,1,55,98.45,98.45,0,0.658395532321043,Critical Risk,64.81904015700668,Standard Retention,1
15257,212,1,46,317.15,317.15,0,0.7588000886959807,Critical Risk,240.65344812993027,Standard Retention,1
15258,97,2,142,623.16,311.58,48,0.6102000203299042,Critical Risk,380.2522446687831,Standard Retention,1
15260,29,7,885,1810.77,258.68142857142857,272,0.22648175818322816,Low Risk,410.10637326544406,Monitor,1
15261,64,1,270,254.82,254.82,0,0.6507877125597983,Critical Risk,165.8337249144878,Standard Retention,1
15262,252,1,73,178.95000000000002,178.95000000000002,0,0.7819109231520579,Critical Risk,139.92295969806077,Standard Retention,1
15263,35,1,89,156.51,156.51,0,0.6254819077613838,Critical Risk,97.89417338373417,Standard Retention,1
15265,80,2,612,1506.1200000000001,753.0600000000001,84,0.5888614713074792,High Risk,886.8960391656207,Standard Retention,1
15266,267,1,18,119.3,119.3,0,0.7900210992738224,Critical Risk,94.249517143367,Standard Retention,1
15267,84,2,704,1407.76,703.88,27,0.6087714558004502,Critical Risk,857.0041046176418,Standard Retention,0
15270,46,5,1017,1850.29,370.058,192,0.35093346453528973,Moderate Risk,649.3286800950012,Monitor,0
15271,23,10,786,1592.58,159.25799999999998,270,0.12837899694591035,Low Risk,204.45382295611788,Monitor,0
15272,15,1,182,298.96000000000004,298.96000000000004,0,0.6113954846057724,Critical Risk,182.78279407774176,Standard Retention,0
15279,283,1,189,290.51,290.51,0,0.8012604326869798,Critical Risk,232.77416829989448,Standard Retention,1
15280,101,1,154,113.12,113.12,0,0.6774109145640026,Critical Risk,76.62872265547998,Standard Retention,1
15281,65,8,1128,2191.78,273.9725,196,0.22378888585908252,Low Risk,490.49600424821995,Monitor,0
15288,84,4,721,2006.36,501.59,209,0.4321628550316117,High Risk,867.0742658212245,Standard Retention,0
15289,66,2,768,697.98,348.99,111,0.5659600554938697,High Risk,395.0287995336112,Standard Retention,0
15290,8,13,2255,4459.87,343.06692307692305,279,0.06075597719497327,Low Risk,270.96376001254544,Monitor,0
15291,23,12,1457,3685.02,307.085,278,0.08038796494571607,Low Risk,296.2312585842626,Monitor,0
15292,130,1,55,178.39,178.39,0,0.7001675116037277,Critical Risk,124.90288239498898,Standard Retention,1
15296,38,5,1275,2599.4900000000002,519.898,217,0.3346990248298521,Moderate Risk,870.0467680549523,Monitor,0
15298,21,7,2120,3358.2200000000003,479.7457142857143,273,0.2154428039697354,Low Risk,723.5043331472449,Monitor,0
15299,93,5,2578,3035.01,607.0020000000001,208,0.38081306195615316,Moderate Risk,1155.7714511675445,Monitor,0
15301,1,11,2301,4446.1900000000005,404.19909090909096,295,0.08860176582936605,Low Risk,393.94028521286907,Monitor,0
15303,219,1,248,574.02,574.02,0,0.7667214927053957,Critical Risk,440.11347124275125,Standard Retention,1
15304,14,7,86,582.5,83.21428571428571,282,0.22012257057190512,Low Risk,128.22139735813474,Monitor,0
15306,21,2,512,657.07,328.535,55,0.5435011038859642,High Risk,357.1182703303505,Standard Retention,0
15307,24,1,37,205.3,205.3,0,0.6171664835512095,Critical Risk,126.70427907306332,Standard Retention,1
15308,203,1,175,310.47,310.47,0,0.7529668076439242,Critical Risk,233.77360476920916,Standard Retention,1
15311,2,70,30679,48338.85,690.555,300,3.6695320068470763e-08,Low Risk,0.001773809572491798,High Value - Low Risk,0
15312,4,4,516,924.85,231.2125,279,0.3483346711696122,Moderate Risk,322.15732063121584,Monitor,1
15313,39,1,25,52.0,52.0,0,0.6269604258762115,Critical Risk,32.601942145562994,Standard Retention,1
15314,128,1,313,327.97,327.97,0,0.7011476900001534,Critical Risk,229.95540788935034,Standard Retention,1
15315,45,1,262,233.54,233.54,0,0.6351077682530563,Critical Risk,148.32306819781874,Standard Retention,0
15316,255,1,100,165.0,165.0,0,0.7835505479578347,Critical Risk,129.28584041304273,Standard Retention,1
15319,212,1,175,204.5,204.5,0,0.7574074954669148,Critical Risk,154.88983282298406,Standard Retention,1
15321,220,1,545,1159.47,1159.47,0,0.7749565603117897,Critical Risk,898.5388829847109,Standard Retention,0
15322,14,1,416,679.68,679.68,0,0.617241624451043,Critical Risk,419.5267873068849,Standard Retention,1
15325,32,1,231,161.74,161.74,0,0.6232232606891269,Critical Risk,100.8001301838594,Standard Retention,1
15326,262,1,386,311.71,311.71,0,0.789625918681681,Critical Risk,246.13429511226676,Standard Retention,1
15329,63,2,386,754.0,377.0,37,0.5854247655377182,High Risk,441.4102732154395,Standard Retention,0
15332,295,4,652,1661.06,415.265,3,0.6738178046230389,Critical Risk,1119.251802547145,Standard Retention,1
15333,137,1,344,1028.56,1028.56,0,0.7180391216499287,Critical Risk,738.5463189642506,Standard Retention,1
15334,85,3,273,350.82,116.94,16,0.5530684286586148,High Risk,194.02746614201524,Standard Retention,1
15339,247,1,159,257.9,257.9,0,0.779929709637755,Critical Risk,201.14387211557698,Standard Retention,0
15341,9,1,812,2020.52,2020.52,0,0.6359785415094993,Critical Risk,1285.0073626907736,Standard Retention,1
15342,58,1,283,406.09000000000003,406.09000000000003,0,0.6484702663428141,Critical Risk,263.3372904591534,Standard Retention,1
15343,16,1,84,364.5,364.5,0,0.6132577834145215,Critical Risk,223.5324620545931,Standard Retention,1
15344,3,1,91,308.69,308.69,0,0.6014178577254354,Critical Risk,185.65167850126466,Standard Retention,0
15346,261,1,144,252.42000000000002,252.42000000000002,0,0.7881808506482932,Critical Risk,198.95261032064218,Standard Retention,1
15347,295,1,130,201.60000000000002,201.60000000000002,0,0.806862708955849,Critical Risk,162.66352212549918,Standard Retention,1
15348,1,1,84,158.04,158.04,0,0.5971292816847981,High Risk,94.37031167746548,Standard Retention,1
15349,87,2,321,463.91,231.955,29,0.6069775110621832,Critical Risk,281.58293715685744,Standard Retention,1
15350,302,1,51,115.65,115.65,0,0.8096725266067891,Critical Risk,93.63862770207517,Standard Retention,1
15351,8,2,342,876.24,438.12,290,0.46082090795372044,High Risk,403.789712385368,Standard Retention,0
15353,183,2,341,770.12,385.06,113,0.6622804992838655,Critical Risk,510.03545810849045,Standard Retention,1
15356,0,9,1549,2567.9900000000002,285.33222222222224,296,0.13828311605701024,Low Risk,355.1096592032418,Monitor,0
15358,3,18,5868,6734.86,374.1588888888889,291,0.018741670946188976,Low Risk,126.22252998865028,High Value - Low Risk,0
15361,290,1,336,418.92,418.92,0,0.8066750129741515,Critical Risk,337.93229643513155,Standard Retention,1
15363,301,1,144,326.0,326.0,0,0.8115032803633765,Critical Risk,264.5500693984607,Standard Retention,1
15364,24,2,493,913.19,456.595,158,0.5155768760623279,High Risk,470.8196474513573,Standard Retention,1
15365,10,4,875,1945.15,486.2875,233,0.36329622201275497,Moderate Risk,706.6656462481103,Monitor,0
15366,4,2,621,602.51,301.255,282,0.45900959061214136,High Risk,276.5578684397213,Standard Retention,1
15367,174,2,750,1416.18,708.09,29,0.6805283203458333,Critical Risk,963.7505967073623,Standard Retention,0
15370,0,5,798,2039.25,407.85,261,0.29615626033046283,Low Risk,603.9366538788963,Monitor,0
15372,66,1,2924,2007.4,2007.4,0,0.6824877071812091,Critical Risk,1370.0258233955592,Standard Retention,1
15373,44,9,354,1686.9,187.43333333333334,255,0.16748326267358613,Low Risk,282.52751580407244,Monitor,0
15374,57,1,126,168.0,168.0,0,0.6436267487562787,Critical Risk,108.12929379105482,Standard Retention,1
15376,46,2,533,977.22,488.61,105,0.5512669378973634,High Risk,538.7090770520614,Standard Retention,0
15379,98,7,2305,3703.29,529.0414285714286,189,0.2835569899477635,Low Risk,1050.093765303653,Monitor,1
15380,15,3,272,1004.56,334.8533333333333,279,0.4113859931332588,High Risk,413.26191326194646,Standard Retention,0
15381,142,2,171,596.85,298.425,54,0.6453370784967257,Critical Risk,385.1694353007708,Standard Retention,1
15382,13,5,3305,4709.9,941.9799999999999,210,0.3102959319779281,Moderate Risk,1461.4628100228435,Monitor,0
15384,98,2,596,642.41,321.205,189,0.5696907236517333,High Risk,365.97501778111,Standard Retention,1
15386,115,1,446,394.14,394.14,0,0.6926083139910165,Critical Risk,272.98464087641923,Standard Retention,1
15388,199,1,88,140.54,140.54,0,0.7479915576133619,Critical Risk,105.12273350698187,Standard Retention,1
15389,101,1,400,500.0,500.0,0,0.683645026722469,Critical Risk,341.8225133612345,Standard Retention,1
15392,17,2,716,665.46,332.73,271,0.47406049830194824,High Risk,315.4682992000145,Standard Retention,0
15393,210,1,94,124.10000000000001,124.10000000000001,0,0.7549926571644663,Critical Risk,93.69458875411027,Standard Retention,0
15394,7,3,772,1854.14,618.0466666666667,280,0.40395873289066186,High Risk,748.9960450018918,Standard Retention,1
15395,254,1,17,107.45,107.45,0,0.7821985644190624,Critical Risk,84.04723574682826,Standard Retention,1
15396,41,1,122,288.18,288.18,0,0.6326334046989429,Critical Risk,182.31229456614136,Standard Retention,1
15397,218,1,20,94.0,94.0,0,0.7597098399416025,Critical Risk,71.41272495451064,Standard Retention,1
15398,7,1,375,634.85,634.85,0,0.6106138168207612,Critical Risk,387.64818160866025,Standard Retention,0
15399,8,1,139,305.17,305.17,0,0.6056041863855044,Critical Risk,184.81222955926438,Standard Retention,0
15400,21,5,390,716.2,143.24,186,0.33710901689056255,Moderate Risk,241.43747789702093,Monitor,1
15402,77,2,694,626.77,313.385,47,0.5941735312813873,High Risk,372.4101442012351,Standard Retention,1
15405,118,1,193,349.1,349.1,0,0.6939600533812885,Critical Risk,242.26145463540783,Standard Retention,1
15406,230,1,130,252.29,252.29,0,0.7694161801276351,Critical Risk,194.11600808440107,Standard Retention,0
15407,112,3,329,740.73,246.91,121,0.5443195774217899,High Risk,403.19384058364244,Standard Retention,0
15408,193,1,106,267.18,267.18,0,0.7457362232862638,Critical Risk,199.24580413762396,Standard Retention,1
15410,13,8,1200,3450.84,431.355,177,0.19193637419856083,Low Risk,662.3417175393616,Monitor,1
15411,53,2,155,382.21000000000004,191.10500000000002,58,0.5689873767125617,High Risk,217.47266525330824,Standard Retention,0
15412,100,1,108,190.53,190.53,0,0.677818452358498,Critical Risk,129.14474972786462,Standard Retention,1
15414,171,1,12,36.2,36.2,0,0.7274621034232536,Critical Risk,26.33412814392178,Standard Retention,0
15415,242,1,551,559.61,559.61,0,0.7808807066161662,Critical Risk,436.98865222947273,Standard Retention,1
15416,84,3,1698,3144.33,1048.11,127,0.516944742549577,High Risk,1625.4448623409114,Standard Retention,0
15417,14,1,284,508.8,508.8,0,0.6142241112687626,Critical Risk,312.5172278135464,Standard Retention,1
15421,144,3,379,739.36,246.45333333333335,94,0.5801792047760975,High Risk,428.96129684325547,Standard Retention,0
15422,252,2,38,97.7,48.85,0,0.7394993782919548,Critical Risk,72.24908925912398,Standard Retention,1
15424,183,2,554,383.34,191.67,0,0.691507292326114,Critical Risk,265.0824054402925,Standard Retention,1
15426,186,2,255,634.13,317.065,112,0.6643802508643826,Critical Risk,421.3034484806309,Standard Retention,0
15429,4,1,309,243.06,243.06,0,0.6013284647488361,Critical Risk,146.1588966418521,Standard Retention,0
15433,142,2,534,533.3,266.65,53,0.6457124699497107,Critical Risk,344.35846022418065,Standard Retention,1
15434,36,3,479,587.28,195.76,93,0.4865679736345877,High Risk,285.75163955612067,Standard Retention,0
15436,163,1,246,484.1,484.1,0,0.7284323977887078,Critical Risk,352.63412376951345,Standard Retention,0
15437,191,1,79,200.16,200.16,0,0.7434664713051669,Critical Risk,148.81224889644218,Standard Retention,1
15438,60,1,59,156.57999999999998,156.57999999999998,0,0.6457956446406397,Critical Risk,101.11868203783135,Standard Retention,1
15440,65,2,125,237.66,118.83,72,0.5745436666815847,High Risk,136.54604782354542,Standard Retention,0
15442,177,1,120,594.0,594.0,0,0.7394822317645108,Critical Risk,439.2524456681194,Standard Retention,1
15443,2,3,541,1054.34,351.44666666666666,246,0.410333617303746,High Risk,432.6311460680315,Standard Retention,0
15445,193,1,58,113.5,113.5,0,0.7436060670978225,Critical Risk,84.39928861560286,Standard Retention,1
15447,259,1,85,155.17000000000002,155.17000000000002,0,0.7857963650326109,Critical Risk,121.93202196211024,Standard Retention,1
15448,241,1,232,494.64,494.64,0,0.7792724202092689,Critical Risk,385.45930993231275,Standard Retention,1
15449,114,2,516,647.7,323.85,76,0.616634569526994,Critical Risk,399.3942106826341,Standard Retention,0
15452,0,2,220,403.08000000000004,201.54000000000002,192,0.4819043855052582,High Risk,194.2460197094595,Standard Retention,0
15453,21,4,357,701.2,175.3,95,0.4161990763391138,High Risk,291.8387923289866,Standard Retention,0
15454,291,1,86,179.1,179.1,0,0.8043833647090769,Critical Risk,144.06506061939567,Standard Retention,1
15456,212,3,633,434.59,144.86333333333332,75,0.6428796562925803,Critical Risk,279.3890698281924,Standard Retention,1
15457,191,1,132,237.07,237.07,0,0.7440090759356142,Critical Risk,176.38223163205603,Standard Retention,1
15460,283,1,107,214.26,214.26,0,0.8003387619405693,Critical Risk,171.48058313338638,Standard Retention,1
15462,23,3,172,234.6,78.2,92,0.47552681512988687,High Risk,111.55859082947146,Standard Retention,1
15464,267,1,348,1044.65,1044.65,0,0.8010174462560417,Critical Risk,836.782875231374,Standard Retention,1
15465,11,16,987,6419.08,401.1925,287,0.02979176125583222,Low Risk,191.2356988420875,High Value - Low Risk,0
15466,14,1,246,334.53,334.53,0,0.6112241369197965,Critical Risk,204.47281052377951,Standard Retention,1
15467,74,2,235,402.56,201.28,7,0.602216879281627,Critical Risk,242.4284269236118,Standard Retention,1
15469,49,1,128,304.3,304.3,0,0.6394128790994519,Critical Risk,194.57333910996323,Standard Retention,0
15472,42,1,251,371.56,371.56,0,0.634949658776956,Critical Risk,235.92189521516576,Standard Retention,1
15475,6,1,319,454.11,454.11,0,0.6066388135633584,Critical Risk,275.48075162725667,Standard Retention,1
15480,45,1,303,905.5,905.5,0,0.6462378883266306,Critical Risk,585.168407879764,Standard Retention,1
15482,94,4,675,1928.3,482.075,193,0.44586551829815213,High Risk,859.7624789343267,Standard Retention,0
15483,90,4,291,225.26,56.315,105,0.4744860063996283,High Risk,106.88271780158027,Standard Retention,1
15484,7,1,1476,1632.62,1632.62,0,0.6284572157944358,Critical Risk,1026.0318196503117,Standard Retention,0
15485,265,2,578,1268.13,634.065,37,0.7433071607717314,Critical Risk,942.6101097894558,Standard Retention,0
15488,21,1,73,91.32000000000001,91.32000000000001,0,0.6127671589910799,Critical Risk,55.95789695906542,Standard Retention,1
15489,140,1,220,348.26,348.26,0,0.7101339678650146,Critical Risk,247.31125564866997,Standard Retention,0
15491,24,6,1646,3100.09,516.6816666666667,140,0.29245496930933623,Low Risk,906.6367258061802,Monitor,1
15492,3,1,327,487.74,487.74,0,0.6047047549001235,Critical Risk,294.93869715498624,Standard Retention,0
15493,78,3,358,1286.95,428.98333333333335,120,0.5143710785850908,High Risk,661.9698595850826,Standard Retention,0
15494,50,1,1071,1119.88,1119.88,0,0.6543868277622936,Critical Risk,732.8347206744374,Standard Retention,0
15497,248,1,528,970.6,970.6,0,0.7893942275883832,Critical Risk,766.1860372972848,Standard Retention,0
15498,13,21,4853,10183.55,484.93095238095236,281,0.008909789299928124,Low Risk,90.73328482528304,High Value - Low Risk,0
15500,10,1,154,406.02000000000004,406.02000000000004,0,0.6090184727202264,Critical Risk,247.27368029386633,Standard Retention,0
15502,18,8,3875,6276.03,784.50375,279,0.1662007609449132,Low Risk,1043.0809617131035,High Value - Low Risk,0
15503,291,1,70,141.04,141.04,0,0.8039439694192807,Critical Risk,113.38825744689534,Standard Retention,1
15504,10,1,33,52.83,52.83,0,0.6028609855932581,Critical Risk,31.849145868891824,Standard Retention,1
15505,13,4,1598,2730.38,682.595,70,0.4113902892491088,High Risk,1123.2518179599817,Standard Retention,0
15506,67,1,144,208.77,208.77,0,0.6523230637618926,Critical Risk,136.18548602157034,Standard Retention,0
15507,100,1,160,475.86,475.86,0,0.6823137306938991,Critical Risk,324.68581188799885,Standard Retention,1
15508,118,6,440,1000.27,166.71166666666667,46,0.40262939238727574,High Risk,402.7381023232203,Standard Retention,1
15510,259,1,2,250.0,250.0,0,0.7868865793345557,Critical Risk,196.72164483363895,Standard Retention,1
15511,14,1,42,202.9,202.9,0,0.608795361232582,Critical Risk,123.5245787940909,Standard Retention,0
15512,84,2,68,121.0,60.5,203,0.5509231676941876,High Risk,66.6617032909967,Standard Retention,1
15513,23,17,4424,11352.14,667.7729411764706,278,0.02157157500489824,Low Risk,244.8835394761055,High Value - Low Risk,0
15514,154,6,1184,2501.94,416.99,138,0.3983370285854154,Moderate Risk,996.6153452989943,Monitor,0
15517,162,1,293,267.03,267.03,0,0.7246764064705128,Critical Risk,193.510340819821,Standard Retention,1
15518,53,7,1117,1603.86,229.12285714285713,208,0.25745186085342986,Low Risk,412.916741548382,Monitor,0
15521,23,7,1470,2326.78,332.3971428571429,160,0.24548482750584233,Low Risk,571.1891869440439,Monitor,0
15522,16,1,315,259.05,259.05,0,0.6116690934544541,Critical Risk,158.45287865937632,Standard Retention,0
15523,13,1,132,412.01000000000005,412.01000000000005,0,0.6116077195358915,Critical Risk,251.9884965259827,Standard Retention,1
15525,302,1,113,274.93,274.93,0,0.811462538886974,Critical Risk,223.09539581619575,Standard Retention,0
15527,18,6,617,1608.34,268.0566666666667,264,0.26373450360299133,Low Risk,424.1747515248351,Monitor,0
15528,183,1,123,229.33,229.33,0,0.7385054575758346,Critical Risk,169.36145658586616,Standard Retention,1
15529,16,9,2829,3198.47,355.3855555555555,278,0.14618522315618163,Low Risk,467.5690507083522,Monitor,0
15530,78,3,654,1163.69,387.8966666666667,97,0.5218178538950361,High Risk,607.2342183991146,Standard Retention,0
15532,60,3,371,1214.49,404.83,226,0.46617086753277626,High Risk,566.1598569098815,Standard Retention,0
15533,11,2,183,554.74,277.37,6,0.549012919246628,High Risk,304.5594268228744,Standard Retention,0
15535,102,4,135,502.9,125.725,154,0.46893423013575103,High Risk,235.8270243352692,Standard Retention,1
15537,92,1,29,110.92,110.92,0,0.6703237442632068,Critical Risk,74.3523097136749,Standard Retention,1
15541,43,1,49,85.13000000000001,85.13000000000001,0,0.6308160074052303,Critical Risk,53.70136671040726,Standard Retention,1
15543,217,1,86,127.86,127.86,0,0.7595571493427431,Critical Risk,97.11697711496313,Standard Retention,1
15544,48,7,2212,2772.37,396.05285714285714,252,0.23930360443010715,Low Risk,663.4381338138961,Monitor,0
15545,300,1,75,135.32999999999998,135.32999999999998,0,0.8088196724854737,Critical Risk,109.45756627745915,Standard Retention,0
15547,11,11,3117,3699.18,336.2890909090909,280,0.09528386554857106,Low Risk,352.4721697599631,Monitor,0
15549,6,3,694,1681.46,560.4866666666667,239,0.4153710417803892,High Risk,698.4297919120532,Standard Retention,1
15550,35,3,252,433.28,144.42666666666665,195,0.4544482479572089,High Risk,196.90333687489945,Standard Retention,1
15552,146,1,60,90.12,90.12,0,0.7105378395261528,Critical Risk,64.03367009809689,Standard Retention,1
15554,206,1,74,217.2,217.2,0,0.7536117008342883,Critical Risk,163.6844614212074,Standard Retention,1
15555,7,11,2964,3162.83,287.53,291,0.09431449943608632,Low Risk,298.30072825143685,Monitor,0
15561,78,3,95,449.66999999999996,149.89,65,0.5317772371999223,High Risk,239.12427025168904,Standard Retention,0
15562,280,1,39,134.55,134.55,0,0.7976868823227505,Critical Risk,107.3287700165261,Standard Retention,1
15563,129,2,742,735.62,367.81,158,0.6057556359840981,Critical Risk,445.60596094262223,Standard Retention,0
15568,2,1,169,228.31,228.31,0,0.599262108889181,High Risk,136.81753208048892,Standard Retention,0
15569,32,5,666,1375.71,275.142,228,0.33167633223973286,Moderate Risk,456.2904470255229,Monitor,1
15570,70,9,1135,2809.98,312.22,227,0.181296203706117,Low Risk,509.4387064901146,Monitor,0
15571,7,1,77,202.35,202.35,0,0.6029447241645685,Critical Risk,122.00586493470043,Standard Retention,0
15572,38,4,687,1552.79,388.1975,168,0.40651369264306164,High Risk,631.2303967992196,Standard Retention,0
15573,14,1,217,404.09,404.09,0,0.6123831212857529,Critical Risk,247.45789548035987,Standard Retention,0
15574,106,4,332,675.64,168.91,194,0.4598286417716121,High Risk,310.678623526572,Standard Retention,1
15577,80,3,89,258.88,86.29333333333334,154,0.5064448682244107,High Risk,131.10844748593544,Standard Retention,1
15578,91,1,52,127.1,127.1,0,0.6698227281523057,Critical Risk,85.13446874815806,Standard Retention,1
15579,242,1,55,195.35,195.35,0,0.776053074016425,Critical Risk,151.60196800910862,Standard Retention,0
15581,49,13,283,3675.77,282.7515384615385,245,0.07350899743735746,Low Risk,270.20216751031546,Monitor,1
15582,29,2,407,541.51,270.755,120,0.5301223978142877,High Risk,287.06657964041494,Standard Retention,0
15584,1,2,123,288.43,144.215,89,0.5138574831089893,High Risk,148.21191385312576,Standard Retention,0
15585,105,1,320,455.3,455.3,0,0.6859214710591695,Critical Risk,312.30004577323984,Standard Retention,1
15587,18,3,276,801.72,267.24,262,0.4192077123546964,High Risk,336.0872071490072,Standard Retention,0
15589,184,3,243,478.53,159.51,54,0.6256610910490047,Critical Risk,299.3976018996802,Standard Retention,1
15594,10,3,866,1506.43,502.1433333333334,153,0.44500868677698635,High Risk,670.3744360214556,Standard Retention,0
15596,29,5,561,1406.59,281.318,264,0.31944460150059006,Moderate Risk,449.32758202471496,Monitor,1
15599,133,1,361,448.83,448.83,0,0.706653383009393,Critical Risk,317.1672378961058,Standard Retention,0
15601,18,12,4131,5817.02,484.7516666666667,283,0.07450409303076691,Low Risk,433.3917992418318,High Value - Low Risk,0
15602,129,5,345,542.95,108.59,167,0.432830807089069,High Risk,235.00548670901003,Standard Retention,0
15603,7,1,96,48.480000000000004,48.480000000000004,0,0.6003168125841981,Critical Risk,29.103359074081926,Standard Retention,1
15605,18,4,318,894.78,223.695,283,0.3583726544190172,Moderate Risk,320.6646837210482,Monitor,0
15606,48,8,762,2439.38,304.9225,205,0.21037120047069405,Low Risk,513.1752990042016,Monitor,0
15607,265,1,202,104.76,104.76,0,0.7887947747364974,Critical Risk,82.63414060139547,Standard Retention,1
15608,49,1,230,285.68,285.68,0,0.6391934962431427,Critical Risk,182.60479800674102,Standard Retention,0
15609,113,1,148,298.48,298.48,0,0.689403405917834,Critical Risk,205.7731285983551,Standard Retention,1
15611,32,8,257,947.14,118.3925,230,0.20255162147166864,Low Risk,191.84474276067624,Monitor,0
15615,34,19,3837,7367.85,387.7815789473684,253,0.01700669558307207,Low Risk,125.30278205173755,High Value - Low Risk,0
15618,21,3,215,419.041,139.68033333333332,44,0.4883435204620155,High Risk,204.63595715792343,Standard Retention,0
15620,149,2,600,875.01,437.505,137,0.6288084669060651,Critical Risk,550.213696627476,Standard Retention,0
15622,15,8,1568,3327.61,415.95125,195,0.19034540668364952,Low Risk,633.395278734579,Monitor,0
15623,70,1,125,301.03000000000003,301.03000000000003,0,0.6561879566481165,Critical Risk,197.5322605897825,Standard Retention,1
15624,45,4,357,588.13,147.0325,139,0.4239508198194556,High Risk,249.3381956604164,Standard Retention,1
15625,32,4,1188,1534.26,383.565,131,0.41291549812115236,High Risk,633.5197321473593,Standard Retention,1
15626,3,2,766,675.8,337.9,254,0.46709067222809847,High Risk,315.6598762917489,Standard Retention,1
15628,27,5,1058,1625.4,325.08000000000004,268,0.31635987761167206,Moderate Risk,514.2113450700118,Monitor,0
15630,133,1,280,396.86,396.86,0,0.7058167592828414,Critical Risk,280.1104390889884,Standard Retention,0
15632,50,6,1304,2351.84,391.97333333333336,153,0.31166854487545026,Moderate Risk,732.9945505798789,Monitor,0
15636,18,2,284,724.76,362.38,192,0.49897424546557895,High Risk,361.63657414363297,Standard Retention,1
15639,63,1,323,425.32,425.32,0,0.6528110798550305,Critical Risk,277.6536084839416,Standard Retention,1
15640,7,12,5139,9361.0,780.0833333333334,293,0.06411044265009483,Low Risk,600.1378536475377,High Value - Low Risk,0
15641,34,4,1562,1887.2,471.8,253,0.3780216471134806,Moderate Risk,713.4024524325606,Monitor,1
15643,120,3,246,664.0,221.33333333333334,90,0.5606720847516655,High Risk,372.2862642751059,Standard Retention,1
15644,95,4,550,803.54,200.885,94,0.4805556088392503,High Risk,386.1456539266912,Standard Retention,1
15646,86,3,394,447.64000000000004,149.21333333333334,214,0.4934068535044522,High Risk,220.868643902733,Standard Retention,1
15648,133,2,218,639.5,319.75,62,0.6359854399366939,Critical Risk,406.71268883951575,Standard Retention,1
15649,265,2,192,816.0,408.0,31,0.7431399732638093,Critical Risk,606.4022181832684,Standard Retention,1
15651,189,1,238,227.32,227.32,0,0.7426111046322632,Critical Risk,168.81035630500608,Standard Retention,0
15652,20,1,208,337.74,337.74,0,0.6162421443167378,Critical Risk,208.12962182153504,Standard Retention,1
15653,21,2,1200,877.44,438.72,23,0.5546864155689154,High Risk,486.7040484767892,Standard Retention,1
15655,172,1,324,560.6700000000001,560.6700000000001,0,0.7357685004042778,Critical Risk,412.52332512166646,Standard Retention,1
15656,107,3,202,563.63,187.87666666666667,105,0.5448860102307969,High Risk,307.11410194638404,Standard Retention,0
15658,119,5,242,1024.1000000000001,204.82000000000002,182,0.4174149747096274,High Risk,427.4746756001295,Standard Retention,1
15660,14,7,872,1256.5,179.5,280,0.21810868267303146,Low Risk,274.053559778664,Monitor,0
15661,246,2,236,309.8,154.9,21,0.731145135583052,Critical Risk,226.50876300362953,Standard Retention,1
15663,35,1,106,138.14,138.14,0,0.6251882106976077,Critical Risk,86.36349942576751,Standard Retention,1
15665,97,2,1654,2222.21,1111.105,74,0.6096728465733379,Critical Risk,1354.821096383737,Standard Retention,1
15668,146,1,72,76.32000000000001,76.32000000000001,0,0.7103435202984749,Critical Risk,54.21341746917961,Standard Retention,1
15669,32,3,262,565.54,188.51333333333332,160,0.4623790192209176,High Risk,261.4938305301977,Standard Retention,0
15670,225,1,91,173.05,173.05,0,0.765239014868901,Critical Risk,132.42461152306333,Standard Retention,1
15671,23,5,1185,1972.89,394.57800000000003,176,0.33675129055707703,Moderate Risk,664.3732536271517,Monitor,0
15673,17,4,1451,2726.23,681.5575,238,0.3656594415747272,Moderate Risk,996.8717394042685,Monitor,1
15674,2,5,1275,2446.6,489.32,181,0.3172598839604113,Moderate Risk,776.2080320975423,Monitor,1
15675,10,3,527,323.69,107.89666666666666,198,0.4322275232429445,High Risk,139.9077269985087,Standard Retention,1
15676,212,1,555,897.8,897.8,0,0.766683100073005,Critical Risk,688.3280872455439,Standard Retention,0
15679,83,2,398,260.26,130.13,28,0.6032515090871857,Critical Risk,157.00223775503096,Standard Retention,0
15680,295,1,331,478.89,478.89,0,0.8100596281825964,Critical Risk,387.9294553403636,Standard Retention,0
15681,112,3,450,703.22,234.40666666666667,97,0.5517653968925044,High Risk,388.01246240274696,Standard Retention,0
15683,46,1,131,193.75,193.75,0,0.6351462677477291,Critical Risk,123.05958937612252,Standard Retention,1
15687,115,5,657,1679.45,335.89,143,0.4229988337685371,High Risk,710.4053913725696,Standard Retention,0
15689,48,2,84,254.1,127.05,241,0.5083325069482318,High Risk,129.16729001554572,Standard Retention,1
15690,29,1,204,111.0,111.0,0,0.619863963245162,Critical Risk,68.80489992021299,Standard Retention,1
15691,181,1,72,136.8,136.8,0,0.7358209208393458,Critical Risk,100.66030197082252,Standard Retention,1
15694,105,9,739,3305.7799999999997,367.3088888888889,196,0.2038363194780628,Low Risk,673.8380282041904,Monitor,0
15695,195,2,212,409.98,204.99,0,0.7002415002229564,Critical Risk,287.08501026140766,Standard Retention,1
15696,8,7,794,2008.9,286.9857142857143,246,0.21830937788071605,Low Risk,438.5617092245705,Monitor,0
15700,101,2,357,696.68,348.34,1,0.6275713542087435,Critical Risk,437.2164110501474,Standard Retention,1
15701,2,2,501,964.97,482.485,36,0.5338466652235302,High Risk,515.14601654075,Standard Retention,0
15703,193,1,66,211.5,211.5,0,0.7449496156714802,Critical Risk,157.55684371451807,Standard Retention,1
15704,69,4,1028,2293.62,573.405,75,0.45910981760704056,High Risk,1053.0234598598604,Standard Retention,1
15705,130,1,62,143.1,143.1,0,0.6996414094084948,Critical Risk,100.1186856863556,Standard Retention,1
15706,4,2,289,878.76,439.38,40,0.5338527049721179,High Risk,469.1284030212983,Standard Retention,0
15707,15,1,79,158.88,158.88,0,0.6089133463762451,Critical Risk,96.74415247225781,Standard Retention,0
15708,67,6,989,2589.34,431.5566666666667,231,0.3026000516281996,Moderate Risk,783.5344176829624,Monitor,0
15709,212,1,121,133.25,133.25,0,0.7564298086476052,Critical Risk,100.7942720022934,Standard Retention,1
15712,0,4,395,865.9100000000001,216.47750000000002,216,0.36290945696117005,Moderate Risk,314.2469278772468,Monitor,1
15713,72,2,150,356.7,178.35,222,0.5356308813157907,High Risk,191.05953536534255,Standard Retention,1
15714,6,1,66,132.48000000000002,132.48000000000002,0,0.6008921574579491,Critical Risk,79.60619302002911,Standard Retention,0
15716,74,4,738,1101.11,275.2775,223,0.4223321836807506,High Risk,465.03419077271127,Standard Retention,1
15717,163,1,70,150.3,150.3,0,0.7235379211280696,Critical Risk,108.74774954554887,Standard Retention,1
15719,28,11,2173,4061.9700000000003,369.27000000000004,238,0.10391877810172405,Low Risk,422.11495908586005,Monitor,0
15722,37,3,590,1413.45,471.15000000000003,181,0.45982572085789497,High Risk,649.9406651465916,Standard Retention,0
15723,293,1,73,190.70000000000002,190.70000000000002,0,0.8056093263104533,Critical Risk,153.62969852740346,Standard Retention,1
15724,130,2,73,218.25,109.125,83,0.6259297616515217,Critical Risk,136.60917048044462,Standard Retention,1
15727,36,6,2625,4589.39,764.8983333333334,251,0.2674017978041618,Low Risk,1227.211136824442,Monitor,0
15729,141,1,28,85.0,85.0,0,0.7068103945633042,Critical Risk,60.078883537880856,Standard Retention,1
15730,21,2,489,777.22,388.61,114,0.5259119493701823,High Risk,408.74928528949306,Standard Retention,0
15732,141,2,215,294.12,147.06,159,0.6134473892478342,Critical Risk,180.427146125573,Standard Retention,1
15733,211,1,62,162.3,162.3,0,0.7561253111743325,Critical Risk,122.71913800359417,Standard Retention,1
15734,43,2,346,1339.45,669.725,85,0.5558988610584171,High Risk,744.5987294446968,Standard Retention,1
15737,8,6,539,1064.51,177.41833333333332,163,0.2837975382455419,Low Risk,302.1053174377618,Monitor,0
15738,25,13,2357,3853.45,296.41923076923075,275,0.06579260590742352,Low Risk,253.52851723396114,Monitor,0
15743,42,2,119,434.05,217.025,71,0.5557074823457977,High Risk,241.2048327121935,Standard Retention,0
15744,6,1,120,34.8,34.8,0,0.599259619425511,High Risk,20.85423475600778,Standard Retention,1
15745,2,2,243,607.75,303.875,162,0.4936494465960469,High Risk,300.0154511687475,Standard Retention,0
15746,63,1,178,196.88,196.88,0,0.6489638740030121,Critical Risk,127.76800751371303,Standard Retention,1
15747,49,2,281,525.37,262.685,52,0.5679901887361668,High Risk,298.40500545631994,Standard Retention,0
15749,164,3,18028,44534.3,14844.766666666668,97,0.571039943756802,High Risk,25430.86416724855,High Value - High Risk,1
15750,1,5,1265,1615.47,323.094,294,0.2905229304883886,Low Risk,469.3310785160772,Monitor,0
15752,22,6,1657,2093.37,348.895,279,0.26150769134352847,Low Risk,547.4323558278022,Monitor,0
15753,233,1,144,79.2,79.2,0,0.7690927915274756,Critical Risk,60.912149088976065,Standard Retention,1
15754,2,2,146,303.42,151.71,172,0.4893485332543488,High Risk,148.47813196003452,Standard Retention,0
15755,3,5,1318,2076.7400000000002,415.34800000000007,220,0.3092652484415089,Moderate Risk,642.2635120484192,Monitor,1
15756,81,3,166,359.89,119.96333333333332,96,0.5250752945323602,High Risk,188.9693477492511,Standard Retention,0
15757,146,1,167,261.36,261.36,0,0.713139838499772,Critical Risk,186.38622819030041,Standard Retention,0
15759,147,3,60,253.04000000000002,84.34666666666668,139,0.5694245910021157,High Risk,144.08719850717537,Standard Retention,1
15762,6,1,147,315.31,315.31,0,0.6041057749769884,Critical Risk,190.4805919079942,Standard Retention,0
15763,6,1,187,522.49,522.49,0,0.607690049268057,Critical Risk,317.5119738420671,Standard Retention,0
15764,17,6,2050,3279.9700000000003,546.6616666666667,188,0.27496364713573895,Low Risk,901.8725136958097,Monitor,1
15768,44,3,244,621.83,207.27666666666667,110,0.48812206262531777,High Risk,303.5289422023014,Standard Retention,1
15769,16,20,22840,43116.72,2155.8360000000002,283,0.003692777546077482,Low Risk,159.2204554765099,High Value - Low Risk,0
15775,174,1,68,104.9,104.9,0,0.7305594358083918,Critical Risk,76.6356848163003,Standard Retention,1
15776,62,1,138,241.62,241.62,0,0.6488601956525789,Critical Risk,156.77760047357611,Standard Retention,1
15777,170,4,378,1047.1100000000001,261.77750000000003,120,0.5373987037515991,High Risk,562.7155566853371,Standard Retention,1
15780,112,3,220,475.28000000000003,158.42666666666668,174,0.5282973993544481,High Risk,251.0891879651821,Standard Retention,1
15781,66,2,66,211.3,105.65,168,0.5462351499987108,High Risk,115.4194871947276,Standard Retention,0
15782,18,1,644,1638.34,1638.34,0,0.6368060602569194,Critical Risk,1043.3048407613214,Standard Retention,0
15785,86,4,1011,1665.8300000000002,416.45750000000004,137,0.4571081900688192,High Risk,761.4645362623412,Standard Retention,0
15786,43,1,2286,3147.64,3147.64,0,0.682178266570738,Critical Risk,2147.2515989887174,Standard Retention,0
15789,287,1,438,351.3,351.3,0,0.8043240383650715,Critical Risk,282.5590346776496,Standard Retention,1
15791,133,1,558,1223.24,1223.24,0,0.7181839929791138,Critical Risk,878.5113875717713,Standard Retention,0
15793,197,1,192,306.64,306.64,0,0.7489852169279343,Critical Risk,229.66882691878178,Standard Retention,0
15795,78,1,581,610.01,610.01,0,0.6678191756084225,Critical Risk,407.3763753128938,Standard Retention,1
15796,1,6,641,1884.76,314.12666666666667,230,0.25906153824047456,Low Risk,488.26882481411684,Monitor,0
15797,42,4,873,2207.4,551.85,206,0.3967506971386113,Moderate Risk,875.7874888637706,Monitor,1
15799,4,3,955,884.14,294.7133333333333,258,0.4090079737195974,High Risk,361.62030988444485,Standard Retention,1
15800,36,2,332,696.89,348.445,139,0.5309496901105083,High Risk,370.0135295411121,Standard Retention,1
15801,38,1,70,137.22,137.22,0,0.6276076824071489,Critical Risk,86.12032617990897,Standard Retention,0
15802,71,1,1,451.42,451.42,0,0.6593019877560286,Critical Risk,297.6221033128264,Standard Retention,1
15804,7,8,1634,2950.3,368.7875,120,0.20210658438560977,Low Risk,596.2750559128646,Monitor,0
15805,35,11,2273,3548.5,322.59090909090907,258,0.10546891594795066,Low Risk,374.2564482413029,Monitor,0
15806,86,2,413,521.88,260.94,119,0.5797760998270718,High Risk,302.57355097775223,Standard Retention,0
15807,6,1,380,635.6,635.6,0,0.6097954135877844,Critical Risk,387.5859648763958,Standard Retention,0
15808,235,4,1305,3651.27,912.8175,63,0.6027536405184106,Critical Risk,2200.8162850156573,Standard Retention,1
15809,113,4,251,399.21000000000004,99.80250000000001,118,0.490059819971879,High Risk,195.6367807309738,Standard Retention,0
15810,7,4,861,1391.98,347.995,218,0.36681968891506045,Moderate Risk,510.60567057598587,Monitor,1
15811,34,5,760,1773.8,354.76,259,0.3232547290930648,Moderate Risk,573.3892384652784,Monitor,0
15812,36,5,922,1801.14,360.228,210,0.3381408118824252,Moderate Risk,609.0389419139113,Monitor,1
15813,136,2,603,1303.9099999999999,651.9549999999999,31,0.6497630926546168,Critical Risk,847.2325941432814,Standard Retention,1
15815,69,4,1514,1874.7,468.675,119,0.4475645616253414,High Risk,839.0492836790276,Standard Retention,0
15819,60,3,1139,1585.47,528.49,145,0.4913386718916259,High Risk,779.0027241240161,Standard Retention,0
15820,248,1,128,206.98,206.98,0,0.7798858418135117,Critical Risk,161.42077153856064,Standard Retention,1
15822,288,1,160,440.2,440.2,0,0.8057120269484567,Critical Risk,354.67443426271063,Standard Retention,1
15823,301,1,1,15.0,15.0,0,0.8079839126867467,Critical Risk,12.1197586903012,Standard Retention,1
15825,101,1,220,532.94,532.94,0,0.6840092772866142,Critical Risk,364.5359042371282,Standard Retention,1
15826,139,1,488,720.0,720.0,0,0.7150815338282139,Critical Risk,514.858704356314,Standard Retention,0
15827,2,14,882,1836.09,131.1492857142857,299,0.05090234511621858,Low Risk,93.46128684443777,Monitor,1
15829,28,2,996,636.14,318.07,41,0.5542191079959915,High Risk,352.56094336057004,Standard Retention,1
15831,53,2,687,451.11,225.555,199,0.5268947467763083,High Risk,237.68748921826045,Standard Retention,0
15832,183,1,465,836.79,836.79,0,0.7470750354760153,Critical Risk,625.1449189359748,Standard Retention,1
15834,94,3,677,1783.22,594.4066666666666,111,0.5309681799449744,High Risk,946.8330778414772,Standard Retention,0
15835,66,3,333,675.51,225.17,193,0.48201242794006915,High Risk,325.6042151977961,Standard Retention,0
15838,6,13,9766,17340.62,1333.893846153846,289,0.04093485185005149,Low Risk,709.8357106880399,High Value - Low Risk,0
15839,9,2,540,790.36,395.18,67,0.5298796790787027,High Risk,418.79570315664347,Standard Retention,0
15840,101,1,256,241.74,241.74,0,0.6795072062487537,Critical Risk,164.26407203857372,Standard Retention,0
15841,1,4,942,1224.06,306.015,266,0.349022491499687,Moderate Risk,427.2244709451069,Monitor,1
15843,232,1,27,118.95,118.95,0,0.768896859063536,Critical Risk,91.46028138560762,Standard Retention,1
15845,15,6,1661,3070.0,511.6666666666667,250,0.25934181375328036,Low Risk,796.1793682225707,Monitor,0
15847,217,1,348,180.68,180.68,0,0.7604281580825497,Critical Risk,137.39415960235507,Standard Retention,0
15850,97,1,239,116.16,116.16,0,0.6744504008667697,Critical Risk,78.34415856468397,Standard Retention,0
15852,115,2,48,160.71,80.355,10,0.6343078156380261,Critical Risk,101.93960905118718,Standard Retention,1
15854,15,10,819,2839.94,283.994,275,0.12053688696741012,Low Risk,342.3175267742267,Monitor,1
15855,65,5,470,712.24,142.448,126,0.3899341179371539,Moderate Risk,277.7266761595585,Monitor,1
15856,24,17,7441,11247.93,661.6429411764706,270,0.02217802762467291,Low Risk,249.45690226038718,High Value - Low Risk,0
15858,6,3,902,970.12,323.37333333333333,289,0.40140184679947105,High Risk,389.40795961710285,Standard Retention,0
15860,4,7,382,863.15,123.30714285714285,293,0.21087993429459287,Low Risk,182.02101528637783,Monitor,0
15861,63,3,870,1123.76,374.58666666666664,132,0.49815821262349863,High Risk,559.8102730177828,Standard Retention,0
15862,41,3,499,659.73,219.91,261,0.439646041367884,High Risk,290.0476828716341,Standard Retention,1
15863,121,1,2,9.2,9.2,0,0.6908594758699996,Critical Risk,6.355907178003996,Standard Retention,0
15864,27,3,558,957.86,319.2866666666667,217,0.44060305847912173,High Risk,422.0360455948115,Standard Retention,0
15865,17,2,312,603.85,301.925,124,0.5185272921847622,High Risk,313.11270538576866,Standard Retention,0
15866,30,1,124,211.89,211.89,0,0.6223228429786506,Critical Risk,131.86398719874626,Standard Retention,1
15867,42,12,1485,2947.41,245.61749999999998,256,0.08952602925315382,Low Risk,263.8699138810381,Monitor,0
15869,206,2,175,149.64,74.82,0,0.7074534210445512,Critical Risk,105.86332992510664,Standard Retention,1
15874,106,6,1065,2207.75,367.9583333333333,106,0.36923414165389407,Moderate Risk,815.1766762363847,Monitor,0
15880,298,1,202,329.03,329.03,0,0.8099527836667476,Critical Risk,266.4987644098699,Standard Retention,1
15881,241,5,260,501.39,100.27799999999999,52,0.5658208411411498,High Risk,283.6969115397611,Standard Retention,1
15882,127,4,276,516.36,129.09,169,0.4863410193206518,High Risk,251.12704873641178,Standard Retention,1
15885,21,3,111,379.35,126.45,216,0.43585555693927197,High Risk,165.34180552491284,Standard Retention,1
15888,9,1,76,168.31,168.31,0,0.6040410308056278,Critical Risk,101.66614589489521,Standard Retention,1
15889,85,2,206,420.07,210.035,212,0.5502984598456747,High Risk,231.16387402737257,Standard Retention,1
15891,155,1,418,511.68,511.68,0,0.7233625024500785,Critical Risk,370.13012525365616,Standard Retention,1
15894,182,2,164,258.25,129.125,115,0.6590704215537418,Critical Risk,170.20493636625383,Standard Retention,1
15895,78,1,94,179.17,179.17,0,0.6605177160317103,Critical Risk,118.34495918140152,Standard Retention,1
15897,123,2,223,208.59,104.295,0,0.6439390628887643,Critical Risk,134.31924912796737,Standard Retention,1
15898,155,4,421,997.94,249.485,141,0.5180458378829261,High Risk,516.9786634568874,Standard Retention,1
15899,297,1,39,56.25,56.25,0,0.8062790489716889,Critical Risk,45.353196504657504,Standard Retention,1
15901,6,2,327,229.2,114.6,77,0.521891007412867,High Risk,119.6174188990291,Standard Retention,0
15903,6,3,1012,951.96,317.32,218,0.4226288567506987,High Risk,402.3257664723952,Standard Retention,0
15906,73,4,242,797.71,199.4275,110,0.45615457630783174,High Risk,363.87906706652046,Standard Retention,0
15907,105,2,237,477.59000000000003,238.79500000000002,33,0.6207764127276508,Critical Risk,296.47660695459876,Standard Retention,1
15909,102,1,98,191.94,191.94,0,0.6793648697324148,Critical Risk,130.3972930964397,Standard Retention,1
15910,28,5,510,663.36,132.672,217,0.3344323081642163,Moderate Risk,221.84901594381455,Monitor,0
15912,107,2,185,264.62,132.31,54,0.6155498106718004,Critical Risk,162.88679089997183,Standard Retention,1
15916,6,6,419,965.85,160.975,289,0.25244870431888194,Low Risk,243.82758106639213,Monitor,0
15917,176,1,42,123.1,123.1,0,0.732177204419141,Critical Risk,90.13101386399626,Standard Retention,1
15918,119,2,153,334.23,167.115,80,0.6181898469729339,Critical Risk,206.6175925537637,Standard Retention,1
15919,297,1,175,214.07999999999998,214.07999999999998,0,0.8081205000735505,Critical Risk,173.00243665574567,Standard Retention,0
15920,83,4,99,167.5,41.875,0,0.5005488727371438,High Risk,83.84193618347157,Standard Retention,1
15921,101,1,162,323.03000000000003,323.03000000000003,0,0.6806986835645249,Critical Risk,219.8860957518485,Standard Retention,1
15922,302,1,138,369.5,369.5,0,0.8125124253632353,Critical Risk,300.22334117171545,Standard Retention,1
15923,301,1,122,127.08,127.08,0,0.8092983618473188,Critical Risk,102.84563582355727,Standard Retention,1
15925,123,1,93,207.15,207.15,0,0.695446609249328,Critical Risk,144.0617651059983,Standard Retention,1
15932,17,7,1931,2195.65,313.6642857142857,200,0.23362747104090048,Low Risk,512.9641567909532,Monitor,1
15933,0,2,616,728.27,364.135,15,0.5377341844630538,High Risk,391.6156745189082,Standard Retention,0
15935,168,2,115,416.86,208.43,2,0.6793681496228636,Critical Risk,283.20140685178694,Standard Retention,1
15938,41,5,240,404.58000000000004,80.91600000000001,211,0.3472242594581934,Moderate Risk,140.4799908915959,Monitor,1
15939,18,15,4728,6115.01,407.6673333333334,241,0.04098309700982979,Low Risk,250.61204804607928,High Value - Low Risk,1
15940,240,1,4,35.8,35.8,0,0.7727929330396146,Critical Risk,27.665987002818202,Standard Retention,1
15942,62,1,232,337.44,337.44,0,0.6505049407980474,Critical Risk,219.50638722289312,Standard Retention,1
15944,205,1,50,325.1,325.1,0,0.7543787409419085,Critical Risk,245.24852868021446,Standard Retention,1
15945,294,1,52,181.0,181.0,0,0.8060378367357455,Critical Risk,145.89284844916992,Standard Retention,1
15947,11,1,898,1708.24,1708.24,0,0.6324878321411606,Critical Risk,1080.4410143768162,Standard Retention,1
15949,0,1,168,237.04000000000002,237.04000000000002,0,0.597723139976386,High Risk,141.68429310000255,Standard Retention,0
15950,7,3,558,1326.42,442.14000000000004,280,0.40425929273515543,High Risk,536.2176110697649,Standard Retention,0
15951,214,1,174,375.17,375.17,0,0.7609295565200834,Critical Risk,285.4779417196397,Standard Retention,1
15952,88,2,140,309.20000000000005,154.60000000000002,66,0.5962146012403,High Risk,184.3495547035008,Standard Retention,0
15953,140,4,450,824.04,206.01,157,0.5005759674880771,High Risk,412.49462024887504,Standard Retention,0
15955,0,10,1495,2965.9900000000002,296.59900000000005,301,0.11172387844968286,Low Risk,331.3719062429749,Monitor,0
15958,3,1,33,104.35,104.35,0,0.5978468811665764,High Risk,62.38532204973224,Standard Retention,1
15965,296,1,74,156.19,156.19,0,0.8068697976492155,Critical Risk,126.02499369483097,Standard Retention,0
15967,247,1,60,161.9,161.9,0,0.7786813554224243,Critical Risk,126.06851144289051,Standard Retention,0
15969,114,1,44,308.7,308.7,0,0.6902282066966238,Critical Risk,213.07344740724776,Standard Retention,0
15970,232,1,116,314.09999999999997,314.09999999999997,0,0.7714337905335095,Critical Risk,242.3073536065753,Standard Retention,1
15971,17,8,1022,2326.75,290.84375,222,0.1902490485105213,Low Risk,442.66197362185545,Monitor,0
15973,295,1,106,307.82000000000005,307.82000000000005,0,0.808033156444527,Critical Risk,248.72876621675434,Standard Retention,1
15974,24,6,1864,2895.01,482.5016666666667,193,0.2802844017441417,Low Risk,811.4261458933078,Monitor,0
15975,13,1,243,371.01,371.01,0,0.6110083048113493,Critical Risk,226.69019116805867,Standard Retention,1
15976,94,2,275,427.64,213.82,54,0.6053514870420997,Critical Risk,258.87250991868353,Standard Retention,1
15978,6,1,888,1098.78,1098.78,0,0.6181224976460618,Critical Risk,679.1806379635398,Standard Retention,1
15980,17,3,1560,2398.86,799.62,165,0.4472335022920514,High Risk,1072.8505593083105,Standard Retention,1
15981,6,7,1530,2849.88,407.1257142857143,233,0.21665176013996784,Low Risk,617.4315181876916,Monitor,0
15983,289,3,694,1138.37,379.45666666666665,13,0.7174829723646373,Critical Risk,816.7610912507321,Standard Retention,0
15984,0,8,1089,2050.71,256.33875,297,0.16905601197388787,Low Risk,346.6848543149716,Monitor,1
15985,52,2,1086,1142.42,571.21,113,0.5551778425826435,High Risk,634.2462709232636,Standard Retention,1
15987,49,6,1365,1193.63,198.93833333333336,248,0.29197276245339937,Low Risk,348.50744844725114,Monitor,0
15990,216,1,171,401.37,401.37,0,0.7625438786355645,Critical Risk,306.0622365679565,Standard Retention,0
15996,17,6,380,1032.58,172.09666666666666,277,0.2623314568112485,Low Risk,270.8782156741589,Monitor,1
15998,16,4,1650,2503.96,625.99,275,0.3552368033913984,Moderate Risk,889.4987462199259,Monitor,0
16003,63,3,595,1793.9,597.9666666666667,224,0.4690545751727991,High Risk,841.4370024024843,Standard Retention,0
16005,111,2,117,275.41,137.705,88,0.6089561371235475,Critical Risk,167.71260972519622,Standard Retention,0
16006,140,1,84,101.4,101.4,0,0.7063695865573167,Critical Risk,71.62587607691192,Standard Retention,1
16007,109,2,581,727.67,363.835,34,0.6249754167853876,Critical Risk,454.77586153222296,Standard Retention,0
16008,4,2,198,330.71,165.355,129,0.5044503682593385,High Risk,166.82678128704583,Standard Retention,0
16009,88,1,196,441.59000000000003,441.59000000000003,0,0.6725942760960311,Critical Risk,297.0109063812464,Standard Retention,0
16010,174,3,202,392.4,130.79999999999998,116,0.5993097703078258,High Risk,235.16915386879086,Standard Retention,1
16011,0,13,1585,2457.54,189.04153846153847,294,0.06173251861089236,Low Risk,151.7101337870124,Monitor,0
16012,57,2,551,1132.12,566.06,26,0.5851139972583042,High Risk,662.4192585760712,Standard Retention,0
16013,27,35,8878,23409.34,668.8382857142857,272,0.00025487290251065086,Low Risk,5.96640643165868,High Value - Low Risk,0
16014,81,2,222,514.38,257.19,138,0.5695788842679119,High Risk,292.97998648972856,Standard Retention,0
16016,8,5,344,899.99,179.998,287,0.29953300417749995,Low Risk,269.57670842970816,Monitor,0
16018,109,1,44,161.9,161.9,0,0.684189008954673,Critical Risk,110.77020054976157,Standard Retention,0
16019,65,7,1193,2952.25,421.75,228,0.2543134295908931,Low Risk,750.7968225097142,Monitor,0
16022,189,1,255,602.63,602.63,0,0.7477347634250552,Critical Risk,450.607400482841,Standard Retention,1
16023,121,2,227,500.69,250.345,74,0.6222340219684483,Critical Risk,311.5463524593824,Standard Retention,0
16027,20,6,1147,934.62,155.77,210,0.281712616199407,Low Risk,263.2942453522898,Monitor,1
16029,9,54,26158,55385.74,1025.661851851852,293,1.0067256185188075e-06,Low Risk,0.05575824335862185,High Value - Low Risk,0
16030,238,1,283,331.24,331.24,0,0.7754532099626928,Critical Risk,256.8611212680424,Standard Retention,1
16031,21,2,421,547.9,273.95,154,0.5127329023712021,High Risk,280.9263572091816,Standard Retention,1
16033,11,17,2570,6819.06,401.12117647058824,287,0.02375376861025591,Low Risk,161.97837337945168,High Value - Low Risk,0
16034,125,3,242,437.70000000000005,145.9,136,0.5512836238318137,High Risk,241.2968421511849,Standard Retention,1
16036,16,2,716,758.9200000000001,379.46000000000004,176,0.5026624016585108,High Risk,381.4805498666771,Standard Retention,1
16037,198,3,428,855.02,285.00666666666666,88,0.6272252640203693,Critical Risk,536.2901452426961,Standard Retention,1
16038,106,2,229,393.33,196.665,24,0.6238943031103837,Critical Risk,245.39634624240722,Standard Retention,1
16040,77,2,509,876.1800000000001,438.09000000000003,120,0.5731430917504075,High Risk,502.17651412987203,Standard Retention,0
16041,70,2,1044,2739.8,1369.9,0,0.6100167299762647,Critical Risk,1671.32383678897,Standard Retention,0
16042,36,2,260,440.48,220.24,224,0.5038750330260414,High Risk,221.94687454731073,Standard Retention,0
16043,140,3,342,676.49,225.49666666666667,106,0.5731784388818923,High Risk,387.74948211921134,Standard Retention,0
16045,48,4,897,1340.7,335.175,170,0.41530029627276943,High Risk,556.793107212902,Standard Retention,1
16048,302,2,144,256.44,128.22,0,0.7723836569250188,Critical Risk,198.0700649818518,Standard Retention,1
16049,4,1,316,484.11,484.11,0,0.6054721882926172,Critical Risk,293.1151410743389,Standard Retention,0
16050,102,1,278,137.9,137.9,0,0.6786678314077436,Critical Risk,93.58829395112784,Standard Retention,1
16053,51,1,1003,1124.19,1124.19,0,0.6551929849769167,Critical Risk,736.5614017812001,Standard Retention,0
16054,74,1,380,783.9,783.9,0,0.6673002376299231,Critical Risk,523.0966562780967,Standard Retention,1
16055,149,1,22,134.8,134.8,0,0.713327324248583,Critical Risk,96.156523308709,Standard Retention,1
16057,25,6,620,1544.23,257.37166666666667,188,0.28755424179909683,Low Risk,444.04988681341933,Monitor,0
16059,0,5,601,1347.8600000000001,269.572,296,0.2898267023029847,Low Risk,390.645818966101,Monitor,0
16062,62,3,650,778.14,259.38,231,0.4670764325434739,High Risk,363.4508552193788,Standard Retention,1
16063,189,1,262,335.32,335.32,0,0.7441061453229867,Critical Risk,249.5136726497039,Standard Retention,1
16065,294,1,228,367.14,367.14,0,0.8082193429762972,Critical Risk,296.72964958031775,Standard Retention,1
16066,53,1,186,316.38,316.38,0,0.6428958370926197,Critical Risk,203.39938493936302,Standard Retention,0
16072,217,1,140,584.3199999999999,584.3199999999999,0,0.7655219355179749,Critical Risk,447.30977736186304,Standard Retention,1
16073,226,1,48,122.4,122.4,0,0.7651884600024557,Critical Risk,93.65906750430058,Standard Retention,1
16076,8,6,1051,1455.81,242.635,128,0.2911651700995661,Low Risk,423.8811662826493,Monitor,0
16078,212,1,16,79.2,79.2,0,0.755641832715186,Critical Risk,59.84683315104274,Standard Retention,1
16080,10,2,128,217.16,108.58,192,0.48989696145073164,High Risk,106.38602414864089,Standard Retention,1
16081,16,4,1363,2591.92,647.98,279,0.3535975129645357,Moderate Risk,916.4964658030393,Monitor,0
16083,29,2,908,1317.62,658.81,259,0.49088913127786055,High Risk,646.8053371543346,Standard Retention,1
16084,228,1,216,436.18,436.18,0,0.7705649702809478,Critical Risk,336.1050287371438,Standard Retention,1
16085,8,3,374,619.65,206.54999999999998,241,0.41719338179104154,High Risk,258.51387902681887,Standard Retention,0
16086,27,4,388,899.7,224.925,268,0.37000310235707834,Moderate Risk,332.8917911906634,Monitor,0
16091,83,2,154,315.06,157.53,43,0.5988133303710497,High Risk,188.66212786670292,Standard Retention,1
16092,43,3,628,817.86,272.62,139,0.47852619154064907,High Risk,391.36743101343524,Standard Retention,1
16093,35,1,20,17.0,17.0,0,0.623073942388297,Critical Risk,10.59225702060105,Standard Retention,1
16094,148,1,164,252.1,252.1,0,0.714437374996376,Critical Risk,180.1096622365864,Standard Retention,0
16096,193,1,155,320.62,320.62,0,0.7464972414960651,Critical Risk,239.3419455684684,Standard Retention,1
16097,169,1,87,185.04999999999998,185.04999999999998,0,0.7282409382440264,Critical Risk,134.76098562205706,Standard Retention,1
16098,16,7,613,2005.63,286.5185714285714,286,0.2146473388326532,Low Risk,430.50314218293425,Monitor,1
16099,66,2,362,592.1,296.05,88,0.5721187103912664,High Risk,338.75148842266884,Standard Retention,0
16102,27,2,776,1392.84,696.42,29,0.5595854914247297,High Risk,779.4130558760204,Standard Retention,0
16103,8,5,556,1413.14,282.62800000000004,153,0.33314411080982137,Moderate Risk,470.779268749791,Monitor,1
16105,177,1,330,336.96,336.96,0,0.73606857969107,Critical Risk,248.02566861270293,Standard Retention,1
16107,18,4,584,1810.72,452.68,93,0.4108548533733444,High Risk,743.9431001001822,Standard Retention,0
16108,13,1,615,842.5,842.5,0,0.6193454335358247,Critical Risk,521.7985277539324,Standard Retention,1
16109,147,2,612,611.88,305.94,89,0.6399382788744495,Critical Risk,391.56543407769817,Standard Retention,1
16110,191,2,342,678.18,339.09,48,0.68567815491967,Critical Risk,465.0132111034218,Standard Retention,0
16112,72,4,574,195.74,48.935,195,0.43182724329441513,High Risk,84.52586460244882,Standard Retention,1
16113,112,1,176,161.38,161.38,0,0.686560994193547,Critical Risk,110.79721324295461,Standard Retention,1
16114,99,1,43,135.75000000000003,135.75000000000003,0,0.6761374179616838,Critical Risk,91.78565448829859,Standard Retention,1
16115,1,6,806,1285.93,214.3216666666667,220,0.2641897984840591,Low Risk,339.72958756460616,Monitor,0
16116,140,1,248,612.78,612.78,0,0.714045254318048,Critical Risk,437.55265094101344,Standard Retention,1
16117,118,1,130,232.21,232.21,0,0.6921260476883282,Critical Risk,160.7185895337067,Standard Retention,1
16119,1,1,172,309.48,309.48,0,0.5998190686037279,High Risk,185.63200535148172,Standard Retention,1
16121,144,1,139,285.94,285.94,0,0.7120401893833976,Critical Risk,203.60077175228872,Standard Retention,0
16122,2,4,1128,684.42,171.105,293,0.34410229884468174,Moderate Risk,235.51049537527706,Monitor,1
16124,246,1,48,249.0,249.0,0,0.7791443554252536,Critical Risk,194.00694450088815,Standard Retention,1
16125,296,1,124,289.35,289.35,0,0.8083829202757172,Critical Risk,233.9055979817788,Standard Retention,1
16126,30,3,1084,3706.7,1235.5666666666666,194,0.4480231832910206,High Risk,1660.687533504826,Standard Retention,0
16128,6,3,790,1412.06,470.68666666666667,205,0.42588497360430316,High Risk,601.3751358276922,Standard Retention,0
16131,44,4,1244,2278.5,569.625,124,0.42289671687055347,High Risk,963.5701693895561,Standard Retention,0
16133,4,24,6733,11766.07,490.25291666666664,242,0.004409308178257104,Low Risk,51.88022867694556,High Value - Low Risk,0
16134,288,1,158,283.53000000000003,283.53000000000003,0,0.8039457425354062,Critical Risk,227.94273638106372,Standard Retention,0
16135,191,1,209,517.55,517.55,0,0.7478764398590444,Critical Risk,387.0634514490484,Standard Retention,1
16136,6,2,180,302.64,151.32,199,0.48460871749828915,High Risk,146.66198226368223,Standard Retention,0
16139,41,2,155,306.37,153.185,94,0.547415129423761,High Risk,167.71157320155766,Standard Retention,0
16140,300,1,104,124.14,124.14,0,0.8087124314354225,Critical Risk,100.39356123839335,Standard Retention,0
16141,17,1,238,620.4,620.4,0,0.6185680250613623,Critical Risk,383.7596027480692,Standard Retention,1
16142,178,1,422,535.34,535.34,0,0.7395676354705676,Critical Risk,395.9201379728137,Standard Retention,1
16143,37,5,715,1949.3600000000001,389.872,261,0.3242568800799068,Moderate Risk,632.0933917525671,Monitor,1
16144,175,1,16,175.2,175.2,0,0.732201820731636,Critical Risk,128.2817589921826,Standard Retention,1
16145,2,9,2590,2941.93,326.88111111111107,286,0.13976027534187868,Low Risk,411.16494683653315,Monitor,0
16146,86,3,427,734.13,244.71,74,0.5360581259673054,High Risk,393.5363520163779,Standard Retention,1
16147,62,1,246,375.0,375.0,0,0.6511291383332948,Critical Risk,244.17342687498555,Standard Retention,1
16148,225,1,72,76.32000000000001,76.32000000000001,0,0.7639774375878208,Critical Risk,58.30675803670249,Standard Retention,1
16149,71,1,168,163.68,163.68,0,0.6547932720462774,Critical Risk,107.17656276853468,Standard Retention,1
16150,17,4,938,1748.53,437.1325,283,0.3554871646223283,Moderate Risk,621.5799719570797,Monitor,0
16152,197,1,642,1829.04,1829.04,0,0.7692525270797892,Critical Risk,1406.9936421300176,Standard Retention,1
16153,44,4,530,1023.54,255.885,239,0.39221845918739257,Moderate Risk,401.4512817166638,Monitor,0
16156,14,6,904,2095.45,349.2416666666666,225,0.26838086184453164,Low Risk,562.3786769521238,Monitor,0
16157,1,1,44,168.32,168.32,0,0.5972704107524798,High Risk,100.53255553785739,Standard Retention,0
16159,210,1,236,348.2,348.2,0,0.7580517980986874,Critical Risk,263.95363609796294,Standard Retention,1
16160,14,1,1012,801.94,801.94,0,0.6198402431605708,Critical Risk,497.0746846001882,Standard Retention,0
16161,7,14,1910,3874.59,276.75642857142856,290,0.04919072727331066,Low Risk,190.59389998589677,Monitor,0
16162,181,1,4,37.4,37.4,0,0.7343827673377605,Critical Risk,27.465915498432242,Standard Retention,1
16163,161,2,192,856.6,428.3,132,0.6395919998930916,Critical Risk,547.8745071084222,Standard Retention,1
16168,3,19,1478,2795.14,147.11263157894737,294,0.01692765885319857,Low Risk,47.31517636692945,Monitor,0
16169,4,1,410,587.46,587.46,0,0.6073259409750459,Critical Risk,356.7796972852005,Standard Retention,0
16170,41,5,1483,1560.66,312.132,135,0.3646411415616887,Moderate Risk,569.0808439896651,Monitor,0
16172,24,5,787,1140.21,228.042,146,0.3490694061268172,Moderate Risk,398.0124275598582,Monitor,1
16173,7,3,274,744.25,248.08333333333334,20,0.4831549377806243,High Risk,359.5880624432296,Standard Retention,0
16174,55,3,651,1009.55,336.51666666666665,25,0.5238535473517579,High Risk,528.8563487289672,Standard Retention,1
16175,23,4,533,1037.5900000000001,259.39750000000004,145,0.4021366946699652,High Risk,417.25301302260925,Standard Retention,1
16178,67,1,94,197.9,197.9,0,0.6521035040432701,Critical Risk,129.05128345016317,Standard Retention,1
16180,29,8,5867,10254.18,1281.7725,152,0.1794254316678936,Low Risk,1839.8606729002813,High Value - Low Risk,1
16181,2,1,152,305.54,305.54,0,0.6005762579127489,Critical Risk,183.50006984266133,Standard Retention,1
16182,1,4,3791,6617.65,1654.4125,222,0.3473803018855157,Moderate Risk,2298.841254772683,High Value - Low Risk,1
16184,34,5,470,985.8000000000001,197.16000000000003,105,0.36913511931538256,Moderate Risk,363.89340062110415,Monitor,0
16185,161,1,153,335.0,335.0,0,0.7248428715295319,Critical Risk,242.8223619623932,Standard Retention,0
16186,32,9,2242,2696.5299999999997,299.6144444444444,268,0.1565723523316986,Low Risk,422.2020452329952,Monitor,0
16187,4,13,4569,6282.1900000000005,483.24538461538464,208,0.06200732513583306,Low Risk,389.5417978950791,High Value - Low Risk,0
16188,70,3,645,755.03,251.67666666666665,101,0.5139630051320446,High Risk,388.0574877648476,Standard Retention,0
16189,14,1,102,144.48,144.48,0,0.6078508312642871,Critical Risk,87.82228810106419,Standard Retention,0
16191,191,8,1612,2615.68,326.96,97,0.33417612129023117,Moderate Risk,874.0977969364318,Monitor,0
16193,165,1,219,314.45,314.45,0,0.7273940031732881,Critical Risk,228.72904429784043,Standard Retention,1
16198,4,1,129,400.68100000000004,400.68100000000004,0,0.603873433875996,Critical Risk,241.960611358868,Standard Retention,1
16200,93,1,231,550.57,550.57,0,0.6781880915441895,Critical Risk,373.3900175614844,Standard Retention,1
16201,38,1,208,303.8,303.8,0,0.6305168882876738,Critical Risk,191.55103066179532,Standard Retention,0
16202,289,1,191,365.27,365.27,0,0.8054388477836295,Critical Risk,294.20264792992634,Standard Retention,1
16203,76,3,158,378.3,126.10000000000001,224,0.4814081327679316,High Risk,182.11669662610853,Standard Retention,0
16205,108,1,64,112.35,112.35,0,0.6826762711442673,Critical Risk,76.69867906305844,Standard Retention,0
16206,53,3,203,409.86,136.62,202,0.4680041829700777,High Risk,191.81619443211605,Standard Retention,0
16208,218,1,243,497.59000000000003,497.59000000000003,0,0.7651053559946396,Critical Risk,380.70877408937275,Standard Retention,0
16209,17,5,1179,2262.62,452.524,157,0.336016844805487,Moderate Risk,760.2784333937909,Monitor,1
16210,15,12,4563,11607.02,967.2516666666667,287,0.06180239709043352,Low Risk,717.3416590766037,High Value - Low Risk,0
16211,17,1,154,547.02,547.02,0,0.6172507251877614,Critical Risk,337.64849169220923,Standard Retention,1
16212,212,1,151,498.15000000000003,498.15000000000003,0,0.7612399979076725,Critical Risk,379.21170495770707,Standard Retention,0
16213,7,1,48,159.0,159.0,0,0.6021739606587119,Critical Risk,95.74565974473519,Standard Retention,1
16214,99,3,420,1062.75,354.25,98,0.539763907260049,High Risk,573.634092440617,Standard Retention,1
16215,9,1,104,242.35,242.35,0,0.6053356543669137,Critical Risk,146.70309583582153,Standard Retention,1
16216,196,1,254,914.9300000000001,914.9300000000001,0,0.7564946903988505,Critical Risk,692.1396870866204,Standard Retention,1
16217,164,2,91,304.25,152.125,46,0.6639675854475673,Critical Risk,202.01213787242236,Standard Retention,1
16218,43,6,1752,2635.48,439.24666666666667,258,0.27876638197443654,Low Risk,734.683224365988,Monitor,0
16221,204,2,267,315.37,157.685,91,0.6829049502648677,Critical Risk,215.36773416503135,Standard Retention,0
16222,247,1,325,773.55,773.55,0,0.7863170416605063,Critical Risk,608.2555475764847,Standard Retention,1
16224,70,3,798,865.88,288.62666666666667,108,0.5118524944731356,High Risk,443.2028379143987,Standard Retention,0
16225,78,4,451,953.64,238.41,128,0.45471075646446213,High Risk,433.63036579476966,Standard Retention,0
16226,132,3,192,255.12,85.04,32,0.5887095376041817,High Risk,150.19157723357884,Standard Retention,1
16227,154,1,90,314.22,314.22,0,0.7195622304450803,Critical Risk,226.10084405045313,Standard Retention,1
16229,16,2,318,1010.6,505.3,125,0.5188737539758249,High Risk,524.3738157679687,Standard Retention,1
16230,118,2,365,542.03,271.015,30,0.6326613119993574,Critical Risk,342.92141094301167,Standard Retention,1
16232,72,3,438,725.04,241.67999999999998,71,0.5247435544651,High Risk,380.4600667293761,Standard Retention,0
16233,0,3,174,536.6800000000001,178.89333333333335,295,0.39433474865134477,Moderate Risk,211.63157290620373,Monitor,1
16235,10,4,252,675.29,168.8225,250,0.361847620362061,Moderate Risk,244.35207955429615,Monitor,0
16236,7,1,184,432.2,432.2,0,0.6069808348598769,Critical Risk,262.3371168264388,Standard Retention,1
16239,118,1,182,347.9,347.9,0,0.6939329753661047,Critical Risk,241.41928212986778,Standard Retention,0
16240,6,1,935,1824.79,1824.79,0,0.6303774522563437,Critical Risk,1150.3064711028533,Standard Retention,0
16241,25,10,951,1778.43,177.84300000000002,273,0.12819153167483902,Low Risk,227.97966567648396,Monitor,0
16242,94,3,375,846.59,282.19666666666666,111,0.53159281494915,High Risk,450.04116120780094,Standard Retention,0
16244,140,2,855,1522.75,761.375,160,0.6172612910787401,Critical Risk,939.9346309901514,Standard Retention,1
16245,50,2,430,769.7,384.85,135,0.544759046263919,High Risk,419.3010379093385,Standard Retention,0
16247,99,1,182,114.56,114.56,0,0.6759191990787237,Critical Risk,77.43330344645858,Standard Retention,1
16249,41,4,762,1440.77,360.1925,126,0.42201072555100333,High Risk,608.0203930521191,Standard Retention,0
16250,190,2,208,389.44,194.72,112,0.6666515469695651,Critical Risk,259.62077845182745,Standard Retention,1
16253,184,1,1340,1700.4,1700.4,0,0.7598437974070015,Critical Risk,1292.0383931108654,Standard Retention,0
16255,24,7,1461,2182.79,311.82714285714286,269,0.22278920063075672,Low Risk,486.30203924480946,Monitor,0
16256,195,1,581,752.4300000000001,752.4300000000001,0,0.7539181552894343,Critical Risk,567.2706375844291,Standard Retention,1
16257,105,1,2,46.95,46.95,0,0.6793167956615748,Critical Risk,31.893923556310938,Standard Retention,1
16258,56,4,2345,3741.0600000000004,935.2650000000001,92,0.43909797629587377,High Risk,1642.6918752014417,Standard Retention,0
16261,4,3,237,544.14,181.38,170,0.4350123299697318,High Risk,236.70760922972988,Standard Retention,0
16265,39,7,1871,4062.02,580.2885714285715,254,0.2271027895027295,Low Risk,922.4960730158773,Monitor,0
16266,2,7,398,861.89,123.12714285714286,132,0.24435706492404274,Low Risk,210.6089106873832,Monitor,1
16268,0,2,533,667.65,333.825,0,0.5420042639049358,High Risk,361.8691467961304,Standard Retention,1
16270,282,1,688,1141.24,1141.24,0,0.8105479784270138,Critical Risk,925.0297749000451,Standard Retention,1
16271,55,3,672,868.4300000000001,289.4766666666667,232,0.46058820210285073,High Risk,399.9886123521787,Standard Retention,0
16272,45,1,224,411.7,411.7,0,0.6380309220571878,Critical Risk,262.67733061094424,Standard Retention,1
16274,302,1,153,351.75,351.75,0,0.8123270200483483,Critical Risk,285.7360293020065,Standard Retention,1
16275,125,1,336,559.87,559.87,0,0.7024408954106591,Critical Risk,393.27558411356574,Standard Retention,1
16276,105,1,420,810.6,810.6,0,0.6914656705443566,Critical Risk,560.5020725432555,Standard Retention,1
16278,29,1,114,566.38,566.38,0,0.6274502485967273,Critical Risk,355.37527180021436,Standard Retention,1
16279,16,2,462,724.1800000000001,362.09000000000003,89,0.5289583230136228,High Risk,383.0610383600054,Standard Retention,0
16281,1,1,934,2062.06,2062.06,0,0.6302486718225468,Critical Risk,1299.6105762184009,Standard Retention,1
16282,268,1,114,168.3,168.3,0,0.7912442869181284,Critical Risk,133.166413488321,Standard Retention,1
16283,49,3,441,586.35,195.45000000000002,87,0.4997896193755154,High Risk,293.0516433208335,Standard Retention,0
16287,98,1,298,142.5,142.5,0,0.675684208757891,Critical Risk,96.28499974799948,Standard Retention,1
16292,50,1,191,302.25,302.25,0,0.6402433243708533,Critical Risk,193.5135447910904,Standard Retention,1
16293,20,6,643,1454.3300000000002,242.38833333333335,275,0.2631782144816923,Low Risk,382.7479726671596,Monitor,0
16297,197,1,206,301.9,301.9,0,0.7489312082231541,Critical Risk,226.1023317625702,Standard Retention,1
16298,115,1,50,114.30000000000001,114.30000000000001,0,0.6879986064817597,Critical Risk,78.63824072086514,Standard Retention,0
16302,55,1,158,233.22,233.22,0,0.6431154537586447,Critical Risk,149.98738612559112,Standard Retention,1
16303,44,2,2025,4036.33,2018.165,217,0.5281769406654536,High Risk,2131.89643091619,Standard Retention,0
16305,67,1,256,361.22,361.22,0,0.6548941438361952,Critical Risk,236.56086263651042,Standard Retention,1
16306,142,6,487,632.27,105.37833333333333,153,0.39341618212667356,Moderate Risk,248.7452494732319,Monitor,1
16308,36,3,5000,1600.0,533.3333333333334,153,0.47145453578080065,High Risk,754.327257249281,Standard Retention,0
16309,35,2,467,706.57,353.285,134,0.5317659094374554,High Risk,375.7298386312229,Standard Retention,1
16315,259,1,75,226.37,226.37,0,0.7866483653329611,Critical Risk,178.07359046042242,Standard Retention,1
16316,86,7,1185,2212.81,316.11571428571426,201,0.27888662274729403,Low Risk,617.1231076814397,Monitor,0
16317,48,3,890,1341.65,447.2166666666667,177,0.4710130983052848,High Risk,631.9347233412855,Standard Retention,1
16319,146,1,72,404.40000000000003,404.40000000000003,0,0.7151611596998724,Critical Risk,289.2111729826284,Standard Retention,1
16320,101,2,732,1038.46,519.23,40,0.6178618943537723,Critical Risk,641.6248628106183,Standard Retention,1
16321,1,5,135,373.65000000000003,74.73,251,0.3056139895459045,Moderate Risk,114.19266719382723,Monitor,1
16323,125,1,50,207.50000000000003,207.50000000000003,0,0.6969039361043269,Critical Risk,144.60756674164784,Standard Retention,1
16324,57,3,270,408.59000000000003,136.1966666666667,48,0.5187875358301477,High Risk,211.97139926484007,Standard Retention,1
16325,84,2,120,416.02000000000004,208.01000000000002,90,0.5860675126213781,High Risk,243.81580660074576,Standard Retention,0
16326,4,9,395,1707.1100000000001,189.6788888888889,258,0.14827164096065598,Low Risk,253.11600100034545,Monitor,0
16327,9,5,2020,3172.39,634.478,289,0.29206752068046216,Low Risk,926.5520819314913,Monitor,0
16330,41,2,23,48.96,24.48,0,0.5747492015161884,High Risk,28.139720906232583,Standard Retention,0
16332,1,4,547,1117.89,279.4725,233,0.3582650217334255,Moderate Risk,400.50088514557905,Monitor,0
16333,27,18,24352,15619.6,867.7555555555556,210,0.017649479269238568,Low Risk,275.67780639379873,High Value - Low Risk,0
16338,86,1,94,214.8,214.8,0,0.6673591210652923,Critical Risk,143.3487392048248,Standard Retention,1
16339,213,1,21,94.05,94.05,0,0.7564897187233625,Critical Risk,71.14785804593224,Standard Retention,1
16340,36,1,486,534.31,534.31,0,0.6329720510251965,Critical Risk,338.2032965832727,Standard Retention,1
16341,14,2,1086,1531.89,765.945,115,0.5228582557092187,High Risk,800.9613333383951,Standard Retention,0
16342,4,4,157,322.41,80.6025,104,0.40014287586665725,High Risk,129.010064608169,Standard Retention,1
16344,87,1,18,101.10000000000001,101.10000000000001,0,0.6662642730247011,Critical Risk,67.3593180027973,Standard Retention,1
16348,7,5,571,1013.69,202.738,161,0.33188322735287756,Moderate Risk,336.4267087353385,Monitor,0
16349,219,1,9,53.5,53.5,0,0.7598133538294335,Critical Risk,40.650014429874695,Standard Retention,1
16350,14,2,274,566.4,283.2,248,0.47768712092562754,High Risk,270.56198529227544,Standard Retention,0
16351,261,1,90,153.9,153.9,0,0.7869646262577129,Critical Risk,121.11385598106202,Standard Retention,1
16353,16,15,1308,3705.41,247.02733333333333,281,0.0415072665222398,Low Risk,153.80144044417258,Monitor,0
16354,2,1,144,366.1,366.1,0,0.6016105499180676,Critical Risk,220.24962232500457,Standard Retention,0
16356,126,3,93,211.77,70.59,79,0.569462098349866,High Risk,120.59498856755114,Standard Retention,1
16357,91,2,55,257.95,128.975,51,0.6029040555053924,Critical Risk,155.51910111761595,Standard Retention,0
16358,8,2,519,1134.55,567.275,104,0.518945601179983,High Risk,588.7697318187497,Standard Retention,0
16359,23,7,876,1411.23,201.6042857142857,237,0.23214301186354555,Low Risk,327.6071826321914,Monitor,0
16360,9,2,258,447.27,223.635,7,0.5466385621373209,High Risk,244.4950296871595,Standard Retention,0
16361,0,1,206,334.94,334.94,0,0.5994447357297781,High Risk,200.77801978533188,Standard Retention,0
16362,20,3,145,360.65,120.21666666666665,0,0.5009563389496425,High Risk,180.66990364218856,Standard Retention,0
16364,66,1,114,346.3,346.3,0,0.653736455510437,Critical Risk,226.38893454326436,Standard Retention,0
16365,52,7,325,862.56,123.22285714285714,243,0.25165367421150925,Low Risk,217.06639322787942,Monitor,0
16367,291,1,87,167.09,167.09,0,0.8042483784681113,Critical Risk,134.38186155823672,Standard Retention,0
16369,9,2,498,843.44,421.72,116,0.5150337311149694,High Risk,434.40005017160985,Standard Retention,0
16370,11,4,640,1301.91,325.4775,142,0.3921765031577819,Moderate Risk,510.5785112261479,Monitor,1
16374,191,1,51,154.2,154.2,0,0.7428171094178014,Critical Risk,114.54239827222497,Standard Retention,0
16377,196,1,1500,676.2,676.2,0,0.754197593221844,Critical Risk,509.98841253661095,Standard Retention,1
16378,176,3,267,362.95,120.98333333333333,63,0.616574311734832,Critical Risk,223.78564644415727,Standard Retention,1
16379,7,1,330,478.88,478.88,0,0.6079103170715295,Critical Risk,291.11609263921406,Standard Retention,0
16383,3,2,467,643.76,321.88,193,0.4853646438250778,High Risk,312.4583431088321,Standard Retention,1
16384,18,2,260,584.5,292.25,174,0.5039488701891042,High Risk,294.5581146255314,Standard Retention,1
16385,87,2,152,273.82,136.91,208,0.5526576512526487,High Risk,151.32871806600025,Standard Retention,0
16386,182,1,26,61.10000000000001,61.10000000000001,0,0.7354145685199195,Critical Risk,44.93383013656709,Standard Retention,0
16387,251,1,44,94.36,94.36,0,0.7802540495688335,Critical Risk,73.62477211731513,Standard Retention,1
16389,7,3,469,1078.71,359.57,205,0.42676592746111397,High Risk,460.3566736115783,Standard Retention,0
16392,198,1,201,217.89000000000001,217.89000000000001,0,0.7484549945750724,Critical Risk,163.08085876796252,Standard Retention,1
16393,23,9,1013,1761.97,195.77444444444444,274,0.15441616774424036,Low Risk,272.0766550803192,Monitor,0
16394,1,4,2016,1241.86,310.465,217,0.3636898409798519,Moderate Risk,451.65186591923884,Monitor,0
16395,7,4,1199,1269.26,317.315,251,0.3581319220513045,Moderate Risk,454.5625233828388,Monitor,0
16398,83,2,758,1705.8,852.9,99,0.5878140338851491,High Risk,1002.6931790012873,Standard Retention,1
16399,164,1,159,178.41,178.41,0,0.7247095097194711,Critical Risk,129.29542362905084,Standard Retention,0
16400,23,1,172,303.93,303.93,0,0.6181274615909633,Critical Risk,187.86747940134148,Standard Retention,1
16401,15,8,2568,2773.66,346.7075,241,0.18464030912000334,Low Risk,512.1294397937885,Monitor,0
16402,193,2,146,293.45,146.725,104,0.6707909848527296,Critical Risk,196.84361450503349,Standard Retention,1
16403,241,1,114,177.5,177.5,0,0.7752575727500838,Critical Risk,137.60821916313986,Standard Retention,1
16405,231,2,187,167.25,83.625,7,0.723642023924607,Critical Risk,121.02912850139052,Standard Retention,1
16407,3,9,878,1747.51,194.1677777777778,237,0.15118790347569758,Low Risk,264.20237320281626,Monitor,0
16409,16,4,847,1414.13,353.5325,229,0.37095664817277046,Moderate Risk,524.5809248805599,Monitor,0
16411,298,1,69,128.55,128.55,0,0.8076517165267576,Critical Risk,103.8236281595147,Standard Retention,0
16414,209,1,16,50.8,50.8,0,0.7533120373118233,Critical Risk,38.26825149544062,Standard Retention,0
16418,21,2,174,368.36,184.18,133,0.518265478499124,High Risk,190.9082716599373,Standard Retention,0
16419,41,6,428,958.71,159.785,199,0.299022780149725,Low Risk,286.67612955734285,Monitor,1
16422,2,43,29680,30665.52,713.1516279069767,295,3.08750928504119e-05,Low Risk,0.9468007773061632,High Value - Low Risk,0
16424,120,1,88,133.56,133.56,0,0.6920819355995657,Critical Risk,92.43446331867798,Standard Retention,1
16425,231,1,199,302.7,302.7,0,0.7707244658665684,Critical Risk,233.29829581781024,Standard Retention,1
16426,21,4,414,689.83,172.4575,183,0.39030059034714065,Moderate Risk,269.2410562391681,Monitor,0
16427,192,2,156,241.06,120.53,21,0.6919782263490374,Critical Risk,166.80827124369895,Standard Retention,1
16429,35,1,9,284.55,284.55,0,0.6275602986324308,Critical Risk,178.5722829758582,Standard Retention,1
16431,142,3,442,623.28,207.76,84,0.581624638162496,High Risk,362.5150044739205,Standard Retention,1
16434,25,4,442,898.84,224.71,203,0.38716880304387863,Moderate Risk,348.00280692795985,Monitor,0
16438,11,1,117,204.4,204.4,0,0.6063753170046668,Critical Risk,123.94311479575391,Standard Retention,0
16440,143,1,115,272.46,272.46,0,0.7111021268901809,Critical Risk,193.74688549249868,Standard Retention,0
16441,220,1,110,211.0,211.0,0,0.7625745970988527,Critical Risk,160.90323998785792,Standard Retention,0
16442,156,2,352,432.43,216.215,133,0.6339115098709345,Critical Risk,274.1223542134882,Standard Retention,1
16444,24,3,337,541.4,180.46666666666667,169,0.4527546244887331,High Risk,245.1213536982001,Standard Retention,0
16446,134,1,2,2.9,2.9,0,0.7004334384149702,Critical Risk,2.0312569714034137,Standard Retention,1
16447,64,1,221,255.91,255.91,0,0.650763541970873,Critical Risk,166.5368980257661,Standard Retention,1
16448,127,1,76,182.99,182.99,0,0.6980363449614325,Critical Risk,127.73367076449254,Standard Retention,1
16449,126,2,367,707.69,353.845,82,0.6249056550162017,Critical Risk,442.2394829984158,Standard Retention,1
16450,78,1,200,311.92,311.92,0,0.6627387002201615,Critical Risk,206.72145537267278,Standard Retention,1
16451,16,1,120,266.97,266.97,0,0.6116295894197555,Critical Risk,163.28675148739217,Standard Retention,1
16455,23,6,756,1323.38,220.56333333333336,276,0.2656529103392885,Low Risk,351.55974848480764,Monitor,0
16456,28,5,1147,2158.18,431.63599999999997,273,0.31367986032481954,Moderate Risk,676.977600955819,Monitor,1
16457,147,1,140,208.36,208.36,0,0.7130601132658307,Critical Risk,148.57320520006851,Standard Retention,1
16458,1,13,1594,2485.06,191.15846153846152,288,0.06231455530369038,Low Risk,154.85540880298882,Monitor,0
16460,1,2,736,508.61,254.305,9,0.5397303138665527,High Risk,274.5122349356674,Standard Retention,0
16461,106,1,48,142.92,142.92,0,0.6816150491537751,Critical Risk,97.41642282505754,Standard Retention,1
16462,2,3,16,136.0,45.333333333333336,210,0.42145593570515755,High Risk,57.31800725590143,Standard Retention,1
16463,133,1,179,319.37,319.37,0,0.7045822306901615,Critical Risk,225.02242701551688,Standard Retention,0
16464,9,2,682,983.33,491.665,61,0.5325682796708818,High Risk,523.6903664487683,Standard Retention,0
16466,32,5,529,999.63,199.926,189,0.3438676913060398,Moderate Risk,343.74046026025655,Monitor,0
16468,3,1,31,74.9,74.9,0,0.5973371166560353,High Risk,44.74055003753705,Standard Retention,1
16469,16,3,161,447.49,149.16333333333333,159,0.44876137516731807,High Risk,200.81622777362315,Standard Retention,0
16470,44,3,358,539.13,179.71,242,0.4479893572332508,High Risk,241.5245021651625,Standard Retention,0
16471,203,1,141,223.95000000000002,223.95000000000002,0,0.7517868143857466,Critical Risk,168.36265708168796,Standard Retention,1
16473,93,3,196,316.11,105.37,171,0.5126892459786965,High Risk,162.06619754632575,Standard Retention,1
16474,18,3,250,464.44,154.81333333333333,56,0.4820204329169812,High Risk,223.86956986396277,Standard Retention,0
16475,17,4,319,544.3,136.075,185,0.3867549870617059,Moderate Risk,210.5107394576865,Monitor,1
16477,60,6,1099,1999.26,333.21,239,0.29828149365043943,Low Risk,596.3422589955776,Monitor,0
16480,4,1,455,769.29,769.29,0,0.6104720379564711,Critical Risk,469.63003407953363,Standard Retention,1
16483,121,1,44,139.35,139.35,0,0.6928832617629916,Critical Risk,96.55328252667289,Standard Retention,1
16484,102,2,200,404.3,202.15,17,0.6226250120404977,Critical Risk,251.72729236797323,Standard Retention,1
16485,6,1,235,363.65,363.65,0,0.6050138871927202,Critical Risk,220.0133000776327,Standard Retention,1
16488,43,2,619,354.57,177.285,33,0.5682234788268259,High Risk,201.47499888762766,Standard Retention,0
16493,8,4,1164,1351.63,337.9075,250,0.35893915309051844,Moderate Risk,485.1529274917375,Monitor,1
16494,225,1,675,826.53,826.53,0,0.7739393394025146,Critical Risk,639.6840821963604,Standard Retention,1
16495,205,2,166,246.51,123.255,0,0.7070200414829934,Critical Risk,174.2875104259727,Standard Retention,1
16496,136,2,784,1185.04,592.52,109,0.6274169069761572,Critical Risk,743.5141314430252,Standard Retention,1
16497,132,5,789,1550.7,310.14,130,0.44229711127329957,High Risk,685.8701304515057,Standard Retention,0
16498,90,2,45,100.97,50.485,0,0.6163949516191585,Critical Risk,62.23739826498643,Standard Retention,1
16499,289,2,127,365.45,182.725,4,0.7636522505018353,Critical Risk,279.0767149458957,Standard Retention,1
16500,259,1,1,165.0,165.0,0,0.7858617854013044,Critical Risk,129.6671945912152,Standard Retention,0
16503,35,4,569,1431.93,357.9825,253,0.37939787159490584,Moderate Risk,543.2711942728936,Monitor,1
16509,225,1,64,363.70000000000005,363.70000000000005,0,0.7676685220942684,Critical Risk,279.20104148568544,Standard Retention,1
16510,301,1,92,248.1,248.1,0,0.8106170605372093,Critical Risk,201.11409271928162,Standard Retention,1
16511,73,2,267,565.7,282.85,121,0.5680337230035001,High Risk,321.33667710308004,Standard Retention,0
16515,20,4,688,1247.3600000000001,311.84000000000003,219,0.3775030990048788,Moderate Risk,470.88226557472564,Monitor,0
16517,206,1,96,162.70000000000002,162.70000000000002,0,0.7529005716206097,Critical Risk,122.49692300267321,Standard Retention,1
16518,213,1,124,190.7,190.7,0,0.7578356365321707,Critical Risk,144.51925588668493,Standard Retention,0
16519,294,1,24,103.7,103.7,0,0.8051530231663852,Critical Risk,83.49436850235415,Standard Retention,0
16520,115,3,558,1046.57,348.8566666666666,179,0.5291575448331017,High Risk,553.8004116959793,Standard Retention,1
16523,8,15,3131,6781.41,452.094,236,0.03877212341934981,Low Risk,262.929665477213,High Value - Low Risk,0
16525,8,23,6465,11501.15,500.05,286,0.005343820918960879,Low Risk,61.46008596210691,High Value - Low Risk,0
16526,100,1,106,290.36,290.36,0,0.6793784763746019,Critical Risk,197.26433440012943,Standard Retention,1
16527,10,1,106,228.06,228.06,0,0.605931797967261,Critical Risk,138.18880584441357,Standard Retention,1
16529,119,1,198,455.25,455.25,0,0.6963220554150928,Critical Risk,317.000615727721,Standard Retention,1
16531,3,5,777,889.43,177.886,286,0.2964979201702174,Low Risk,263.7141451369965,Monitor,0
16532,64,2,1536,4516.8,2258.4,202,0.5515359756557391,High Risk,2491.1776948418424,Standard Retention,0
16536,39,1,250,548.12,548.12,0,0.6354408469903962,Critical Risk,348.29783705237594,Standard Retention,1
16539,148,3,421,1053.61,351.2033333333333,153,0.5656379671819642,High Risk,595.9618186025892,Standard Retention,1
16545,93,1,78,339.3,339.3,0,0.6747455845916562,Critical Risk,228.94117685194897,Standard Retention,1
16546,219,2,549,787.15,393.575,81,0.6985229508686045,Critical Risk,549.842340776222,Standard Retention,1
16549,18,3,753,1231.75,410.5833333333333,244,0.42462652690558894,High Risk,523.0337245159592,Standard Retention,0
16550,37,5,1540,2298.97,459.794,259,0.3240189304620921,Moderate Risk,744.9098005644358,Monitor,1
16551,24,3,970,922.12,307.37333333333333,240,0.43148458811116214,High Risk,397.8805683890648,Standard Retention,1
16552,171,2,219,379.73,189.865,130,0.6465996121496838,Critical Risk,245.53327072159942,Standard Retention,1
16553,92,12,4600,5719.82,476.65166666666664,197,0.10442283543756858,Low Risk,597.2798225925135,High Value - Low Risk,1
16554,151,2,129,314.11,157.055,109,0.6360616546451372,Critical Risk,199.79332634058406,Standard Retention,0
16555,38,1,90,151.98000000000002,151.98000000000002,0,0.6278726718005645,Critical Risk,95.42408866024981,Standard Retention,0
16556,34,6,1342,2556.37,426.06166666666667,254,0.2734794684701604,Low Risk,699.114708813064,Monitor,0
16557,66,1,13,101.15,101.15,0,0.6496589704806639,Critical Risk,65.71300486411916,Standard Retention,0
16558,7,15,3559,5101.31,340.08733333333333,287,0.038506661264109926,Low Risk,196.43441617321662,High Value - Low Risk,0
16560,287,1,169,332.18,332.18,0,0.8039484896325028,Critical Risk,267.05560928612476,Standard Retention,0
16565,293,1,46,173.7,173.7,0,0.8054023708082104,Critical Risk,139.89839180938614,Standard Retention,1
16566,99,3,216,463.88,154.62666666666667,122,0.5328265317111684,High Risk,247.16757153017682,Standard Retention,0
16567,123,2,996,865.6,432.8,142,0.6061059865782732,Critical Risk,524.6453419821532,Standard Retention,1
16570,56,6,1427,2134.07,355.67833333333334,184,0.30919736170130063,Moderate Risk,659.8488136858947,Monitor,0
16571,105,2,891,896.79,448.395,105,0.6018601552323379,Critical Risk,539.7421686108083,Standard Retention,0
16572,56,3,532,1009.6,336.53333333333336,148,0.4868956840759272,High Risk,491.56988264305613,Standard Retention,1
16573,13,2,360,663.61,331.805,205,0.4904363975043434,High Risk,325.45849774785734,Standard Retention,1
16574,0,1,416,451.44,451.44,0,0.6016389580382386,Critical Risk,271.6038912167825,Standard Retention,1
16581,111,1,134,105.84,105.84,0,0.6849112991893107,Critical Risk,72.49101190619665,Standard Retention,1
16582,42,1,164,313.62,313.62,0,0.6339098411369808,Critical Risk,198.8068043773799,Standard Retention,1
16583,302,1,111,233.45,233.45,0,0.8110057943104555,Critical Risk,189.32930268177583,Standard Retention,1
16584,9,2,646,936.08,468.04,174,0.49772672351296776,High Risk,465.91203134601886,Standard Retention,1
16586,177,1,95,463.95,463.95,0,0.7376630254793818,Critical Risk,342.2387606711592,Standard Retention,1
16587,161,1,71,225.15,225.15,0,0.7232068596128202,Critical Risk,162.83002444182645,Standard Retention,1
16589,0,3,368,459.24,153.08,90,0.4559990484621672,High Risk,209.41300301576567,Standard Retention,1
16592,65,10,1785,2214.33,221.433,151,0.16289448463743386,Low Risk,360.7021441672089,Monitor,0
16593,118,2,85,255.5,127.75,138,0.6000627215764426,Critical Risk,153.3160253627811,Standard Retention,0
16594,4,1,64,181.09,181.09,0,0.6000410204263518,Critical Risk,108.66142838900804,Standard Retention,1
16596,295,1,47,120.65,120.65,0,0.805907413785029,Critical Risk,97.23272947316374,Standard Retention,0
16598,214,1,73,145.05,145.05,0,0.7578442811823541,Critical Risk,109.92531298550048,Standard Retention,1
16600,3,3,570,353.2,117.73333333333333,264,0.4065298660951387,High Risk,143.586348704803,Standard Retention,0
16603,3,2,480,482.47,241.235,16,0.53900430914659,High Risk,260.0534090339553,Standard Retention,1
16607,2,11,2336,2581.94,234.72181818181818,285,0.09479965873435652,Low Risk,244.76703087258446,Monitor,0
16609,16,6,1869,4029.82,671.6366666666667,164,0.2765955364398154,Low Risk,1114.6302246558969,Monitor,0
16610,148,1,66,75.66,75.66,0,0.7117728331646656,Critical Risk,53.852732557238596,Standard Retention,1
16611,115,1,47,129.49,129.49,0,0.6882300013979801,Critical Risk,89.11890288102444,Standard Retention,1
16612,48,3,394,870.3000000000001,290.1,192,0.46641978650850735,High Risk,405.925140198354,Standard Retention,0
16614,111,1,223,506.19,506.19,0,0.6911465940280099,Critical Risk,349.85149443103836,Standard Retention,1
16616,86,1,110,210.10000000000002,210.10000000000002,0,0.6672976602210599,Critical Risk,140.19923841244469,Standard Retention,0
16617,164,1,91,151.85,151.85,0,0.7242781512636629,Critical Risk,109.9816372693872,Standard Retention,1
16618,139,4,771,1441.29,360.3225,111,0.512054398941792,High Risk,738.0188846508155,Standard Retention,0
16619,192,1,133,226.21,226.21,0,0.7445302493052658,Critical Risk,168.42018769534417,Standard Retention,1
16620,189,1,48,95.75999999999999,95.75999999999999,0,0.7406659548543479,Critical Risk,70.92617183685235,Standard Retention,1
16621,76,3,187,609.41,203.13666666666666,130,0.5100465796820586,High Risk,310.8274861240433,Standard Retention,0
16623,174,1,39,129.45000000000002,129.45000000000002,0,0.7308844210051826,Critical Risk,94.6129882991209,Standard Retention,1
16624,9,2,488,810.57,405.285,116,0.5149010752519967,High Risk,417.363364567011,Standard Retention,1
16625,203,1,164,333.08,333.08,0,0.7532606314736562,Critical Risk,250.8960511312454,Standard Retention,1
16626,2,9,1540,2662.74,295.85999999999996,192,0.15476209749578634,Low Risk,412.0912274859301,Monitor,0
16627,8,1,162,322.8,322.8,0,0.6059268521033657,Critical Risk,195.59318785896647,Standard Retention,1
16628,35,4,844,1619.8400000000001,404.96000000000004,128,0.41577530508487587,High Risk,673.4894701886853,Standard Retention,0
16629,2,2,489,408.63,204.315,22,0.5360329191064901,High Risk,219.03913173448504,Standard Retention,1
16633,7,4,597,1509.0,377.25,156,0.38406340705678116,Moderate Risk,579.5516812486827,Monitor,0
16634,151,2,82,217.9,108.95,149,0.6242413978561551,Critical Risk,136.0222005928562,Standard Retention,1
16637,52,2,351,530.55,265.275,102,0.555560360436485,High Risk,294.75254922957714,Standard Retention,0
16638,28,9,1199,1550.94,172.32666666666668,269,0.1584467696032047,Low Risk,245.7414328483943,Monitor,0
16639,135,2,159,471.15000000000003,235.57500000000002,29,0.6462889230851382,Critical Risk,304.4990261115629,Standard Retention,0
16641,34,1,256,231.1,231.1,0,0.6260592719618744,Critical Risk,144.68229775038915,Standard Retention,1
16642,136,1,131,307.73,307.73,0,0.7065608544894036,Critical Risk,217.4299717520242,Standard Retention,1
16643,174,1,269,487.51,487.51,0,0.7360740614811956,Critical Risk,358.84346571269765,Standard Retention,1
16644,106,2,826,833.78,416.89,34,0.6230927242537514,Critical Risk,519.5222516282928,Standard Retention,1
16647,98,2,146,214.06,107.03,35,0.6133693685546967,Critical Risk,131.29784703281837,Standard Retention,1
16650,0,1,372,518.42,518.42,0,0.6027501151382081,Critical Risk,312.47771468994983,Standard Retention,1
16652,38,5,2077,4525.87,905.174,163,0.342013401653483,Moderate Risk,1547.908194141449,Monitor,0
16653,0,1,709,1117.86,1117.86,0,0.6132990055724775,Critical Risk,685.5824263692497,Standard Retention,0
16654,70,4,282,601.27,150.3175,227,0.41891779287747305,High Risk,251.88270132343823,Standard Retention,1
16655,4,4,1799,2906.2000000000003,726.5500000000001,256,0.34983980275281606,Moderate Risk,1016.7044347602341,Monitor,0
16656,8,12,7372,7470.26,622.5216666666666,284,0.06933521510727227,Low Risk,517.9520840072518,High Value - Low Risk,0
16657,77,2,597,414.79,207.395,105,0.5760316902169437,High Risk,238.93218478508606,Standard Retention,0
16658,297,1,40,123.24,123.24,0,0.807029011115096,Critical Risk,99.45825532982442,Standard Retention,1
16659,118,1,72,39.12,39.12,0,0.6891203218676407,Critical Risk,26.958386991462103,Standard Retention,1
16660,139,2,228,384.36,192.18,108,0.6268683504173245,Critical Risk,240.94311916640285,Standard Retention,0
16665,291,1,59,135.4,135.4,0,0.8038736698678354,Critical Risk,108.84449490010492,Standard Retention,1
16667,213,1,77,200.4,200.4,0,0.7579308207850417,Critical Risk,151.88933648532236,Standard Retention,0
16668,45,5,258,266.52,53.303999999999995,167,0.3634302334320212,Moderate Risk,96.86142581430228,Monitor,0
16669,7,2,485,725.34,362.67,0,0.5482724229679119,High Risk,397.68391927554524,Standard Retention,0
16670,35,8,2152,3239.9700000000003,404.99625000000003,252,0.19110363115982165,Low Risk,619.1700318488874,Monitor,0
16671,93,1,656,1382.88,1382.88,0,0.6914175696757371,Critical Risk,956.1475287531833,Standard Retention,0
16672,1,18,2604,7327.34,407.07444444444445,194,0.020246633371851494,Low Risk,148.35396657090232,High Value - Low Risk,0
16674,27,1,61,115.1,115.1,0,0.6181491334745476,Critical Risk,71.14896526292043,Standard Retention,0
16676,142,3,412,1098.5,366.1666666666667,124,0.5691500095422977,High Risk,625.211285482214,Standard Retention,0
16678,27,8,1638,2137.3,267.1625,184,0.2043898176837204,Low Risk,436.8423573354156,Monitor,0
16679,295,1,29,129.75,129.75,0,0.8059988885876608,Critical Risk,104.57835579424899,Standard Retention,1
16681,1,6,1407,1770.3400000000001,295.0566666666667,180,0.27210190045534416,Low Risk,481.712878452114,Monitor,1
16682,21,3,762,810.22,270.0733333333333,95,0.47285201206673255,High Risk,383.11415721670807,Standard Retention,0
16684,62,18,24485,33883.5,1882.4166666666667,224,0.010358995036657246,Low Risk,350.9990083245758,High Value - Low Risk,0
16686,27,6,1644,2399.94,399.99,257,0.2688209150242449,Low Risk,645.1540668032862,Monitor,0
16689,4,2,330,422.6,211.3,6,0.5425616209486458,High Risk,229.28654101289771,Standard Retention,1
16690,1,2,138,225.58,112.79,129,0.5013644009525193,High Risk,113.09778156686932,Standard Retention,1
16692,185,2,152,1276.0,638.0,32,0.687145798138491,Critical Risk,876.7980384247145,Standard Retention,1
16693,200,1,50,153.41,153.41,0,0.7487999978853572,Critical Risk,114.87340767559265,Standard Retention,0
16696,64,4,146,657.9,164.475,112,0.44808659314348775,High Risk,294.7961696291006,Standard Retention,1
16697,170,1,27,112.75,112.75,0,0.7278651013325995,Critical Risk,82.0667901752506,Standard Retention,1
16698,155,2,840,1998.0,999.0,26,0.6686758004169003,Critical Risk,1336.014249232967,Standard Retention,1
16700,9,11,3553,4423.62,402.1472727272727,285,0.092370994931607,Low Risk,408.61418059935534,Monitor,0
16701,58,10,4958,4050.42,405.04200000000003,232,0.14128491494181059,Low Risk,572.2632451786085,Monitor,0
16705,3,12,4192,10160.77,846.7308333333334,284,0.06219576826998152,Low Risk,631.9568963645802,High Value - Low Risk,0
16706,27,2,220,411.55,205.775,15,0.5596742022499019,High Risk,230.33391793594714,Standard Retention,0
16709,13,5,851,3029.87,605.9739999999999,197,0.31863028862177495,Moderate Risk,965.4083525864572,Monitor,1
16710,3,8,1598,2084.78,260.5975,294,0.1712022608786591,Low Risk,356.919049434611,Monitor,0
16711,69,3,253,909.87,303.29,217,0.47698767599410297,High Risk,433.99677675675446,Standard Retention,0
16712,24,8,1157,2489.81,311.22625,181,0.20141862254770795,Low Risk,501.4941006055087,Monitor,0
16713,2,12,2806,4588.72,382.3933333333334,293,0.07220217363899824,Low Risk,331.31555822074404,Monitor,0
16714,147,3,589,1129.06,376.3533333333333,98,0.5813732626395867,High Risk,656.4052959158516,Standard Retention,1
16715,7,1,642,301.71999999999997,301.71999999999997,0,0.6051582769805116,Critical Risk,182.58835533055995,Standard Retention,1
16716,195,2,120,901.2,450.6,44,0.690288053393043,Critical Risk,622.0875937178104,Standard Retention,1
16717,24,4,756,1559.66,389.915,270,0.36525686355136966,Moderate Risk,569.6765198065292,Monitor,0
16718,298,1,407,606.0500000000001,606.0500000000001,0,0.8131097478294955,Critical Risk,492.78516267206584,Standard Retention,1
16719,3,6,942,1483.75,247.29166666666666,293,0.24770655111008136,Low Risk,367.5345952095832,Monitor,0
16721,191,1,172,292.47,292.47,0,0.7447937733191345,Critical Risk,217.8298348826473,Standard Retention,1
16722,28,10,3724,3656.58,365.658,268,0.12488730853018845,Low Risk,456.6604346253165,Monitor,0
16723,20,2,398,576.4,288.2,16,0.5540785772537488,High Risk,319.37089192906075,Standard Retention,1
16725,231,7,288,758.27,108.32428571428571,69,0.4391007160140324,High Risk,332.9568999319603,Standard Retention,1
16726,125,4,512,777.16,194.29,164,0.485471510899224,High Risk,377.2890394104409,Standard Retention,0
16727,293,1,167,256.32,256.32,0,0.8064005993439373,Critical Risk,206.696601623838,Standard Retention,1
16728,95,3,320,548.31,182.76999999999998,97,0.5369803323230303,High Risk,294.4316860160407,Standard Retention,0
16729,14,18,4235,5697.72,316.54,155,0.0236158852212806,Low Risk,134.55670154299492,High Value - Low Risk,0
16730,163,2,750,480.94,240.47,84,0.6538491501930365,Critical Risk,314.46221029383895,Standard Retention,0
16734,43,2,108,302.40999999999997,151.20499999999998,0,0.5774725047470797,High Risk,174.63346016056434,Standard Retention,0
16735,7,5,1532,2247.41,449.48199999999997,255,0.3026090248192501,Moderate Risk,680.0865484690308,Monitor,1
16738,226,1,3,3.75,3.75,0,0.763625369053445,Critical Risk,2.863595133950419,Standard Retention,1
16739,105,1,172,323.0,323.0,0,0.6837530877624174,Critical Risk,220.85224734726083,Standard Retention,1
16743,42,6,1666,1860.9,310.15000000000003,245,0.2847926359018235,Low Risk,529.9706161497035,Monitor,0
16744,4,4,331,620.18,155.045,97,0.4014094797047692,High Risk,248.94613112330373,Standard Retention,0
16745,15,17,6719,7180.7,422.3941176470588,225,0.02601155553049604,Low Risk,186.78117679783293,High Value - Low Risk,1
16746,4,14,3552,5304.3,378.87857142857143,283,0.04718210558636571,Low Risk,250.26804266175964,High Value - Low Risk,0
16748,146,3,492,910.2,303.40000000000003,116,0.5752470088318434,High Risk,523.5898274387439,Standard Retention,0
16750,2,4,168,509.19,127.2975,158,0.3821029003438731,Moderate Risk,194.56297582609676,Monitor,0
16752,301,1,54,207.5,207.5,0,0.81014760254338,Critical Risk,168.10562752775135,Standard Retention,1
16754,301,1,4280,2002.4,2002.4,0,0.831405715548015,Critical Risk,1664.8068048133453,Standard Retention,1
16755,43,3,1058,1475.43,491.81,201,0.4593418579757631,High Risk,677.7267575131801,Standard Retention,1
16756,143,1,106,239.4,239.4,0,0.7106077815504778,Critical Risk,170.11950290318438,Standard Retention,1
16757,247,1,81,106.83000000000001,106.83000000000001,0,0.7780135586333417,Critical Risk,83.1151884687999,Standard Retention,1
16761,25,1,341,316.62,316.62,0,0.6201491210993031,Critical Risk,196.35161472246133,Standard Retention,1
16762,73,1,143,314.15000000000003,314.15000000000003,0,0.6587887484752546,Critical Risk,206.95848533350124,Standard Retention,0
16763,127,1,319,611.8499999999999,611.8499999999999,0,0.7046706553175315,Critical Risk,431.15274045603155,Standard Retention,1
16764,1,6,481,1084.07,180.6783333333333,70,0.3022084293535987,Moderate Risk,327.61509200935575,Monitor,0
16765,223,1,4,34.0,34.0,0,0.762111828813837,Critical Risk,25.911802179670456,Standard Retention,1
16766,202,2,536,1145.6,572.8,0,0.7079203512731728,Critical Risk,810.9935544185466,Standard Retention,1
16767,22,7,3913,4820.46,688.6371428571429,222,0.22151847312200743,Low Risk,1067.820938945712,Monitor,0
16768,32,2,88,286.49,143.245,168,0.5168003655351507,High Risk,148.05813672216533,Standard Retention,0
16769,189,1,80,361.54,361.54,0,0.7443336607400236,Critical Risk,269.10639170394813,Standard Retention,1
16770,165,4,365,649.38,162.345,135,0.5297533036180694,High Risk,344.0112003035019,Standard Retention,0
16771,4,4,1406,2098.31,524.5775,263,0.3500009454136019,Moderate Risk,734.410483770815,Monitor,0
16774,45,3,226,542.2,180.73333333333335,62,0.5037884950370392,High Risk,273.15412200908264,Standard Retention,0
16775,1,9,351,1358.08,150.89777777777778,295,0.14255996680748506,Low Risk,193.6078397219093,Monitor,0
16777,9,2,62,222.62,111.31,176,0.4938858467085777,High Risk,109.94886719426357,Standard Retention,1
16778,3,2,194,245.94,122.97,199,0.48177727317016694,High Risk,118.48830256347085,Standard Retention,1
16779,0,16,4001,7268.28,454.2675,295,0.027928339821665506,Low Risk,202.99099375901497,High Value - Low Risk,0
16780,29,2,270,422.24,211.12,158,0.5179135154147131,High Risk,218.68380274870847,Standard Retention,1
16781,301,1,113,311.25,311.25,0,0.8113235287387617,Critical Risk,252.52444831993958,Standard Retention,1
16782,6,10,554,1792.3500000000001,179.235,287,0.1188986518762576,Low Risk,213.10799869041034,Monitor,0
16788,52,2,304,594.39,297.195,131,0.5469480986436617,High Risk,325.1004803528061,Standard Retention,1
16791,51,5,335,791.87,158.374,209,0.3541879687541827,Moderate Risk,280.47082681737464,Monitor,0
16792,211,2,44,110.38,55.19,0,0.7108533469490571,Critical Risk,78.46399243623692,Standard Retention,1
16794,18,5,672,696.5699999999999,139.314,91,0.36153737114840745,Moderate Risk,251.83608662084615,Monitor,0
16795,294,1,239,414.88,414.88,0,0.8087559324519106,Critical Risk,335.53666125564865,Standard Retention,1
16796,18,1,186,305.62,305.62,0,0.6140135633025312,Critical Risk,187.65482521651958,Standard Retention,1
16801,92,4,493,1594.23,398.5575,110,0.4703441592613529,High Risk,749.8367690192267,Standard Retention,1
16804,199,1,34,118.05,118.05,0,0.7476490031011662,Critical Risk,88.25996481609268,Standard Retention,0
16805,102,2,539,460.59000000000003,230.29500000000002,186,0.5733130593751917,High Risk,264.06226201761956,Standard Retention,1
16806,32,4,356,762.16,190.54,135,0.41346346512720017,High Risk,315.12531458134686,Standard Retention,1
16807,71,3,778,1121.59,373.8633333333333,128,0.5063276288960513,High Risk,567.8920052935222,Standard Retention,1
16808,28,2,196,288.42,144.21,175,0.5112522231152828,High Risk,147.4553661909099,Standard Retention,1
16809,65,3,371,470.69,156.89666666666668,125,0.5022286750249206,High Risk,236.39401504747988,Standard Retention,0
16810,121,1,114,309.54,309.54,0,0.6955305116861195,Critical Risk,215.29451458732143,Standard Retention,1
16812,289,1,81,479.35,479.35,0,0.8066532713157485,Critical Risk,386.6692456052041,Standard Retention,1
16813,7,8,1233,1259.09,157.38625,126,0.20824966481992485,Low Risk,262.2050704781192,Monitor,0
16814,16,17,2372,5687.99,334.5876470588235,281,0.025279239010678228,Low Risk,143.78805870034765,High Value - Low Risk,0
16816,32,4,274,417.06,104.265,254,0.3795542844744862,Moderate Risk,158.2969098829292,Monitor,1
16817,114,7,574,1179.43,168.49,182,0.3091178559511471,Moderate Risk,364.58287284446146,Monitor,0
16818,0,10,2106,3221.81,322.181,134,0.13311107077154347,Low Risk,428.85857892246645,Monitor,1
16820,24,1,307,497.61,497.61,0,0.6223468016386732,Critical Risk,309.6859919634202,Standard Retention,1
16823,156,1,136,358.38,358.38,0,0.7216495165762112,Critical Risk,258.62475375058256,Standard Retention,1
16824,93,1,134,222.9,222.9,0,0.6729570908083781,Critical Risk,150.00213554118747,Standard Retention,0
16825,114,1,358,318.7,318.7,0,0.6906342541126647,Critical Risk,220.1051367857062,Standard Retention,0
16828,22,2,59,128.5,64.25,19,0.5529278669349234,High Risk,71.05123090113766,Standard Retention,1
16829,85,1,99,197.22,197.22,0,0.6663026097080323,Critical Risk,131.40820068661813,Standard Retention,1
16832,113,3,33,199.15,66.38333333333334,33,0.5720623276806335,High Risk,113.92621255759816,Standard Retention,1
16833,188,3,306,671.2900000000001,223.76333333333335,74,0.6230790825582628,Critical Risk,418.2667573305363,Standard Retention,1
16834,156,1,358,413.46,413.46,0,0.7226099930923904,Critical Risk,298.7703277439797,Standard Retention,1
16835,57,2,61,180.85,90.425,244,0.5150167144931304,High Risk,93.14077281608262,Standard Retention,1
16836,45,1,84,91.32000000000001,91.32000000000001,0,0.6325847794577315,Critical Risk,57.76764206008004,Standard Retention,0
16837,86,9,727,1911.74,212.41555555555556,88,0.2216365441875417,Low Risk,423.71144698509096,Monitor,0
16838,126,2,185,588.85,294.425,90,0.6220206640466602,Critical Risk,366.2768680238759,Standard Retention,1
16839,3,25,6616,12627.94,505.11760000000004,295,0.0031890036077458265,Low Risk,40.27054621839783,High Value - Low Risk,0
16841,66,5,1878,1561.06,312.212,150,0.3812198314145393,Moderate Risk,595.1070300279807,Monitor,0
16842,29,3,693,1264.19,421.3966666666667,201,0.4470165915398786,High Risk,565.1139048587992,Standard Retention,1
16843,22,13,9034,8809.24,677.6338461538461,233,0.060061130178544045,Low Risk,529.0929104140373,High Value - Low Risk,0
16849,115,1,33,124.57,124.57,0,0.688142963677489,Critical Risk,85.7219689853048,Standard Retention,1
16850,262,1,249,332.41,332.41,0,0.7897868002724219,Critical Risk,262.53303027855577,Standard Retention,1
16852,105,1,51,113.06,113.06,0,0.6803890044542128,Critical Risk,76.9247808435933,Standard Retention,1
16858,297,1,91,375.69000000000005,375.69000000000005,0,0.8098627568737979,Critical Risk,304.25733912991717,Standard Retention,1
16859,73,2,827,747.81,373.905,116,0.5707259110051436,High Risk,426.7945435087564,Standard Retention,1
16861,87,1,24,70.80000000000001,70.80000000000001,0,0.6657858908317003,Critical Risk,47.137641070884385,Standard Retention,0
16863,295,1,105,164.25,164.25,0,0.806430201080235,Critical Risk,132.4561605274286,Standard Retention,0
16866,69,3,60,207.74,69.24666666666667,20,0.5378541274603313,High Risk,111.73381643860924,Standard Retention,1
16869,94,2,242,387.68,193.84,9,0.6182970997414233,Critical Risk,239.701419627755,Standard Retention,0
16871,18,5,1061,2367.26,473.45200000000006,181,0.32971463726734146,Moderate Risk,780.5202722174868,Monitor,0
16872,6,3,600,680.02,226.67333333333332,107,0.45605546052107365,High Risk,310.1268342635405,Standard Retention,1
16873,56,4,2055,3871.47,967.8675,236,0.3954609334405813,Moderate Risk,1531.0151399872072,Monitor,0
16875,73,4,488,1138.2,284.55,195,0.4295255890468812,High Risk,488.8860254531602,Standard Retention,0
16877,81,2,104,188.98,94.49,56,0.5927771552554818,High Risk,112.02302680018094,Standard Retention,0
16878,13,1,12,13.3,13.3,0,0.6046853163339756,Critical Risk,8.042314707241875,Standard Retention,1
16880,28,6,605,1093.1200000000001,182.1866666666667,89,0.3175609261494935,Moderate Risk,347.1321995925344,Monitor,0
16882,168,2,102,215.70000000000002,107.85000000000001,77,0.6583026266427745,Critical Risk,141.99587656684648,Standard Retention,0
16883,116,2,103,272.48,136.24,184,0.5848117401170738,High Risk,159.3495029471003,Standard Retention,1
16885,286,1,35,177.95,177.95,0,0.801560737186098,Critical Risk,142.63773318226612,Standard Retention,0
16889,123,3,925,1578.67,526.2233333333334,142,0.5472579742232162,High Risk,863.9397461669647,Standard Retention,1
16891,24,3,178,515.79,171.92999999999998,275,0.4206368084588542,High Risk,216.9602594349924,Standard Retention,0
16892,112,1,77,102.97999999999999,102.97999999999999,0,0.6855785394919401,Critical Risk,70.60087799687999,Standard Retention,0
16893,295,1,62,145.93,145.93,0,0.8061997036142858,Critical Risk,117.64872274843273,Standard Retention,1
16897,228,2,73,289.78,144.89,14,0.7200837923124909,Critical Risk,208.6658813363136,Standard Retention,1
16898,106,2,244,313.77,156.885,191,0.5744382273536509,High Risk,180.24148259675505,Standard Retention,0
16899,18,4,254,587.73,146.9325,270,0.36294132744948066,Moderate Risk,213.31150638188328,Monitor,0
16902,45,1,629,1706.88,1706.88,0,0.659540955291773,Critical Risk,1125.7572657684216,Standard Retention,1
16904,23,14,1602,2948.55,210.6107142857143,272,0.05450865199637534,Low Risk,160.72148584391252,Monitor,0
16905,165,3,260,822.1800000000001,274.06,135,0.5856940327501018,High Risk,481.54591984647874,Standard Retention,0
16906,10,4,263,559.59,139.8975,166,0.3863550913458534,Moderate Risk,216.2004455662261,Monitor,1
16907,77,4,217,658.99,164.7475,217,0.4276699806076394,High Risk,281.8302405206283,Standard Retention,0
16909,1,1,436,379.14,379.14,0,0.6012561518002701,Critical Risk,227.96025739355443,Standard Retention,1
16910,6,4,466,755.08,188.77,13,0.42781984487545316,High Risk,323.0382084685572,Standard Retention,0
16912,63,7,585,1538.5800000000002,219.7971428571429,188,0.2689590501781917,Low Risk,413.81501542316227,Monitor,0
16913,219,1,82,113.44,113.44,0,0.7606471173141249,Critical Risk,86.28780898811434,Standard Retention,1
16915,56,4,59,382.39000000000004,95.59750000000001,156,0.42869626144777273,High Risk,163.92916341501385,Standard Retention,0
16916,301,1,102,196.43,196.43,0,0.8100532658089368,Critical Risk,159.11876300284945,Standard Retention,0
16917,205,1,232,391.52,391.52,0,0.7553870578190007,Critical Risk,295.74914087729513,Standard Retention,1
16918,24,3,562,822.7,274.23333333333335,221,0.43693173413706177,High Risk,359.4637376745607,Standard Retention,0
16919,85,11,1403,2592.25,235.6590909090909,212,0.13250265550604653,Low Risk,343.4800087355491,Monitor,1
16923,28,14,2158,4763.9400000000005,340.2814285714286,263,0.05296863671626208,Low Risk,252.33940719806958,Monitor,0
16924,13,1,97,271.11,271.11,0,0.6091730381809505,Critical Risk,165.15290238123748,Standard Retention,0
16926,300,1,35,230.25,230.25,0,0.8098469998228992,Critical Risk,186.46727170922253,Standard Retention,1
16927,44,3,993,543.05,181.01666666666665,245,0.44766633206903717,High Risk,243.10520163009062,Standard Retention,1
16928,9,17,2092,2814.7,165.5705882352941,292,0.026839596659336933,Low Risk,75.54541271703566,Monitor,1
16929,0,3,406,539.72,179.90666666666667,83,0.45808907084137795,High Risk,247.23983331450853,Standard Retention,0
16931,4,15,2128,3153.97,210.26466666666664,294,0.04009057141697595,Low Risk,126.44445953199964,Monitor,0
16933,168,1,127,224.73,224.73,0,0.7281386630322675,Critical Risk,163.63460174324146,Standard Retention,1
16938,108,3,2318,2386.05,795.35,129,0.5386620987293445,High Risk,1285.2747006731524,Standard Retention,1
16940,98,2,1236,1868.3600000000001,934.1800000000001,120,0.5953435228303567,High Risk,1112.3160243153254,Standard Retention,0
16942,65,7,593,1439.44,205.6342857142857,91,0.2949923279786206,Low Risk,424.6237565855457,Monitor,0
16943,140,3,145,816.73,272.24333333333334,106,0.572863365272173,High Risk,467.8746963187418,Standard Retention,1
16945,14,14,2093,3292.54,235.18142857142857,272,0.05241745482175414,Low Risk,172.58656669881836,Monitor,0
16947,164,1,312,406.48,406.48,0,0.7280751275079961,Critical Risk,295.9479778294503,Standard Retention,1
16948,67,3,1614,435.02,145.00666666666666,187,0.4861678439437988,High Risk,211.49273547243135,Standard Retention,1
16949,114,4,386,893.75,223.4375,130,0.4857355286194427,High Risk,434.12612870362693,Standard Retention,0
16950,53,2,337,778.41,389.205,242,0.5146198900569784,High Risk,400.58526861925253,Standard Retention,0
16951,63,3,1318,1277.75,425.9166666666667,169,0.48707876484809975,High Risk,622.3648917846594,Standard Retention,1
16952,38,2,92,167.61,83.805,0,0.5726705915218144,High Risk,95.98531784497132,Standard Retention,1
16954,53,4,744,1245.3799999999999,311.34499999999997,235,0.40044279288009194,High Risk,498.70344539700886,Standard Retention,0
16955,113,4,266,518.67,129.6675,188,0.46823590112645547,High Risk,242.85991483725863,Standard Retention,1
16957,168,2,172,416.64,208.32,42,0.6686269370102891,Critical Risk,278.5767270359668,Standard Retention,1
16959,16,1,49,117.35000000000001,117.35000000000001,0,0.6090137633867605,Critical Risk,71.46776513343634,Standard Retention,1
16960,181,1,95,201.53,201.53,0,0.7367392242395701,Critical Risk,148.47505586100056,Standard Retention,0
16961,45,1,125,234.17000000000002,234.17000000000002,0,0.6349986662619195,Critical Risk,148.6976376785537,Standard Retention,1
16963,116,1,35,110.55000000000001,110.55000000000001,0,0.6886825068563618,Critical Risk,76.1338511329708,Standard Retention,1
16965,155,1,291,201.19,201.19,0,0.7187873697132459,Critical Risk,144.61283091260793,Standard Retention,1
16966,99,4,1320,1486.56,371.64,70,0.4898718217128822,High Risk,728.223855285502,Standard Retention,0
16967,118,1,333,319.02,319.02,0,0.6936137157431297,Critical Risk,221.2766475963732,Standard Retention,1
16968,36,1,98,253.31,253.31,0,0.6279360313126789,Critical Risk,159.06247609181472,Standard Retention,1
16969,63,2,740,478.96,239.48,57,0.5787728274832562,High Risk,277.2090334513804,Standard Retention,0
16976,196,1,88,251.51999999999998,251.51999999999998,0,0.7475048794943132,Critical Risk,188.01242729040965,Standard Retention,1
16978,6,1,166,344.33,344.33,0,0.6046205743433386,Critical Risk,208.18900236364178,Standard Retention,1
16979,76,2,135,555.65,277.825,149,0.5620179354918896,High Risk,312.28526585606846,Standard Retention,0
16980,184,2,739,1028.46,514.23,36,0.6850073960406748,Critical Risk,704.5027065319924,Standard Retention,1
16983,25,5,731,1185.35,237.07,272,0.31532259203275853,Moderate Risk,373.7676344660303,Monitor,0
16984,17,2,2380,4459.52,2229.76,41,0.5601309161442377,High Risk,2497.9150231635513,Standard Retention,1
16985,17,8,1401,4080.44,510.055,270,0.17448755467894583,Low Risk,711.9859976141578,Monitor,0
16987,99,3,103,629.45,209.8166666666667,35,0.559027633757601,High Risk,351.87994406872195,Standard Retention,0
16989,8,3,1109,928.65,309.55,71,0.46902287587637503,High Risk,435.55809368259565,Standard Retention,0
16990,147,1,100,179.0,179.0,0,0.7125982057765634,Critical Risk,127.55507883400485,Standard Retention,1
16992,27,3,630,972.35,324.1166666666667,185,0.45035892958116597,High Risk,437.90650517824673,Standard Retention,0
16996,50,5,390,1041.78,208.356,232,0.3459314740193016,Moderate Risk,360.384491003828,Monitor,0
16997,217,3,360,702.0,234.0,37,0.6570166024888047,Critical Risk,461.22565494714087,Standard Retention,1
16998,78,4,76,295.0,73.75,154,0.4486337088756536,High Risk,132.34694411831782,Standard Retention,1
16999,3,1,141,245.82999999999998,245.82999999999998,0,0.6003817674704894,Critical Risk,147.5918498972704,Standard Retention,0
17001,20,8,1566,2793.4900000000002,349.18625000000003,267,0.18184655001740285,Low Risk,507.9865190081147,Monitor,0
17002,14,3,679,1493.73,497.91,205,0.43259060989261233,High Risk,646.1735717148919,Standard Retention,1
17004,21,1,554,905.6,905.6,0,0.6269546144184853,Critical Risk,567.7700988173804,Standard Retention,0
17006,4,1,100,280.76,280.76,0,0.6017879237484274,Critical Risk,168.95797747160847,Standard Retention,0
17007,84,5,346,575.44,115.08800000000001,202,0.3841454774100178,Moderate Risk,221.05267352082066,Monitor,0
17015,0,2,1699,1566.03,783.015,114,0.5115873936002469,High Risk,801.1612059997946,Standard Retention,0
17017,1,15,5011,6246.32,416.42133333333334,299,0.03601681508325056,Low Risk,224.97255239080962,High Value - Low Risk,0
17018,254,1,60,405.0,405.0,0,0.7858397571155502,Critical Risk,318.26510163179785,Standard Retention,0
17019,190,3,658,995.93,331.97666666666663,106,0.6154896067978354,Critical Risk,612.9845640981681,Standard Retention,0
17024,28,2,45,56.25,28.125,58,0.5460140831635518,High Risk,30.71329217794979,Standard Retention,0
17025,302,2,139,160.97,80.485,0,0.7721282819942658,Critical Risk,124.28948955261696,Standard Retention,0
17026,114,2,97,154.83,77.415,184,0.5826696825497656,High Risk,90.21474694918021,Standard Retention,1
17027,7,6,416,877.5600000000001,146.26000000000002,238,0.2655189120779394,Low Risk,233.0087764831165,Monitor,1
17029,39,2,400,716.0,358.0,126,0.5376778663832998,High Risk,384.97735233044267,Standard Retention,1
17031,83,1,125,225.95,225.95,0,0.6652193175202643,Critical Risk,150.3063047937037,Standard Retention,0
17033,15,3,750,1030.14,343.38000000000005,273,0.41358293135335217,High Risk,426.04832090434223,Standard Retention,1
17034,8,2,222,364.88,182.44,207,0.48418397851715983,High Risk,176.66905008134128,Standard Retention,0
17035,174,2,229,433.53000000000003,216.76500000000001,65,0.6671444058299022,Critical Risk,289.22711425943754,Standard Retention,1
17037,16,1,656,1267.32,1267.32,0,0.6290014488880038,Critical Risk,797.1461162047449,Standard Retention,1
17040,66,1,181,449.73,449.73,0,0.6554707983195387,Critical Risk,294.7848821282461,Standard Retention,1
17041,37,2,539,750.89,375.445,251,0.4978955628779762,High Risk,373.86479920944356,Standard Retention,0
17042,50,4,888,915.02,228.755,125,0.43187967177293507,High Risk,395.178537265671,Standard Retention,1
17043,107,2,357,324.96999999999997,162.48499999999999,87,0.6062910581615935,Critical Risk,197.02640517077302,Standard Retention,0
17045,42,3,106,339.44,113.14666666666666,134,0.47915515817258747,High Risk,162.6444268901031,Standard Retention,1
17046,86,1,510,642.02,642.02,0,0.6744702266800321,Critical Risk,433.0233749331142,Standard Retention,1
17047,14,3,533,1100.9,366.9666666666667,119,0.45890637112588,High Risk,505.21002397248134,Standard Retention,1
17048,46,3,485,925.35,308.45,213,0.4582973695509492,High Risk,424.0854709139708,Standard Retention,1
17049,13,6,1366,3241.84,540.3066666666667,191,0.2711045785095441,Low Risk,878.8776667953805,Monitor,0
17050,25,6,1595,3185.64,530.9399999999999,203,0.2769880840667048,Low Risk,882.3843201262574,Monitor,1
17051,123,1,179,240.89,240.89,0,0.6960274479363777,Critical Risk,167.66605193339402,Standard Retention,1
17053,59,1,122,498.48,498.48,0,0.6506404449301476,Critical Risk,324.33124898878,Standard Retention,1
17054,66,4,739,1207.32,301.83,107,0.4500821168015184,High Risk,543.3931412568091,Standard Retention,0
17058,10,3,592,1179.89,393.2966666666667,158,0.44355242210223483,High Risk,523.3430673142059,Standard Retention,1
17059,39,4,1279,2237.1,559.275,259,0.3790725127306382,Moderate Risk,848.0231182297107,Monitor,0
17060,195,1,216,234.24,234.24,0,0.7466979620467044,Critical Risk,174.90653062982003,Standard Retention,1
17061,2,11,1526,5232.2300000000005,475.65727272727275,158,0.10094749873793743,Low Risk,528.1805313215984,High Value - Low Risk,1
17062,242,4,418,533.33,133.3325,55,0.6200198037177524,Critical Risk,330.67516191678897,Standard Retention,1
17063,92,4,309,671.87,167.9675,126,0.46834561077599185,High Risk,314.66736551206566,Standard Retention,0
17064,111,2,187,457.40000000000003,228.70000000000002,144,0.5931934538528871,High Risk,271.32668579231057,Standard Retention,0
17068,13,17,1793,3826.69,225.09941176470588,283,0.02654153304948035,Low Risk,101.56621910511596,Monitor,0
17069,6,7,1056,2058.91,294.13,295,0.20701584227566378,Low Risk,426.22698781978687,Monitor,0
17070,43,1,131,304.24,304.24,0,0.634539987041843,Critical Risk,193.05244565761032,Standard Retention,1
17071,17,7,766,1694.22,242.03142857142856,221,0.23053014897950938,Low Risk,390.5687890040644,Monitor,0
17073,11,2,504,841.1899999999999,420.59499999999997,27,0.5439897364430941,High Risk,457.5987263985663,Standard Retention,0
17075,182,3,241,696.07,232.02333333333334,64,0.6209285586264741,Critical Risk,432.2097418031299,Standard Retention,0
17076,202,2,112,334.2,167.1,90,0.681582474431113,Critical Risk,227.78486295487795,Standard Retention,0
17079,7,1,24,118.80000000000001,118.80000000000001,0,0.6014613623087135,Critical Risk,71.45360984227517,Standard Retention,1
17080,198,1,72,76.32000000000001,76.32000000000001,0,0.7464465403722258,Critical Risk,56.968799961208276,Standard Retention,0
17082,247,1,316,636.94,636.94,0,0.784660365246936,Critical Risk,499.7815730403835,Standard Retention,0
17083,38,3,772,1405.78,468.5933333333333,194,0.45691388422321766,High Risk,642.320400163315,Standard Retention,1
17085,52,5,785,1562.4,312.48,239,0.34367730178977507,Moderate Risk,536.9614163163446,Monitor,1
17088,1,3,747,1751.73,583.91,181,0.4284319162141567,High Risk,750.4970405898248,Standard Retention,0
17090,17,5,637,1448.21,289.642,266,0.30971623957247757,Moderate Risk,448.53415531125773,Monitor,0
17091,27,7,1290,2692.0,384.57142857142856,269,0.22225509535363785,Low Risk,598.3107166919931,Monitor,0
17092,16,3,606,985.92,328.64,189,0.43956663559592296,High Risk,433.3775373667323,Standard Retention,0
17094,251,1,152,302.0,302.0,0,0.7828660305120361,Critical Risk,236.4255412146349,Standard Retention,1
17095,228,2,234,543.96,271.98,35,0.7157592092041685,Critical Risk,389.3443794386995,Standard Retention,0
17096,72,2,178,443.94,221.97,118,0.5675444002992178,High Risk,251.95566106883476,Standard Retention,0
17097,29,6,250,639.53,106.58833333333332,265,0.2751746680997135,Low Risk,175.98245548980978,Monitor,1
17101,107,1,158,230.58,230.58,0,0.6838277456590748,Critical Risk,157.67700159406948,Standard Retention,0
17102,190,1,2,25.5,25.5,0,0.7403394386090937,Critical Risk,18.87865568453189,Standard Retention,1
17105,88,2,693,665.78,332.89,147,0.5738865574690126,High Risk,382.0821922317192,Standard Retention,1
17107,4,4,3520,8498.82,2124.705,202,0.3494157732603434,Moderate Risk,2969.6217621004716,High Value - Low Risk,0
17109,161,2,248,464.59000000000003,232.29500000000002,0,0.6747939113016259,Critical Risk,313.5025032516224,Standard Retention,0
17110,94,1,50,163.29999999999998,163.29999999999998,0,0.672719853906104,Critical Risk,109.85515214286677,Standard Retention,1
17114,67,6,156,601.9399999999999,100.32333333333332,196,0.320861341076307,Moderate Risk,193.1392756474722,Monitor,0
17115,111,2,260,612.82,306.41,50,0.6213247049644043,Critical Risk,380.7602056962863,Standard Retention,1
17117,217,1,68,116.2,116.2,0,0.7593919957389731,Critical Risk,88.24134990486867,Standard Retention,1
17118,246,1,154,157.02,157.02,0,0.7780759649588695,Critical Risk,122.1734880178417,Standard Retention,1
17120,162,1,120,307.46,307.46,0,0.7251247625963612,Critical Risk,222.94685950787718,Standard Retention,1
17122,48,1,80,138.32,138.32,0,0.6358085502094707,Critical Risk,87.94503866497398,Standard Retention,1
17123,90,1,246,345.3,345.3,0,0.6726622592053804,Critical Risk,232.27027810361784,Standard Retention,1
17124,114,1,129,294.24,294.24,0,0.6900748759418759,Critical Risk,203.04763149713756,Standard Retention,1
17126,81,5,780,989.45,197.89000000000001,210,0.3778726058263836,Moderate Risk,373.8860498349153,Monitor,1
17128,263,1,76,157.09,157.09,0,0.7881696987159587,Critical Risk,123.81357797128994,Standard Retention,1
17131,4,1,264,789.77,789.77,0,0.6106502783706348,Critical Risk,482.27327034877624,Standard Retention,0
17133,16,4,2363,4137.6900000000005,1034.4225000000001,178,0.3784462704583432,Moderate Risk,1565.8933488127823,Monitor,0
17134,35,2,98,413.2,206.6,157,0.5232854231815197,High Risk,216.22153685860394,Standard Retention,1
17135,218,2,420,500.55,250.275,82,0.6965124454356517,Critical Risk,348.6393045628155,Standard Retention,0
17138,204,1,126,380.5,380.5,0,0.754517008383388,Critical Risk,287.09372168987915,Standard Retention,1
17139,17,8,4048,8369.36,1046.17,200,0.17132007580904854,Low Risk,1433.8393896732186,High Value - Low Risk,0
17140,176,1,296,454.12,454.12,0,0.7369926219833408,Critical Risk,334.68308949507474,Standard Retention,1
17142,168,1,81,579.0,579.0,0,0.733105453696053,Critical Risk,424.4680576900147,Standard Retention,1
17144,13,1,351,595.89,595.89,0,0.6149312712673026,Critical Risk,366.43139523547296,Standard Retention,1
17146,34,3,212,749.78,249.92666666666665,253,0.4356577652512247,High Risk,326.64747923006325,Standard Retention,1
17147,9,3,689,1349.3,449.76666666666665,230,0.42093322742662487,High Risk,567.9652037667449,Standard Retention,0
17152,123,3,517,1689.5,563.1666666666666,68,0.5691696146181464,High Risk,961.6120638973583,Standard Retention,1
17154,4,1,490,329.34,329.34,0,0.6029742814638772,Critical Risk,198.5835498573133,Standard Retention,1
17155,106,1,154,143.3,143.3,0,0.6817075882739554,Critical Risk,97.68869739965781,Standard Retention,0
17157,105,1,102,161.46,161.46,0,0.6811851474026235,Critical Risk,109.98415389962759,Standard Retention,1
17158,161,2,461,698.5500000000001,349.27500000000003,127,0.6406926286592892,Critical Risk,447.55583574994654,Standard Retention,0
17159,4,2,546,926.67,463.335,96,0.517134803070238,High Risk,479.21330796109737,Standard Retention,0
17160,38,5,2417,3001.18,600.236,132,0.35755108720996615,Moderate Risk,1073.0751719128061,Monitor,0
17162,60,9,865,1463.66,162.6288888888889,174,0.19162140729982327,Low Risk,280.46858900845933,Monitor,0
17163,7,1,26,123.10000000000001,123.10000000000001,0,0.6015370941467699,Critical Risk,74.04921628946738,Standard Retention,0
17164,8,4,1244,2016.26,504.065,193,0.37318608472924714,Moderate Risk,752.4401751961918,Monitor,0
17165,213,1,100,158.68,158.68,0,0.7573973028865862,Critical Risk,120.1838040220435,Standard Retention,1
17166,132,1,57,127.59,127.59,0,0.7008788502599999,Critical Risk,89.42513250467339,Standard Retention,0
17169,112,1,102,308.68,308.68,0,0.6887703009114832,Critical Risk,212.60961648535664,Standard Retention,0
17171,218,1,185,224.91,224.91,0,0.7615325711718353,Critical Risk,171.27629058225747,Standard Retention,1
17172,7,1,480,317.76,317.76,0,0.6052873868408352,Critical Risk,192.33612004254377,Standard Retention,1
17173,45,2,238,961.26,480.63,14,0.5775266929829556,High Risk,555.1533088967958,Standard Retention,0
17174,146,1,41,59.9,59.9,0,0.7100771052834517,Critical Risk,42.533618606478754,Standard Retention,1
17175,70,3,644,1132.63,377.54333333333335,155,0.49702720887597107,High Risk,562.9479275891912,Standard Retention,0
17176,130,1,170,306.13,306.13,0,0.702177976594412,Critical Risk,214.95774397484732,Standard Retention,1
17179,107,3,290,711.79,237.26333333333332,183,0.5209974877691922,High Risk,370.84080181923326,Standard Retention,1
17180,170,3,516,552.8,184.26666666666665,74,0.6084136838394326,Critical Risk,336.33108442643834,Standard Retention,0
17181,302,1,216,155.52,155.52,0,0.8102083868428998,Critical Risk,126.00360832180777,Standard Retention,0
17183,34,1,141,329.67,329.67,0,0.627611699998526,Critical Risk,206.90474913851406,Standard Retention,0
17187,155,1,144,203.95,203.95,0,0.7187154779292492,Critical Risk,146.58202172367035,Standard Retention,1
17188,93,5,971,1815.09,363.018,198,0.3877741782740732,Moderate Risk,703.8450332434875,Monitor,0
17189,35,2,226,383.75,191.875,253,0.4938528703912839,High Risk,189.5160390126552,Standard Retention,1
17190,136,1,1,195.0,195.0,0,0.7047798184892112,Critical Risk,137.4320646053962,Standard Retention,0
17191,23,6,859,1561.51,260.25166666666667,273,0.2653880390345153,Low Risk,414.40607683278597,Monitor,0
17193,15,3,240,747.6,249.20000000000002,90,0.4687000172541952,High Risk,350.4001328992363,Standard Retention,0
17194,202,2,119,262.62,131.31,86,0.6824199963444578,Critical Risk,179.2171394399815,Standard Retention,1
17198,294,2,242,521.66,260.83,5,0.767085321123363,Critical Risk,400.15772861721354,Standard Retention,0
17204,104,4,646,1564.56,391.14,88,0.48784608970739624,High Risk,763.2644781126038,Standard Retention,1
17211,109,6,793,1464.89,244.14833333333334,189,0.35184599176730647,Moderate Risk,515.4156748800096,Monitor,0
17212,182,1,147,226.85,226.85,0,0.7378094754717841,Critical Risk,167.37207951077423,Standard Retention,1
17213,70,5,758,1780.01,356.002,225,0.36106072107868764,Moderate Risk,642.6916941272748,Monitor,0
17214,14,5,220,862.4200000000001,172.484,273,0.30767530572772694,Moderate Risk,265.34533716570627,Monitor,0
17217,163,1,24,113.5,113.5,0,0.7229749420708377,Critical Risk,82.05765592504008,Standard Retention,1
17218,0,7,638,1355.6,193.65714285714284,297,0.20584012349939415,Low Risk,279.0368714157787,Monitor,0
17220,0,11,1590,2610.01,237.27363636363637,292,0.0931555553151901,Low Risk,243.13693092819932,Monitor,0
17223,239,2,110,416.89,208.445,58,0.7173921986725265,Critical Risk,299.07363370458955,Standard Retention,1
17226,237,1,406,393.49,393.49,0,0.7756994443236657,Critical Risk,305.2299743469192,Standard Retention,1
17227,101,3,296,473.75,157.91666666666666,195,0.5122921006944396,High Risk,242.69838270399077,Standard Retention,0
17228,16,5,872,1056.3,211.26,284,0.30603608143856853,Moderate Risk,323.2659128235599,Monitor,0
17229,25,2,185,318.76,159.38,46,0.5481593043032286,High Risk,174.73125983969715,Standard Retention,1
17230,193,8,1651,3638.41,454.80125,95,0.33006821071580983,Moderate Risk,1200.9234785505096,Monitor,1
17231,55,7,1033,1905.82,272.26,235,0.250981247915313,Low Risk,478.3250819019618,Monitor,0
17234,111,1,55,149.89,149.89,0,0.6855286029835391,Critical Risk,102.75388230120267,Standard Retention,1
17235,301,1,126,341.90000000000003,341.90000000000003,0,0.8116673012734695,Critical Risk,277.5090503053993,Standard Retention,0
17236,108,5,400,697.73,139.546,183,0.40939478250951894,High Risk,285.64702160036666,Standard Retention,0
17238,13,12,1040,2207.88,183.99,286,0.08047017354090379,Low Risk,177.66848675749065,Monitor,0
17239,241,1,150,382.5,382.5,0,0.7778324702119196,Critical Risk,297.52091985605927,Standard Retention,1
17242,37,2,611,1135.04,567.52,72,0.5541222346243442,High Risk,628.9509011880156,Standard Retention,1
17243,7,17,1579,4581.06,269.47411764705885,291,0.025080234674135303,Low Risk,114.89405985629428,Monitor,0
17245,133,1,75,171.45000000000002,171.45000000000002,0,0.7022872441794767,Critical Risk,120.4071480145713,Standard Retention,1
17248,49,1,213,318.65,318.65,0,0.6397239330410629,Critical Risk,203.84803126353466,Standard Retention,1
17250,190,1,70,162.65,162.65,0,0.7422749923196259,Critical Risk,120.73102750078716,Standard Retention,1
17251,291,1,108,269.83,269.83,0,0.8054182908382087,Critical Risk,217.32601741687384,Standard Retention,1
17252,45,2,192,348.90999999999997,174.45499999999998,69,0.5586662438876908,High Risk,194.92423915485418,Standard Retention,1
17255,228,1,73,108.25999999999999,108.25999999999999,0,0.7662839127892774,Critical Risk,82.95789639856717,Standard Retention,0
17256,36,2,141,240.0,120.0,204,0.5091470966305193,High Risk,122.19530319132463,Standard Retention,1
17259,77,2,388,581.23,290.615,220,0.54166673519751,High Risk,314.8329564988487,Standard Retention,1
17262,156,4,327,955.3600000000001,238.84000000000003,139,0.5195892898445985,High Risk,496.3948239459357,Standard Retention,0
17263,137,1,36,63.440000000000005,63.440000000000005,0,0.7035735134051936,Critical Risk,44.63470369042548,Standard Retention,1
17265,67,2,389,550.01,275.005,41,0.5869026915772608,High Risk,322.80234939440925,Standard Retention,1
17266,76,1,27,113.06,113.06,0,0.6578170638933494,Critical Risk,74.37279724378209,Standard Retention,1
17267,56,2,158,317.2,158.6,0,0.588675027723781,High Risk,186.7277187939833,Standard Retention,1
17268,36,4,844,763.64,190.91,137,0.416720885429606,High Risk,318.22473694946433,Standard Retention,1
17272,128,2,1161,1409.44,704.72,63,0.6351319307326503,Critical Risk,895.1803484518266,Standard Retention,0
17277,156,2,430,1065.3500000000001,532.6750000000001,95,0.6469076407822176,Critical Risk,689.1830551073357,Standard Retention,1
17278,170,1,179,246.04000000000002,246.04000000000002,0,0.729867496714767,Critical Risk,179.57659889170128,Standard Retention,1
17282,59,3,1866,1685.46,561.82,169,0.48368749095112623,High Risk,815.2359184984853,Standard Retention,1
17284,49,5,1238,1489.04,297.808,215,0.34866127484725973,Moderate Risk,519.1705846985636,Monitor,0
17287,3,6,471,880.3,146.71666666666667,298,0.2487974267994065,Low Risk,219.01637481151752,Monitor,0
17288,136,5,662,663.7,132.74,151,0.4434481269958242,High Risk,294.31652188712854,Standard Retention,0
17289,109,1,132,164.45,164.45,0,0.6843001262662803,Critical Risk,112.53315576448979,Standard Retention,0
17291,237,1,72,550.8000000000001,550.8000000000001,0,0.7774388930773365,Critical Risk,428.213342306997,Standard Retention,1
17293,14,6,700,1117.37,186.22833333333332,276,0.2603931269774346,Low Risk,290.9554682907761,Monitor,0
17298,30,2,387,498.42,249.21,23,0.5603279669266614,High Risk,279.2786652755866,Standard Retention,1
17299,18,3,599,565.55,188.51666666666665,83,0.47398085308998594,High Risk,268.0598714650415,Standard Retention,0
17302,51,3,345,661.61,220.53666666666666,182,0.47225838249120655,High Risk,312.4508684400072,Standard Retention,0
17303,290,1,144,250.04,250.04,0,0.8046653670247096,Critical Risk,201.19852837085838,Standard Retention,1
17306,0,16,10132,7206.24,450.39,282,0.029068700122059157,Low Risk,209.47602956758757,High Value - Low Risk,0
17309,24,1,41,82.75,82.75,0,0.6150911317388303,Critical Risk,50.89879115138821,Standard Retention,1
17311,7,2,1005,1384.85,692.425,238,0.47836593888360013,High Risk,662.4650704629536,Standard Retention,1
17312,67,3,372,644.3,214.76666666666665,20,0.5359766610207456,High Risk,345.3297626956664,Standard Retention,1
17314,77,5,1018,1506.92,301.384,164,0.3857717700971684,Moderate Risk,581.327195794825,Monitor,0
17315,4,32,3262,4936.89,154.2778125,282,0.0009012138751854461,Low Risk,4.449193768264277,Monitor,0
17317,18,1,606,2027.94,2027.94,0,0.6432111543294529,Critical Risk,1304.3936283108708,Standard Retention,0
17320,29,3,634,1200.6200000000001,400.2066666666667,267,0.4270930927036186,High Risk,512.7765089618186,Standard Retention,1
17323,53,4,495,530.95,132.7375,167,0.42273513495712045,High Risk,224.45121990548313,Standard Retention,0
17324,260,2,606,702.23,351.115,34,0.739034217570625,Critical Risk,518.97199860462,Standard Retention,0
17325,209,1,60,96.8,96.8,0,0.7539553883766651,Critical Risk,72.98288159486118,Standard Retention,1
17329,244,1,67,243.36,243.36,0,0.7778752992571301,Critical Risk,189.30373282721519,Standard Retention,0
17331,52,1,16,175.2,175.2,0,0.6396108539045242,Critical Risk,112.05982160407264,Standard Retention,1
17333,14,1,375,494.25,494.25,0,0.6140580209791711,Critical Risk,303.4981768689553,Standard Retention,1
17334,231,2,315,307.02000000000004,153.51000000000002,6,0.7244028630499542,Critical Risk,222.40616701359696,Standard Retention,1
17337,80,4,1247,1981.06,495.265,158,0.44468599310120843,High Risk,880.94963349308,Standard Retention,1
17338,43,7,2339,5163.92,737.7028571428572,247,0.2264563007447211,Low Risk,1169.4022205416802,High Value - Low Risk,0
17339,23,2,152,243.36,121.68,270,0.47751419493660197,High Risk,116.20785447977146,Standard Retention,1
17340,9,10,4277,8459.5,845.95,285,0.10171724328416834,Low Risk,860.4770195624221,High Value - Low Risk,0
17341,85,3,443,682.29,227.42999999999998,209,0.49388058773621796,High Risk,336.96978620654414,Standard Retention,1
17343,284,1,56,193.64,193.64,0,0.8006330031678938,Critical Risk,155.03457473343093,Standard Retention,1
17345,22,3,177,281.18,93.72666666666667,103,0.47124445179259106,High Risk,132.50451495504075,Standard Retention,0
17346,32,8,923,1228.78,153.5975,270,0.1939156444220054,Low Risk,238.2796655528718,Monitor,0
17347,15,1,216,228.96,228.96,0,0.6102323991823483,Critical Risk,139.71881011679048,Standard Retention,1
17348,0,2,903,660.61,330.305,226,0.47309837815282196,High Risk,312.5335195915357,Standard Retention,0
17349,108,1,102,98.25,98.25,0,0.682488162128204,Critical Risk,67.05446192909604,Standard Retention,1
17351,98,2,92,427.3,213.65,104,0.5938245336635635,High Risk,253.74122323444067,Standard Retention,0
17353,58,2,1200,1740.0,870.0,25,0.5890678626395199,High Risk,1024.9780809927647,Standard Retention,1
17356,240,1,166,178.22,178.22,0,0.7746880297273457,Critical Risk,138.06490065800756,Standard Retention,1
17358,232,2,190,360.81,180.405,52,0.7137757459202162,Critical Risk,257.5374268854732,Standard Retention,1
17360,113,1,164,320.9,320.9,0,0.6897605237141524,Critical Risk,221.3441520598715,Standard Retention,0
17361,115,2,63,263.92,131.96,105,0.6072427582408025,Critical Risk,160.2635087549126,Standard Retention,0
17362,168,2,191,312.23,156.115,70,0.660632911238429,Critical Risk,206.26941387597472,Standard Retention,1
17364,66,6,1494,2617.41,436.23499999999996,193,0.3120497221130269,Moderate Risk,816.7620631558577,Monitor,0
17365,16,6,3681,3463.28,577.2133333333334,245,0.26093787956707065,Low Risk,903.7009395470445,Monitor,0
17367,167,1,149,167.55,167.55,0,0.7266451748638156,Critical Risk,121.74939904843232,Standard Retention,1
17368,22,6,1280,1605.07,267.51166666666666,244,0.27180714233954706,Low Risk,436.2694899549368,Monitor,0
17370,1,4,540,446.18,111.545,96,0.39991978047320104,Moderate Risk,178.43620765153284,Monitor,1
17371,290,1,39,92.14,92.14,0,0.8028165356749208,Critical Risk,73.9715155970872,Standard Retention,0
17372,95,6,592,1055.63,175.93833333333336,196,0.34070773423404505,Moderate Risk,359.661305489485,Monitor,0
17373,0,3,290,433.52,144.50666666666666,241,0.410474406689094,High Risk,177.94886478785602,Standard Retention,0
17374,147,2,85,495.77,247.885,62,0.6466876128307586,Critical Risk,320.6083178131052,Standard Retention,1
17375,128,3,367,400.1,133.36666666666667,162,0.5461435764086334,High Risk,218.51204492109426,Standard Retention,1
17376,240,1,35,105.85,105.85,0,0.7736943516340765,Critical Risk,81.895547120467,Standard Retention,0
17377,3,11,1190,2312.58,210.23454545454544,298,0.09408940187343347,Low Risk,217.58926898446475,Monitor,0
17381,28,24,22851,18261.65,760.9020833333334,273,0.003861536566177217,Low Risk,70.51802923373019,High Value - Low Risk,0
17384,148,1,43,227.64999999999998,227.64999999999998,0,0.7139864182519186,Critical Risk,162.53900811504926,Standard Retention,0
17386,28,5,1022,1697.3400000000001,339.468,66,0.3727145444813361,Moderate Risk,632.6233049299511,Monitor,1
17388,6,4,1068,1259.56,314.89,209,0.369164173473239,Moderate Risk,464.9844263399529,Monitor,1
17389,3,26,2980,13595.539999999999,522.9053846153846,256,0.0025452584214227104,Low Risk,34.604162678789315,High Value - Low Risk,0
17391,92,2,480,508.8,254.4,0,0.6198853621618882,Critical Risk,315.3976722679687,Standard Retention,1
17392,235,2,277,417.27,208.635,51,0.7164126402283408,Critical Risk,298.9375023880798,Standard Retention,1
17394,148,1,241,203.86999999999998,203.86999999999998,0,0.7137903482379205,Critical Risk,145.52043829526485,Standard Retention,1
17396,77,6,1105,4801.8,800.3000000000001,223,0.301536289743347,Moderate Risk,1447.9169560896037,Monitor,0
17398,43,3,310,653.38,217.79333333333332,140,0.4780808174854845,High Risk,312.36844452866586,Standard Retention,1
17400,55,5,1088,2097.84,419.56800000000004,226,0.34762559675597804,Moderate Risk,729.262881898561,Monitor,1
17402,14,9,468,1847.6499999999999,205.29444444444442,284,0.14819647995213067,Low Risk,273.8152261835542,Monitor,0
17404,16,11,25695,25118.38,2283.489090909091,272,0.05674975175944014,Low Risk,1425.461829599286,High Value - Low Risk,0
17405,1,2,562,883.01,441.505,77,0.520177285447265,High Risk,459.3217448227895,Standard Retention,1
17406,262,3,780,2184.42,728.14,33,0.6918646882502676,Critical Risk,1511.3230623076495,Standard Retention,1
17408,92,1,3,32.65,32.65,0,0.6690602717916277,Critical Risk,21.844817873996647,Standard Retention,1
17409,113,2,105,771.85,385.925,63,0.6196464294244306,Critical Risk,478.27409655124677,Standard Retention,1
17410,25,2,149,419.55,209.775,119,0.5262276887772259,High Risk,220.77882682648513,Standard Retention,0
17411,4,2,240,569.44,284.72,185,0.4882033349551867,High Risk,278.00250705688154,Standard Retention,0
17412,125,4,358,709.82,177.455,175,0.48217904415086604,High Risk,342.26032911916775,Standard Retention,0
17414,113,1,1380,598.0,598.0,0,0.6949690867950509,Critical Risk,415.59151390344044,Standard Retention,0
17415,8,1,114,507.84,507.84,0,0.6090483704350281,Critical Risk,309.29912444172464,Standard Retention,1
17416,6,6,3603,5878.81,979.8016666666667,203,0.25349873341653495,Low Risk,1490.27088899646,High Value - Low Risk,0
17418,252,1,139,167.39000000000001,167.39000000000001,0,0.7818119028757793,Critical Risk,130.8674944223767,Standard Retention,0
17419,72,8,1213,2660.0,332.5,223,0.2201424641769441,Low Risk,585.5789547106714,Monitor,0
17420,100,2,169,391.51,195.755,202,0.5661804843206388,High Risk,221.6653214163733,Standard Retention,0
17422,22,5,1749,1698.97,339.794,203,0.3302337208045003,Moderate Risk,561.0571846352219,Monitor,0
17423,146,1,314,449.42,449.42,0,0.7160038310106721,Critical Risk,321.7864417328163,Standard Retention,0
17426,20,4,2541,4280.59,1070.1475,190,0.37799642164990305,Moderate Risk,1618.0477025503585,Monitor,1
17427,0,1,34,100.8,100.8,0,0.5952497208413775,High Risk,60.00117186081085,Standard Retention,1
17428,14,21,8587,14751.37,702.4461904761905,283,0.007673006984732173,Low Risk,113.18736504436865,High Value - Low Risk,0
17429,57,3,624,524.9200000000001,174.97333333333336,90,0.5061275476944059,High Risk,265.6764723357476,Standard Retention,1
17430,294,1,60,112.6,112.6,0,0.8052744087548447,Critical Risk,90.67389842579551,Standard Retention,0
17431,242,1,292,403.3,403.3,0,0.7787883637624606,Critical Risk,314.0853471054004,Standard Retention,1
17433,17,1,185,303.16,303.16,0,0.6131378093239456,Critical Risk,185.87885827464734,Standard Retention,1
17434,14,1,192,499.56,499.56,0,0.6139849499678938,Critical Risk,306.722321605961,Standard Retention,0
17436,155,1,48,122.4,122.4,0,0.7174582048204651,Critical Risk,87.81688427002493,Standard Retention,1
17438,182,1,103,388.45000000000005,388.45000000000005,0,0.7400135842489031,Critical Risk,287.4582768014864,Standard Retention,1
17440,85,3,246,186.42000000000002,62.14000000000001,90,0.5306565883778933,High Risk,98.92500120540689,Standard Retention,1
17442,22,5,1260,1921.69,384.338,196,0.3307903734933323,Moderate Risk,635.6765528384018,Monitor,0
17443,148,1,504,534.24,534.24,0,0.7188068231674974,Critical Risk,384.01535720900387,Standard Retention,1
17444,76,3,2119,2940.04,980.0133333333333,25,0.5417233001187836,High Risk,1592.6881712812283,Standard Retention,1
17446,105,2,198,120.89999999999999,60.449999999999996,133,0.590152243812029,High Risk,71.3494062768743,Standard Retention,1
17447,0,1,350,372.48,372.48,0,0.6002212042305598,Critical Risk,223.57039415179892,Standard Retention,0
17449,23,4,708,1497.55,374.3875,264,0.36630069934839743,Moderate Risk,548.5536123091925,Monitor,0
17450,9,31,58090,157902.98,5093.644516129033,287,4.161895856468088e-06,Low Risk,0.6571757581859634,High Value - Low Risk,0
17451,10,2,374,560.98,280.49,23,0.5431711312298031,High Risk,304.70814119729494,Standard Retention,0
17454,121,4,243,517.53,129.3825,167,0.48165454481365977,High Risk,249.27067657741333,Standard Retention,1
17455,132,1,66,131.7,131.7,0,0.7009477529711279,Critical Risk,92.31481906629753,Standard Retention,1
17456,294,1,222,249.86,249.86,0,0.8069085984400612,Critical Risk,201.6141824062337,Standard Retention,1
17457,55,5,826,1737.7,347.54,212,0.352870304281536,Moderate Risk,613.1827277500252,Monitor,1
17460,23,6,236,622.4300000000001,103.73833333333334,278,0.2679153186315373,Low Risk,166.75853177582778,Monitor,1
17462,213,1,155,463.40999999999997,463.40999999999997,0,0.7614283795280098,Critical Risk,352.853525357075,Standard Retention,0
17463,105,3,718,1227.59,409.19666666666666,136,0.5335267888862678,High Risk,654.9521507688935,Standard Retention,0
17464,87,1,220,289.96000000000004,289.96000000000004,0,0.669437832031621,Critical Risk,194.11019377588886,Standard Retention,1
17466,7,1,133,460.41,460.41,0,0.6074176106422681,Critical Risk,279.6611421158067,Standard Retention,1
17469,1,4,615,1492.07,373.0175,132,0.3861171500155851,Moderate Risk,576.113816023754,Monitor,0
17470,56,4,1275,816.47,204.1175,240,0.40335759492190815,High Risk,329.3293755258903,Standard Retention,0
17472,120,3,455,697.54,232.51333333333332,108,0.5553847668230696,High Risk,387.4030902497639,Standard Retention,1
17475,8,1,178,194.37,194.37,0,0.6037396011443493,Critical Risk,117.34886627442718,Standard Retention,1
17480,6,1,338,511.82,511.82,0,0.60764316953718,Critical Risk,311.00392703251947,Standard Retention,1
17481,22,1,149,260.63,260.63,0,0.6165433654364435,Critical Risk,160.68969733370028,Standard Retention,0
17483,63,2,98,274.74,137.37,48,0.5801286822239103,High Risk,159.38455415419713,Standard Retention,0
17486,190,1,191,396.87,396.87,0,0.745562095651415,Critical Risk,295.89122890117704,Standard Retention,1
17489,141,1,232,208.56,208.56,0,0.7088021419075171,Critical Risk,147.82777471623177,Standard Retention,0
17490,2,3,436,1014.5,338.1666666666667,103,0.45331240095086345,High Risk,459.88543076465095,Standard Retention,0
17491,3,7,1336,2423.62,346.2314285714286,293,0.204347964238421,Low Risk,495.2618130875219,Monitor,0
17492,177,1,155,374.57,374.57,0,0.7364644135836451,Critical Risk,275.85747539602596,Standard Retention,1
17496,287,1,79,271.05,271.05,0,0.8032029321405867,Critical Risk,217.70815475670602,Standard Retention,1
17498,4,1,394,272.21999999999997,272.21999999999997,0,0.60190646048823,Critical Risk,163.85097667410597,Standard Retention,1
17499,218,1,711,622.88,622.88,0,0.7670316195176651,Critical Risk,477.76865516516324,Standard Retention,1
17501,149,2,160,288.6,144.3,0,0.6648123288339802,Critical Risk,191.8648381014867,Standard Retention,1
17504,135,9,1664,2997.03,333.00333333333333,116,0.2411437327220236,Low Risk,722.7150012798865,Monitor,1
17505,90,2,556,1145.8400000000001,572.9200000000001,44,0.6077525217181462,Critical Risk,696.3871494855207,Standard Retention,1
17506,4,1,139,302.2,302.2,0,0.6021915614599709,Critical Risk,181.9822898732032,Standard Retention,1
17507,190,2,359,605.58,302.79,47,0.6849639578985046,Critical Risk,414.80047362417645,Standard Retention,1
17508,209,1,289,387.31,387.31,0,0.7579584945698387,Critical Risk,293.5649045318442,Standard Retention,1
17511,2,23,44153,64405.39,2800.234347826087,300,0.0008511797828576929,Low Risk,54.82056587506503,High Value - Low Risk,0
17512,50,8,1834,1891.9,236.4875,180,0.21996502514871807,Low Risk,416.15183107885974,Monitor,0
17513,1,1,254,513.2,513.2,0,0.6033951384359024,Critical Risk,309.66238504530514,Standard Retention,1
17514,57,1,135,208.65,208.65,0,0.6443029907652412,Critical Risk,134.4338190231676,Standard Retention,1
17515,135,3,220,571.37,190.45666666666668,111,0.5673571323210478,High Risk,324.1708446942771,Standard Retention,0
17516,48,4,373,605.65,151.4125,166,0.41839851450492804,High Risk,253.40306030990965,Standard Retention,0
17517,237,1,102,153.94,153.94,0,0.7724947269944556,Critical Risk,118.9178382735265,Standard Retention,1
17519,62,5,1042,1488.0,297.6,234,0.3535901026634105,Moderate Risk,526.1420727631548,Monitor,0
17521,128,1,116,159.56,159.56,0,0.6984542714805735,Critical Risk,111.4453635574403,Standard Retention,0
17522,67,4,932,912.25,228.0625,79,0.46063377201894595,High Risk,420.2131585242835,Standard Retention,1
17524,290,1,90,145.0,145.0,0,0.8034463588073123,Critical Risk,116.49972202706029,Standard Retention,1
17525,288,1,82,422.7,422.7,0,0.8054694433196312,Critical Risk,340.4719336912081,Standard Retention,1
17526,219,3,140,872.8,290.93333333333334,74,0.6479735707082604,Critical Risk,565.5513325141696,Standard Retention,1
17527,9,3,439,788.22,262.74,137,0.4492887616222739,High Risk,354.13838768590875,Standard Retention,0
17528,0,2,768,1107.08,553.54,0,0.5438608872897052,High Risk,602.0975111006868,Standard Retention,0
17530,14,7,1133,1760.81,251.5442857142857,279,0.21629824427989322,Low Risk,380.86011151047876,Monitor,0
17531,119,1,136,296.7,296.7,0,0.6938624285326384,Critical Risk,205.8689825456338,Standard Retention,1
17535,209,1,136,164.4,164.4,0,0.7549066828088513,Critical Risk,124.10665865377516,Standard Retention,1
17536,106,1,6,76.5,76.5,0,0.6805459195457284,Critical Risk,52.061762845248225,Standard Retention,1
17537,232,1,369,620.75,620.75,0,0.7754546852228769,Critical Risk,481.3634958521008,Standard Retention,0
17540,245,1,64,268.8,268.8,0,0.7787943230215859,Critical Risk,209.33991402820232,Standard Retention,0
17542,198,1,134,170.75,170.75,0,0.7477703146490702,Critical Risk,127.68178122632874,Standard Retention,1
17548,162,1,58,103.3,103.3,0,0.7221496366898822,Critical Risk,74.59805747006483,Standard Retention,1
17550,126,3,86,267.16,89.05333333333334,45,0.5796043663245417,High Risk,154.84710250726457,Standard Retention,1
17551,288,1,142,290.34,290.34,0,0.8040132234052831,Critical Risk,233.4371992834899,Standard Retention,1
17552,0,3,709,913.91,304.63666666666666,301,0.3927074474947071,Moderate Risk,358.89926333988774,Monitor,0
17553,58,1,1048,1487.6,1487.6,0,0.6665836256112504,Critical Risk,991.609801459296,Standard Retention,1
17554,51,2,1409,1249.8899999999999,624.9449999999999,25,0.5815036809369007,High Risk,726.8156357662228,Standard Retention,0
17555,263,1,156,195.45,195.45,0,0.7886789116660692,Critical Risk,154.1472932851332,Standard Retention,0
17556,134,1,101,157.9,157.9,0,0.7028388030965254,Critical Risk,110.97824700894135,Standard Retention,1
17557,10,1,147,288.36,288.36,0,0.6070008703334557,Critical Risk,175.0347709693553,Standard Retention,0
17560,23,4,635,854.95,213.7375,215,0.38232937845347814,Moderate Risk,326.87250210880114,Monitor,1
17562,16,5,675,852.88,170.576,86,0.36064906817690173,Moderate Risk,307.59037726671596,Monitor,0
17564,9,1,30,119.12,119.12,0,0.6031554163075086,Critical Risk,71.84787319055043,Standard Retention,0
17567,21,6,1761,2925.45,487.575,279,0.25726411649795494,Low Risk,752.6133096089422,Monitor,0
17569,261,1,159,344.14,344.14,0,0.7892864668304457,Critical Risk,271.62504469502954,Standard Retention,1
17571,74,3,485,559.55,186.51666666666665,152,0.5018691293113652,High Risk,280.82087130617435,Standard Retention,0
17572,0,4,95,226.75000000000003,56.68750000000001,302,0.34053232113840104,Moderate Risk,77.21570381813244,Monitor,1
17573,14,2,183,182.21,91.105,8,0.5496300626949155,High Risk,100.14809372364057,Standard Retention,0
17574,171,1,77,185.65,185.65,0,0.7296304086751595,Critical Risk,135.45588537054337,Standard Retention,1
17576,2,16,1602,2729.55,170.596875,292,0.03257729450238417,Low Risk,88.92135420898272,Monitor,0
17578,147,1,138,143.45999999999998,143.45999999999998,0,0.7121052045152015,Critical Risk,102.1586126397508,Standard Retention,1
17579,66,2,130,270.86,135.43,41,0.5847968290539751,High Risk,158.39806911755971,Standard Retention,1
17580,181,3,88,215.72,71.90666666666667,105,0.6084840513320379,Critical Risk,131.2621795533472,Standard Retention,1
17581,7,19,4401,8358.27,439.9089473684211,293,0.01428410351299372,Low Risk,119.39039386955002,High Value - Low Risk,0
17582,165,1,123,175.27,175.27,0,0.7253380254806534,Critical Risk,127.12999572599414,Standard Retention,1
17584,56,1,245,749.45,749.45,0,0.6524394100125925,Critical Risk,488.9707158339375,Standard Retention,1
17585,38,4,1650,1116.68,279.17,228,0.3911217323828725,Moderate Risk,436.7578161173061,Monitor,1
17588,29,3,676,1240.2,413.40000000000003,132,0.46804205594436443,High Risk,580.4657577822007,Standard Retention,1
17589,80,3,1307,1843.07,614.3566666666667,89,0.5259736880079838,High Risk,969.4063251568747,Standard Retention,0
17591,2,7,1000,2203.67,314.81,293,0.20448283874702278,Low Risk,450.6126972616517,Monitor,1
17593,20,4,2249,3245.66,811.415,260,0.36094282407427286,Moderate Risk,1171.4976863849045,Monitor,1
17594,14,2,550,993.1800000000001,496.59000000000003,169,0.503776644246715,High Risk,500.3408875329524,Standard Retention,1
17596,65,4,2846,1737.08,434.27,232,0.41182580441004957,High Risk,715.3743683246089,Standard Retention,0
17597,142,1,1176,2044.3700000000001,2044.3700000000001,0,0.7365889697352225,Critical Risk,1505.8603920575968,Standard Retention,1
17601,168,1,103,116.00999999999999,116.00999999999999,0,0.7265743524860659,Critical Risk,84.2898906319085,Standard Retention,1
17602,14,3,1790,2134.19,711.3966666666666,238,0.42308905018792947,High Risk,902.9524200205773,Standard Retention,0
17603,7,1,74,394.72,394.72,0,0.606240475021158,Critical Risk,239.29524030035148,Standard Retention,1
17604,146,2,169,309.36,154.68,94,0.6362756832470328,Critical Risk,196.83824536930206,Standard Retention,1
17609,2,3,353,744.6,248.20000000000002,254,0.40807989624442287,High Risk,303.8562907435973,Standard Retention,0
17611,1,10,2028,2993.62,299.36199999999997,288,0.11378861980472915,Low Risk,340.6398880198333,Monitor,0
17612,24,5,1341,1682.94,336.588,202,0.33178881628716655,Moderate Risk,558.3806704823241,Monitor,0
17613,10,10,2043,3766.53,376.653,224,0.12283631348445735,Low Risk,462.66665982861315,Monitor,0
17615,59,3,140,329.6,109.86666666666667,91,0.5073115359145959,High Risk,167.2098822374508,Standard Retention,1
17616,102,3,224,571.1999999999999,190.39999999999998,194,0.5133140345393639,High Risk,293.20497652888463,Standard Retention,1
17618,177,2,235,625.48,312.74,113,0.6569704982973007,Critical Risk,410.92190727499565,Standard Retention,1
17619,241,1,124,214.37,214.37,0,0.7757245456609932,Critical Risk,166.29207085334713,Standard Retention,1
17621,241,2,310,901.7800000000001,450.89000000000004,41,0.7246187154019187,Critical Risk,653.4466651751422,Standard Retention,0
17624,147,1,312,400.3,400.3,0,0.7160003242180313,Critical Risk,286.6149297844779,Standard Retention,0
17625,69,2,838,1227.13,613.565,117,0.5687540021763269,High Risk,697.9350986906361,Standard Retention,0
17628,10,1,79,75.75,75.75,0,0.6032959676969536,Critical Risk,45.69966955304424,Standard Retention,1
17629,49,5,665,798.38,159.676,239,0.34447539761004947,Moderate Risk,275.0222679439113,Monitor,0
17630,98,2,158,503.6,251.8,62,0.6065294526364162,Critical Risk,305.4482323476992,Standard Retention,1
17631,66,2,185,416.5,208.25,95,0.5692043437844279,High Risk,237.0736091862142,Standard Retention,1
17633,0,3,498,1004.5,334.8333333333333,48,0.46840750625229344,High Risk,470.5153400304288,Standard Retention,0
17634,21,7,650,2077.07,296.7242857142857,245,0.226019623326346,Low Risk,469.45857902245353,Monitor,0
17637,44,1,215,338.95,338.95,0,0.6360041737688404,Critical Risk,215.57361469894846,Standard Retention,0
17639,205,1,49,108.5,108.5,0,0.7514880773014974,Critical Risk,81.53645638721247,Standard Retention,1
17640,15,1,250,621.66,621.66,0,0.6169407771930354,Critical Risk,383.5274035498224,Standard Retention,1
17642,48,2,474,712.29,356.145,56,0.5667897761738832,High Risk,403.71868967089523,Standard Retention,1
17643,302,1,71,101.55,101.55,0,0.8095282452478908,Critical Risk,82.20759330492331,Standard Retention,1
17644,7,8,1352,2132.67,266.58375,182,0.1934350272909359,Low Risk,412.5330796525603,Monitor,0
17646,148,3,323,1008.39,336.13,145,0.5680016914011121,High Risk,572.7672255919674,Standard Retention,1
17648,121,3,289,1107.39,369.13000000000005,57,0.5711015148355567,High Risk,632.4321065137472,Standard Retention,0
17649,67,1,399,868.49,868.49,0,0.6631904570130684,Critical Risk,575.9742800112798,Standard Retention,1
17651,8,5,1090,1800.8600000000001,360.172,97,0.34736969077117397,Moderate Risk,625.5641813221764,Monitor,0
17652,13,7,1658,3202.02,457.43142857142857,197,0.22705786338627,Low Risk,727.0438197201042,Monitor,0
17653,28,2,687,343.34,171.67,20,0.5592085542265014,High Risk,191.99866500812698,Standard Retention,0
17654,206,1,41,117.55,117.55,0,0.7522590103382124,Critical Risk,88.42804666525687,Standard Retention,1
17655,45,5,833,1903.33,380.666,249,0.33400631048680757,Moderate Risk,635.7242309388554,Monitor,0
17656,2,5,1399,1674.69,334.938,55,0.3551255672685587,Moderate Risk,594.7252362489826,Monitor,1
17658,140,1,216,317.6,317.6,0,0.7096779901284712,Critical Risk,225.39372966480246,Standard Retention,0
17659,29,9,821,1653.03,183.67,271,0.15800248484528276,Low Risk,261.18284752379776,Monitor,0
17660,70,1,121,178.75,178.75,0,0.6542031841856415,Critical Risk,116.93881917318342,Standard Retention,1
17663,13,5,595,1287.81,257.562,202,0.3243069110196441,Moderate Risk,417.64568308020785,Monitor,0
17664,141,1,409,326.19,326.19,0,0.7106775465088011,Critical Risk,231.81590889570583,Standard Retention,0
17667,90,4,903,1751.01,437.7525,137,0.4602143402971428,High Risk,805.8399120037001,Standard Retention,0
17669,14,6,1796,3194.72,532.4533333333333,164,0.2789498812748671,Low Risk,891.1667647064434,Monitor,0
17670,156,1,110,205.7,205.7,0,0.7194247014489701,Critical Risk,147.98566108805315,Standard Retention,1
17671,86,3,524,1098.55,366.18333333333334,207,0.4950437405359376,High Risk,543.8303011657542,Standard Retention,0
17672,238,1,643,1177.84,1177.84,0,0.7860774343278546,Critical Risk,925.8734452487201,Standard Retention,0
17673,91,4,1062,1175.62,293.905,157,0.4570463589435688,High Risk,537.3128405012383,Standard Retention,0
17674,3,2,672,551.04,275.52,294,0.45433900091655455,High Risk,250.3589630650582,Standard Retention,1
17675,30,23,5555,14074.19,611.9213043478261,266,0.005364103243192655,Low Risk,75.49540822430963,High Value - Low Risk,0
17676,38,4,468,730.84,182.71,257,0.38284282026905575,Moderate Risk,279.7968467654367,Monitor,0
17677,11,22,7626,12703.18,577.4172727272727,286,0.006490364577076876,Low Risk,82.44826948823143,High Value - Low Risk,0
17678,192,1,207,298.11,298.11,0,0.7455627655770763,Critical Risk,222.25971604618223,Standard Retention,1
17679,14,1,678,1643.2,1643.2,0,0.633660135574199,Critical Risk,1041.2303347755237,Standard Retention,0
17682,44,5,989,1899.3500000000001,379.87,253,0.3322823212956648,Moderate Risk,631.120426952921,Monitor,1
17685,17,6,1700,2763.43,460.57166666666666,283,0.25431359663912934,Low Risk,702.7778223604691,Monitor,0
17686,9,6,2183,5110.09,851.6816666666667,222,0.2533841417938394,Low Risk,1294.8157691392807,High Value - Low Risk,1
17690,30,11,1250,3495.53,317.7754545454546,271,0.10214661763856553,Low Risk,357.056566354135,Monitor,0
17691,287,2,134,290.40000000000003,145.20000000000002,10,0.76084472991826,Critical Risk,220.94930956826275,Standard Retention,1
17692,56,4,672,740.94,185.235,232,0.4054185974252552,High Risk,300.3908555762686,Standard Retention,1
17693,66,1,231,200.47,200.47,0,0.6514650343151709,Critical Risk,130.5991954291623,Standard Retention,1
17694,70,1,184,283.12,283.12,0,0.6559482356657266,Critical Risk,185.7120644816805,Standard Retention,1
17695,60,2,779,765.34,382.67,39,0.5826686916848476,High Risk,445.93965649408125,Standard Retention,1
17696,37,7,1323,1915.5900000000001,273.6557142857143,256,0.23477163438209706,Low Risk,449.72619510600134,Monitor,0
17697,165,1,93,338.95,338.95,0,0.7276482850232977,Critical Risk,246.63638620864674,Standard Retention,1
17698,189,1,93,154.95,154.95,0,0.7415130551066905,Critical Risk,114.89744788878168,Standard Retention,1
17700,23,3,825,1681.83,560.61,186,0.44607831055088604,High Risk,750.2278850337966,Standard Retention,0
17701,181,1,109,417.95,417.95,0,0.7397489706078835,Critical Risk,309.1780822655649,Standard Retention,1
17702,37,3,1051,1338.77,446.25666666666666,97,0.48602651179243184,High Risk,650.677713192354,Standard Retention,0
17703,38,2,376,490.96,245.48,29,0.5653937592858362,High Risk,277.5857200589742,Standard Retention,0
17704,97,2,343,885.19,442.595,71,0.6045861821036661,Critical Risk,535.1736425363442,Standard Retention,1
17705,3,7,717,1191.92,170.27428571428572,227,0.22283002311853783,Low Risk,265.5955611554476,Monitor,0
17706,29,12,3049,8027.5,668.9583333333334,266,0.07341885741083747,Low Risk,589.3698778654978,High Value - Low Risk,0
17707,114,2,144,152.4,76.2,151,0.5925193355814804,High Risk,90.29994674261762,Standard Retention,1
17708,116,2,90,263.33,131.665,137,0.598702924884296,High Risk,157.65644120978166,Standard Retention,1
17709,98,1,17,137.45,137.45,0,0.6753728609695102,Critical Risk,92.82999974025917,Standard Retention,1
17711,218,1,107,220.53000000000003,220.53000000000003,0,0.7614221586421104,Critical Risk,167.91642864534464,Standard Retention,1
17714,249,1,92,153.0,153.0,0,0.7798010504778429,Critical Risk,119.30956072310995,Standard Retention,1
17715,129,1,384,326.4,326.4,0,0.7019157488249461,Critical Risk,229.1053004164624,Standard Retention,1
17716,4,9,2778,5002.31,555.8122222222223,192,0.14752872239848877,Low Risk,737.9844033411845,High Value - Low Risk,0
17718,161,1,83,139.35,139.35,0,0.7219823492666892,Critical Risk,100.60824037031314,Standard Retention,1
17719,4,14,2356,5088.9,363.49285714285713,180,0.0533404401472455,Low Risk,271.44416586531764,High Value - Low Risk,0
17720,42,3,418,887.6,295.8666666666667,254,0.4423364852042551,High Risk,392.61786426729685,Standard Retention,0
17722,25,4,1595,2424.04,606.01,270,0.3641304653810917,Moderate Risk,882.6668133023815,Monitor,1
17723,56,6,792,3276.4000000000005,546.0666666666667,87,0.3288831739589037,Moderate Risk,1077.5528311589524,Monitor,1
17724,0,3,300,1033.0,344.3333333333333,67,0.46239181149014735,High Risk,477.6507412693222,Standard Retention,1
17725,29,8,1610,2507.12,313.39,166,0.20747016702095042,Low Risk,520.1526051415652,Monitor,0
17728,15,1,129,345.03000000000003,345.03000000000003,0,0.6121328892068234,Critical Risk,211.2042107630303,Standard Retention,0
17730,7,9,2516,3547.33,394.1477777777778,247,0.1455749064769192,Low Risk,516.4022329927698,Monitor,0
17731,8,4,493,1240.11,310.0275,104,0.4008806469751394,High Risk,497.13609912034013,Standard Retention,1
17732,301,1,93,303.97,303.97,0,0.8112320518855513,Critical Risk,246.59020681165103,Standard Retention,1
17733,190,1,87,216.95000000000002,216.95000000000002,0,0.7430315682378106,Critical Risk,161.20069872919302,Standard Retention,0
17734,65,2,343,540.21,270.105,96,0.5686430321906465,High Risk,307.18665241970916,Standard Retention,0
17735,22,16,6817,11091.24,693.2025,274,0.0274266658822046,Low Risk,304.19573369934295,High Value - Low Risk,0
17736,42,1,213,307.49,307.49,0,0.6338506297728881,Critical Risk,194.90273014886537,Standard Retention,0
17738,77,3,711,1571.49,523.83,133,0.5095616554804946,High Risk,800.7710459710424,Standard Retention,0
17739,0,4,531,1612.93,403.2325,288,0.3406062090731307,Moderate Risk,549.3739728003247,Monitor,0
17742,42,2,89,355.11,177.555,219,0.5101967557105545,High Risk,181.175969920375,Standard Retention,1
17744,179,4,1686,1288.96,322.24,107,0.5496238804090173,High Risk,708.443196892007,Standard Retention,0
17746,169,1,29,110.25,110.25,0,0.7271345395547332,Critical Risk,80.16658298590933,Standard Retention,1
17747,41,1,12,71.4,71.4,0,0.6289157520680798,Critical Risk,44.9045846976609,Standard Retention,1
17749,107,2,320,674.52,337.26,78,0.610140703377795,Critical Risk,411.55210724239026,Standard Retention,1
17750,11,6,2865,1334.13,222.35500000000002,81,0.30748696350851834,Moderate Risk,410.2275826256196,Monitor,0
17752,288,1,192,80.64,80.64,0,0.8016622837499505,Critical Risk,64.64604656159601,Standard Retention,1
17754,71,2,844,575.06,287.53,118,0.5677807676190372,High Risk,326.5080082270035,Standard Retention,0
17757,16,21,1862,3469.7400000000002,165.2257142857143,284,0.011291457090357318,Low Risk,39.178420324696404,Monitor,0
17758,8,5,1245,2092.48,418.496,170,0.3262512544726712,Moderate Risk,682.6742249589751,Monitor,0
17759,98,2,77,167.15,83.575,0,0.6232804409975775,Critical Risk,104.18132571274508,Standard Retention,0
17760,302,1,165,172.54,172.54,0,0.8103665180120202,Critical Risk,139.82063901779395,Standard Retention,0
17763,192,1,12,15.0,15.0,0,0.7415508686302039,Critical Risk,11.123263029453058,Standard Retention,1
17764,140,1,113,230.67000000000002,230.67000000000002,0,0.7083115472808733,Critical Risk,163.38622461127906,Standard Retention,0
17765,87,3,143,367.63,122.54333333333334,98,0.5296885396908345,High Risk,194.7293978465415,Standard Retention,1
17768,95,1,123,385.83000000000004,385.83000000000004,0,0.6770530589532835,Critical Risk,261.2273817359454,Standard Retention,0
17769,67,4,1069,1817.88,454.47,181,0.42688678970355254,High Risk,776.0289572662941,Standard Retention,0
17770,127,5,365,1143.27,228.654,83,0.45374048510244186,High Risk,518.7478844030687,Standard Retention,1
17771,252,1,110,115.8,115.8,0,0.7811613769117866,Critical Risk,90.45848744638488,Standard Retention,0
17774,25,4,508,1213.73,303.4325,208,0.38477728395354016,Moderate Risk,467.0157328529303,Monitor,1
17775,183,1,72,56.4,56.4,0,0.7360658040503222,Critical Risk,41.51411134843817,Standard Retention,1
17777,29,1,161,189.8,189.8,0,0.6211567201993154,Critical Risk,117.89554549383008,Standard Retention,0
17779,16,2,349,481.26,240.63,55,0.5383309967937853,High Risk,259.0771755169771,Standard Retention,0
17781,88,2,34,188.02,94.01,93,0.5876736495036645,High Risk,110.49439957967901,Standard Retention,1
17783,1,2,354,283.47,141.735,175,0.48767141695119537,High Risk,138.24021656315537,Standard Retention,1
17786,14,2,195,266.85,133.425,231,0.48169871573647144,High Risk,128.54130229427741,Standard Retention,1
17787,81,4,896,1817.54,454.385,218,0.42765112755500556,High Risk,777.2730303763248,Standard Retention,1
17788,2,2,211,1117.9,558.95,55,0.5283384455289453,High Risk,590.629548256808,Standard Retention,1
17789,210,1,74,225.9,225.9,0,0.7563268913452919,Critical Risk,170.85424475490143,Standard Retention,1
17790,49,12,595,1363.51,113.62583333333333,244,0.09687972938590986,Low Risk,132.09647981498196,Monitor,0
17795,108,2,305,342.83,171.415,85,0.6077320442375002,Critical Risk,208.34877672594217,Standard Retention,1
17796,242,3,158,614.1,204.70000000000002,56,0.6713111422415605,Critical Risk,412.25217245054233,Standard Retention,0
17797,111,1,249,272.41,272.41,0,0.6875769124408099,Critical Risk,187.30282671800103,Standard Retention,0
17799,28,9,1344,2514.99,279.4433333333333,262,0.15594109429927652,Low Risk,392.19029275173745,Monitor,0
17800,20,7,560,904.8,129.25714285714284,242,0.23126091663108142,Low Risk,209.24487736780245,Monitor,0
17802,11,3,752,1285.04,428.34666666666664,290,0.4049025669952907,High Risk,520.3159946916284,Standard Retention,1
17805,2,1,478,512.31,512.31,0,0.6044220688164617,Critical Risk,309.65147007536143,Standard Retention,1
17809,58,8,743,2856.71,357.08875,244,0.20636371794157254,Low Risk,589.5212966808697,Monitor,0
17811,2,27,2500,5194.31,192.38185185185188,259,0.002761821539627657,Low Risk,14.345757241503337,High Value - Low Risk,0
17812,297,1,127,193.29999999999998,193.29999999999998,0,0.8078612273024447,Critical Risk,156.15957523756254,Standard Retention,0
17813,0,1,67,306.61,306.61,0,0.5988309952404712,High Risk,183.6075714506809,Standard Retention,0
17816,198,2,22,21.31,10.655,96,0.6758137411343921,Critical Risk,14.401590823573894,Standard Retention,0
17817,206,2,26,269.7,134.85,0,0.7077102357690699,Critical Risk,190.86945058691813,Standard Retention,1
17819,0,7,1031,3704.87,529.2671428571429,299,0.19606697942222417,Low Risk,726.4026700520157,Monitor,1
17827,171,4,957,1580.47,395.1175,122,0.5364343717631863,High Risk,847.8184315405631,Standard Retention,1
17828,38,3,481,1076.66,358.8866666666667,75,0.49337119381633193,High Risk,531.193029534292,Standard Retention,0
17829,227,1,496,889.24,889.24,0,0.7758320700533377,Critical Risk,689.90090997423,Standard Retention,1
17830,190,2,65,287.65000000000003,143.82500000000002,27,0.6889787106190002,Critical Risk,198.1847261095554,Standard Retention,1
17837,4,4,163,534.55,133.6375,87,0.4044852637533454,High Risk,216.21759773935077,Standard Retention,0
17838,18,4,1397,2267.4,566.85,282,0.3553830232026227,Moderate Risk,805.7954668096268,Monitor,0
17841,1,88,13921,25834.64,293.57545454545453,301,1.541527919304897e-09,Low Risk,3.9824818845191065e-05,High Value - Low Risk,0
17843,232,1,113,205.48,205.48,0,0.7700551995586266,Critical Risk,158.23094240530656,Standard Retention,1
17844,35,1,52,51.559999999999995,51.559999999999995,0,0.6236842015265095,Critical Risk,32.157157430706825,Standard Retention,1
17846,14,1,1,2033.1,2033.1,0,0.6395397385360425,Critical Risk,1300.248242417628,Standard Retention,1
17848,10,9,398,901.2,100.13333333333334,276,0.15112886980144932,Low Risk,136.19733746506614,Monitor,1
17849,147,4,114,605.8000000000001,151.45000000000002,115,0.5200140526081352,High Risk,315.0245130700083,Standard Retention,1
17850,301,34,1733,5391.21,158.565,1,0.002258889875790023,Low Risk,12.17814968725793,High Value - Low Risk,1
17854,114,2,84,311.26,155.63,41,0.6251750320670076,Critical Risk,194.5919804811768,Standard Retention,1
17855,301,1,197,208.97,208.97,0,0.810246630814461,Critical Risk,169.31723844129792,Standard Retention,1
17856,162,3,577,1142.63,380.8766666666667,48,0.6088285028334964,Critical Risk,695.6657121926381,Standard Retention,1
17857,1,15,8012,14839.52,989.3013333333333,292,0.027637436197990212,Low Risk,410.12628720879974,High Value - Low Risk,0
17858,11,10,2420,3907.39,390.739,287,0.11481080996761356,Low Risk,448.6106107593535,Monitor,0
17859,233,1,102,141.92,141.92,0,0.7698626960581466,Critical Risk,109.25891382457216,Standard Retention,1
17860,297,1,93,226.45000000000002,226.45000000000002,0,0.8082101750388562,Critical Risk,183.019194137549,Standard Retention,1
17861,65,5,1052,1299.49,259.898,183,0.3713263107782316,Moderate Risk,482.53482759320417,Monitor,0
17862,252,1,100,330.9,330.9,0,0.783780929411851,Critical Risk,259.35310954238145,Standard Retention,1
17863,9,5,1867,2127.3,425.46000000000004,288,0.29632926901684387,Low Risk,630.3812539795321,Monitor,0
17864,18,2,659,438.07,219.035,186,0.5000925993184843,High Risk,219.0755649834484,Standard Retention,0
17865,8,17,4435,8515.08,500.8870588235294,284,0.022418018882211604,Low Risk,190.8912242235424,High Value - Low Risk,0
17866,71,1,174,329.65000000000003,329.65000000000003,0,0.657484172079639,Critical Risk,216.73965732605305,Standard Retention,1
17867,72,4,374,957.48,239.37,145,0.4442468818128901,High Risk,425.35750439820606,Standard Retention,0
17869,36,5,111,428.18,85.636,260,0.32961845751362195,Moderate Risk,141.13603113818266,Monitor,1
17870,0,8,592,905.16,113.145,295,0.17361500618378076,Low Risk,157.149358997311,Monitor,0
17871,133,1,182,155.9,155.9,0,0.702138283627037,Critical Risk,109.46335841745507,Standard Retention,1
17873,9,5,1035,1848.96,369.79200000000003,293,0.29550047577808425,Low Risk,546.3685596946467,Monitor,1
17874,114,6,221,683.46,113.91000000000001,70,0.39373549098365834,Moderate Risk,269.10245866769117,Monitor,1
17877,99,1,98,237.61,237.61,0,0.6777803953220957,Critical Risk,161.04739973248317,Standard Retention,1
17879,102,1,45,178.52,178.52,0,0.6791116703228293,Critical Risk,121.23501538603149,Standard Retention,1
17880,293,1,314,458.92,458.92,0,0.8087447653773593,Critical Risk,371.14914772697773,Standard Retention,1
17881,233,1,32,133.35,133.35,0,0.7697070476735148,Critical Risk,102.6404348072632,Standard Retention,1
17883,15,2,79,197.8,98.9,159,0.5042952014505918,High Risk,99.74959084692706,Standard Retention,0
17884,240,3,542,590.54,196.84666666666666,59,0.6692842788050304,Critical Risk,395.23913800552265,Standard Retention,1
17886,139,2,218,377.71000000000004,188.85500000000002,38,0.646706155976258,Critical Risk,244.26738217379244,Standard Retention,0
17887,58,1,30,111.35,111.35,0,0.643417687762206,Critical Risk,71.64455953232164,Standard Retention,1
17888,8,5,558,355.6,71.12,278,0.30421259543493634,Moderate Risk,108.17799893666337,Monitor,0
17889,141,2,77,201.37,100.685,109,0.6274490947669462,Critical Risk,126.34942421321996,Standard Retention,1
17890,251,2,402,586.89,293.445,38,0.73143683608672,Critical Risk,429.27296473093514,Standard Retention,1
17891,91,1,393,203.85999999999999,203.85999999999999,0,0.6713226193591484,Critical Risk,136.855829182556,Standard Retention,1
17892,84,1,69,142.1,142.1,0,0.6646151673339248,Critical Risk,94.44181527815071,Standard Retention,0
17893,154,1,149,107.21,107.21,0,0.716601464152722,Critical Risk,76.82684297181332,Standard Retention,1
17894,0,8,404,1118.96,139.87,294,0.172846643930248,Low Risk,193.40848069219032,Monitor,1
17897,101,3,222,541.81,180.60333333333332,200,0.5106227208091665,High Risk,276.6604963616145,Standard Retention,1
17898,14,2,190,152.06,76.03,121,0.5150064300505031,High Risk,78.3118777534795,Standard Retention,1
17899,88,1,170,154.55,154.55,0,0.6680228958854414,Critical Risk,103.24293855909498,Standard Retention,1
17900,119,2,73,112.19999999999999,56.099999999999994,0,0.6402470934209193,Critical Risk,71.83572388182715,Standard Retention,1
17905,0,4,406,798.99,199.7475,302,0.33908197569384363,Moderate Risk,270.92310775962414,Monitor,1
17906,176,1,26,72.9,72.9,0,0.7314587302217885,Critical Risk,53.32334143316839,Standard Retention,1
17908,302,1,169,232.03,232.03,0,0.8110236622274344,Critical Risk,188.1818203466316,Standard Retention,1
17912,239,5,184,310.06,62.012,54,0.5643143698811,High Risk,174.97131352533384,Standard Retention,1
17913,284,1,100,218.05,218.05,0,0.8009387377054619,Critical Risk,174.64469175667597,Standard Retention,0
17917,185,2,130,226.71,113.355,106,0.6637700530922358,Critical Risk,150.48330873654078,Standard Retention,0
17919,17,1,756,1304.04,1304.04,0,0.6305225272867683,Critical Risk,822.2265964830373,Standard Retention,1
17920,7,10,1651,2555.8,255.58,295,0.11626826494707108,Low Risk,297.1584315517243,Monitor,0
17921,77,3,288,595.47,198.49,118,0.5147131496655876,High Risk,306.49623923136744,Standard Retention,0
17923,211,1,50,207.50000000000003,207.50000000000003,0,0.7567143090269454,Critical Risk,157.01821912309117,Standard Retention,1
17924,230,2,108,502.2,251.1,72,0.7076567229103492,Critical Risk,355.38520624557736,Standard Retention,0
17925,301,1,72,244.08,244.08,0,0.810561227479345,Critical Risk,197.84178440315853,Standard Retention,1
17926,62,2,306,397.29,198.645,70,0.5733192332652524,High Risk,227.77399818395213,Standard Retention,1
17928,175,1,46,78.25999999999999,78.25999999999999,0,0.7308584919422791,Critical Risk,57.19698557940276,Standard Retention,0
17929,41,3,92,707.0,235.66666666666666,195,0.45926516955994134,High Risk,324.70047487887854,Standard Retention,0
17930,0,3,806,990.6,330.2,167,0.4325645185666895,High Risk,428.4984120921626,Standard Retention,0
17931,63,2,249,408.36,204.18,121,0.5587941495363186,High Risk,228.18917890465104,Standard Retention,1
17932,102,2,593,934.51,467.255,37,0.6190681284474542,Critical Risk,578.5253567154303,Standard Retention,0
17935,67,2,82,145.79,72.895,3,0.5964261999705849,High Risk,86.95297569371156,Standard Retention,1
17937,43,5,1416,3614.52,722.904,247,0.32628498324400146,Moderate Risk,1179.3635976351081,Monitor,0
17939,88,1,40,99.14,99.14,0,0.6670322188803234,Critical Risk,66.12957417979526,Standard Retention,1
17940,37,9,8723,3828.04,425.3377777777778,194,0.17021954005832546,Low Risk,651.6072081248722,Monitor,0
17941,59,1,252,304.56,304.56,0,0.6475840225676578,Critical Risk,197.22818991320585,Standard Retention,1
17946,162,2,75,149.57999999999998,74.78999999999999,26,0.6673372971965168,Critical Risk,99.82031291465498,Standard Retention,1
17948,76,1,144,358.56000000000006,358.56000000000006,0,0.6618681249743402,Critical Risk,237.31943489079947,Standard Retention,1
17949,22,33,20778,48209.2,1460.8848484848484,278,0.0001576455150229357,Low Risk,7.599964162843711,High Value - Low Risk,0
17950,1,3,366,482.2,160.73333333333332,293,0.39598473943440743,Moderate Risk,190.94384135527125,Monitor,1
17951,287,2,220,409.50000000000006,204.75000000000003,15,0.7601114530353867,Critical Risk,311.2656400179909,Standard Retention,0
17954,52,10,1831,1885.21,188.52100000000002,247,0.1430487398463103,Low Risk,269.6769148456627,Monitor,0
17955,127,4,273,557.3,139.325,20,0.5318788308165663,High Risk,296.41607241407235,Standard Retention,1
17956,178,1,1,12.75,12.75,0,0.7319727437887439,Critical Risk,9.332652483306484,Standard Retention,1
17958,45,1,84,508.46000000000004,508.46000000000004,0,0.6395106314218093,Critical Risk,325.1655756527332,Standard Retention,1
17960,100,1,41,73.78,73.78,0,0.6759317867550025,Critical Risk,49.87024722678409,Standard Retention,1
17961,10,35,540,1266.64,36.18971428571429,290,0.0005331868151540501,Low Risk,0.6753557475467261,Monitor,0
17962,71,1,127,102.41,102.41,0,0.6537643064619344,Critical Risk,66.9520026247667,Standard Retention,1
17964,301,1,195,261.76,261.76,0,0.8108269291932868,Critical Risk,212.24205698563475,Standard Retention,0
17965,20,12,1366,2251.41,187.61749999999998,277,0.0831337512952448,Low Risk,187.1681590036271,Monitor,0
17966,80,4,1171,594.43,148.6075,109,0.46411160980739896,High Risk,275.88186421781216,Standard Retention,0
17967,300,1,73,112.27,112.27,0,0.8085626226356586,Critical Risk,90.77732564330539,Standard Retention,1
17968,302,1,151,265.1,265.1,0,0.8113765514302611,Critical Risk,215.09592378416224,Standard Retention,1
17969,95,2,152,228.2,114.1,194,0.5636580779614151,High Risk,128.6267733907949,Standard Retention,1
17970,140,1,513,562.79,562.79,0,0.7135166301208749,Critical Risk,401.5600242657271,Standard Retention,1
17972,170,1,36,135.19,135.19,0,0.7281904979955596,Critical Risk,98.44407342401969,Standard Retention,1
17974,148,1,85,164.07,164.07,0,0.7130866265996604,Critical Risk,116.99612282620627,Standard Retention,0
17975,43,11,1364,3950.4500000000003,359.13181818181823,251,0.1074339700605969,Low Risk,424.4125270258851,Monitor,0
17976,301,1,93,321.79,321.79,0,0.8114276998730932,Critical Risk,261.10931954216267,Standard Retention,1
17978,294,1,499,300.91999999999996,300.91999999999996,0,0.8076406787061979,Critical Risk,243.03523303626906,Standard Retention,1
17979,97,3,272,494.54,164.84666666666666,90,0.5408685338006195,High Risk,267.48112470575836,Standard Retention,0
17980,94,3,682,811.45,270.48333333333335,193,0.5067942766839552,High Risk,411.2382158151954,Standard Retention,1
17984,74,1,98,152.68,152.68,0,0.656934675413349,Critical Risk,100.30078624211014,Standard Retention,1
17987,114,1,261,198.57,198.57,0,0.6887119892294314,Critical Risk,136.7575397012882,Standard Retention,1
17988,46,5,27,146.0,29.2,209,0.3527150890286456,Moderate Risk,51.49640299818226,Monitor,0
17990,165,3,414,630.84,210.28,124,0.5892872907526738,High Risk,371.7459944984168,Standard Retention,1
17991,154,2,25,93.35,46.675,0,0.6679530875664877,Critical Risk,62.35342072433163,Standard Retention,1
17994,50,4,495,674.89,168.7225,169,0.41909945228707646,High Risk,282.846029354025,Standard Retention,1
17995,210,1,133,76.1,76.1,0,0.7543824735530053,Critical Risk,57.4085062373837,Standard Retention,1
17997,3,8,2273,1962.46,245.3075,89,0.21088703198548095,Low Risk,413.85736479022694,Monitor,1
17999,295,1,94,190.34,190.34,0,0.8067156837650614,Critical Risk,153.5502632478418,Standard Retention,0
18001,15,1,284,250.13,250.13,0,0.6106543775631472,Critical Risk,152.74297945987,Standard Retention,0
18004,291,1,75,157.92,157.92,0,0.8041376944439975,Critical Risk,126.98942470659608,Standard Retention,1
18008,2,8,1567,2107.91,263.48875,244,0.17945815890957154,Low Risk,378.2816477470749,Monitor,0
18009,164,1,125,247.39,247.39,0,0.7256699866725416,Critical Risk,179.52349800292004,Standard Retention,1
18010,185,1,60,174.8,174.8,0,0.7390609366854966,Critical Risk,129.1878517326248,Standard Retention,1
18011,302,1,71,102.78999999999999,102.78999999999999,0,0.8095419584675383,Critical Risk,83.21281791087826,Standard Retention,1
18013,84,2,285,187.29,93.645,0,0.6119208727358121,Critical Risk,114.60666025469024,Standard Retention,1
18016,3,4,686,1107.41,276.8525,289,0.3443538160510824,Moderate Risk,381.3408594331292,Monitor,0
18017,10,3,300,523.0,174.33333333333334,229,0.422516486892869,High Risk,220.9761226449705,Standard Retention,1
18018,37,2,55,122.14,61.07,91,0.5440650820831092,High Risk,66.45210912563095,Standard Retention,1
18024,81,2,184,389.78,194.89,0,0.6100477509341585,Critical Risk,237.7844123591163,Standard Retention,1
18027,27,1,78,115.31,115.31,0,0.6181678003013212,Critical Risk,71.28092905274535,Standard Retention,1
18032,263,1,42,73.5,73.5,0,0.7871455278831937,Critical Risk,57.855196299414736,Standard Retention,1
18036,34,2,153,253.69,126.845,140,0.5270674139399177,High Risk,133.71173224241772,Standard Retention,0
18037,83,6,20,70.02,11.67,207,0.3328127755080315,Moderate Risk,23.303550541072365,Monitor,1
18040,174,1,96,239.00000000000003,239.00000000000003,0,0.7324691740233842,Critical Risk,175.06013259158885,Standard Retention,0
18041,6,17,2915,3132.2799999999997,184.25176470588235,294,0.02629599320632776,Low Risk,82.3664136003163,Monitor,0
18043,135,2,229,421.59,210.795,160,0.6086128149046034,Critical Risk,256.5850766356317,Standard Retention,0
18044,16,8,808,1537.5,192.1875,272,0.18356713383545117,Low Risk,282.23446827200615,Monitor,0
18048,132,2,127,172.29000000000002,86.14500000000001,0,0.6509496827373956,Critical Risk,112.15212083882591,Standard Retention,1
18050,288,1,40,74.4,74.4,0,0.8015000556588566,Critical Risk,59.63160414101894,Standard Retention,1
18055,13,8,1713,4905.87,613.23375,285,0.1668442611046128,Low Risk,818.5162552252868,Monitor,0
18056,217,1,211,363.65,363.65,0,0.7627174064375696,Critical Risk,277.36218485102216,Standard Retention,1
18061,36,8,901,1793.51,224.18875,258,0.19598064773847215,Low Risk,351.4932515254272,Monitor,0
18062,102,3,396,720.52,240.17333333333332,164,0.5225247204049615,High Risk,376.4895115461828,Standard Retention,1
18064,62,2,384,814.0,407.0,102,0.5652940717333995,High Risk,460.1493743909872,Standard Retention,1
18065,15,11,863,1949.19,177.19909090909093,277,0.10096190116484455,Low Risk,196.79392813150335,Monitor,1
18066,4,1,108,318.0,318.0,0,0.6024350458693364,Critical Risk,191.57434458644897,Standard Retention,1
18068,218,1,6,101.7,101.7,0,0.7598010221640371,Critical Risk,77.27176395408257,Standard Retention,1
18069,17,4,1094,1761.17,440.2925,239,0.3680532942681341,Moderate Risk,648.2044202662098,Monitor,0
18071,186,2,260,453.0,226.5,108,0.6648727852005886,Critical Risk,301.1873716958666,Standard Retention,1
18072,114,1,288,247.44,247.44,0,0.6894847279543077,Critical Risk,170.6061010850139,Standard Retention,1
18073,43,12,3102,3859.82,321.6516666666667,82,0.10662637086298764,Low Risk,411.55859878437695,Monitor,1
18074,302,1,190,489.6,489.6,0,0.8138508020141736,Critical Risk,398.4613526661394,Standard Retention,1
18075,35,8,1015,1957.75,244.71875,254,0.19555642865839962,Low Risk,382.85059820598184,Monitor,0
18077,32,7,1272,1622.34,231.76285714285714,263,0.2313977650574117,Low Risk,375.40585016324127,Monitor,0
18078,146,2,145,336.13,168.065,41,0.6512649439779811,Critical Risk,218.90968561931876,Standard Retention,1
18079,55,2,5075,2206.18,1103.09,111,0.5660125397905637,High Risk,1248.7255450351456,Standard Retention,0
18080,171,1,330,841.4999999999999,841.4999999999999,0,0.7389930532920757,Critical Risk,621.8626543452816,Standard Retention,0
18081,41,2,55,208.05,104.025,21,0.5690524377438614,High Risk,118.39135967261036,Standard Retention,0
18085,259,2,265,689.95,344.975,43,0.7359309357029478,Critical Risk,507.75554908824887,Standard Retention,1
18086,203,1,106,101.34,101.34,0,0.7501174626140454,Critical Risk,76.01690366130737,Standard Retention,1
18087,27,2,3907,4055.7200000000003,2027.8600000000001,192,0.5227756062717941,High Risk,2120.231481868641,Standard Retention,1
18092,15,9,3626,7155.52,795.0577777777778,278,0.13233217763745703,Low Risk,946.9055437283765,High Value - Low Risk,0
18093,22,4,1392,2106.52,526.63,209,0.3799708458345098,Moderate Risk,800.4161861673116,Monitor,1
18094,10,7,2518,3017.3,431.04285714285714,210,0.22381896748200478,Low Risk,675.328970583453,Monitor,1
18095,241,2,419,580.05,290.025,20,0.7288601133891506,Critical Risk,422.7753087713768,Standard Retention,1
18097,55,5,1406,1986.2,397.24,227,0.3481004042593155,Moderate Risk,691.3970229398525,Monitor,1
18099,56,1,149,168.31,168.31,0,0.6428454639258431,Critical Risk,108.19732003335865,Standard Retention,1
18101,72,1,25,110.23,110.23,0,0.6545991203668069,Critical Risk,72.15646103803313,Standard Retention,0
18102,1,40,41354,180159.41,4503.98525,294,1.889140607406508e-07,Low Risk,0.03403464572373981,High Value - Low Risk,0
18106,258,1,126,421.9,421.9,0,0.7884391597199163,Critical Risk,332.64248148583266,Standard Retention,1
18108,183,1,84,271.0,271.0,0,0.7390538962832722,Critical Risk,200.2836058927668,Standard Retention,1
18109,1,19,3490,5138.24,270.4336842105263,297,0.015541357933078852,Low Risk,79.85522698606307,High Value - Low Risk,0
18112,95,1,110,196.64,196.64,0,0.6740681921643003,Critical Risk,132.548769307188,Standard Retention,0
18113,297,1,72,76.32000000000001,76.32000000000001,0,0.8065231847515707,Critical Risk,61.55384946023988,Standard Retention,1
18114,219,1,55,220.1,220.1,0,0.7620187056264268,Critical Risk,167.72031710837655,Standard Retention,1
18116,163,7,667,1239.55,177.07857142857142,130,0.3613651751459347,Moderate Risk,447.93020285214334,Monitor,0
18118,6,20,2241,4416.58,220.829,292,0.013033823812051275,Low Risk,57.56492557182942,Monitor,0
18119,296,1,124,180.7,180.7,0,0.8071729047760298,Critical Risk,145.85614389302856,Standard Retention,1
18120,143,1,31,111.15,111.15,0,0.7086541590296277,Critical Risk,78.76690977614312,Standard Retention,1
18121,78,2,438,653.3000000000001,326.65000000000003,5,0.6072453547320162,Critical Risk,396.71339024642623,Standard Retention,1
18122,13,2,173,321.13,160.565,66,0.5315869334396361,High Risk,170.70851193547034,Standard Retention,0
18125,130,3,691,933.9,311.3,114,0.5622231767292334,High Risk,525.060224747431,Standard Retention,0
18127,62,1,28,139.6,139.6,0,0.6470966055401983,Critical Risk,90.33468613341168,Standard Retention,0
18129,172,1,48,112.55000000000001,112.55000000000001,0,0.7292675000984054,Critical Risk,82.07905713607553,Standard Retention,1
18133,141,1,1350,931.5,931.5,0,0.720236753855556,Critical Risk,670.9005362164504,Standard Retention,1
18135,9,2,145,233.47,116.735,110,0.5142540896198879,High Risk,120.06290230355523,Standard Retention,0
18136,140,2,295,600.85,300.425,107,0.6287944261728373,Critical Risk,377.8111309659493,Standard Retention,0
18138,224,1,38,152.65,152.65,0,0.7643078493449154,Critical Risk,116.67159320250133,Standard Retention,1
18142,86,2,1276,1019.52,509.76,58,0.6004766677830662,Critical Risk,612.1979723381917,Standard Retention,1
18143,45,2,570,1000.16,500.08,25,0.5746772529412029,High Risk,574.7692013016734,Standard Retention,1
18144,7,10,1111,2341.75,234.175,295,0.11672778331661339,Low Risk,273.3472865816794,Monitor,0
18145,16,3,1835,2103.25,701.0833333333334,225,0.4287798120472522,High Risk,901.8311396883831,Standard Retention,0
18146,69,2,153,160.35,80.175,79,0.5756203352099505,High Risk,92.30072075091556,Standard Retention,1
18147,37,1,80,98.88,98.88,0,0.6261514956171694,Critical Risk,61.91385988662571,Standard Retention,0
18149,144,2,280,549.68,274.84,58,0.6457533444899192,Critical Risk,354.9576983992187,Standard Retention,0
18150,69,2,236,413.28,206.64,61,0.5820085390727937,High Risk,240.53248902800416,Standard Retention,0
18151,63,2,355,653.35,326.675,155,0.5494904144256412,High Risk,359.00956226499267,Standard Retention,1
18155,4,3,266,371.62,123.87333333333333,216,0.42137943224180036,High Risk,156.59302460969786,Standard Retention,1
18156,298,1,68,186.88,186.88,0,0.8083002339639523,Critical Risk,151.0551477231834,Standard Retention,0
18158,17,1,254,343.8,343.8,0,0.6138905845820344,Critical Risk,211.05558297930344,Standard Retention,1
18159,230,1,139,530.15,530.15,0,0.7729388939290245,Critical Risk,409.7735546164723,Standard Retention,1
18160,129,1,147,318.55,318.55,0,0.7016111095249606,Critical Risk,223.4982189391762,Standard Retention,0
18161,69,3,387,771.26,257.08666666666664,179,0.48889540589254854,High Risk,377.065470748687,Standard Retention,0
18165,106,1,254,302.46,302.46,0,0.6842607998065284,Critical Risk,206.96152150948257,Standard Retention,1
18167,34,1,122,498.48,498.48,0,0.6304204066843258,Critical Risk,314.2519643240027,Standard Retention,0
18168,105,6,592,1160.04,193.34,196,0.3481029928541375,Moderate Risk,403.8133958305136,Monitor,1
18170,41,2,249,655.51,327.755,105,0.5454554004430835,High Risk,357.55146954444564,Standard Retention,0
18171,28,4,331,994.3100000000001,248.57750000000001,234,0.38026285055118736,Moderate Risk,378.09915493155114,Monitor,0
18172,7,14,2594,6373.44,455.24571428571426,211,0.0499249748225356,Low Risk,318.19383153294126,High Value - Low Risk,0
18173,15,4,1220,2106.84,526.71,187,0.38038533628814336,Moderate Risk,801.411041905312,Monitor,1
18176,287,1,283,476.35,476.35,0,0.8056404254022166,Critical Risk,383.7668166403459,Standard Retention,1
18177,86,5,543,1037.27,207.454,98,0.41451192782912133,High Risk,429.96078737931265,Standard Retention,0
18178,57,4,983,1590.81,397.7025,235,0.4029288196491073,High Risk,640.9831955859964,Standard Retention,1
18179,181,4,729,1103.16,275.79,83,0.5583610183717136,High Risk,615.9615410269396,Standard Retention,0
18180,9,4,916,1206.3600000000001,301.59000000000003,62,0.41467168422712775,High Risk,500.2433329842379,Standard Retention,0
18183,156,2,371,632.07,316.035,47,0.6587360623506956,Critical Risk,416.3673029300042,Standard Retention,1
18185,178,1,183,304.25,304.25,0,0.736187784015159,Critical Risk,223.98513328661215,Standard Retention,1
18188,6,2,900,1608.28,804.14,212,0.48619592201730494,High Risk,781.9391774619912,Standard Retention,0
18189,6,2,566,1090.24,545.12,190,0.4906860289243862,High Risk,534.9655361745228,Standard Retention,1
18190,121,2,140,284.46000000000004,142.23000000000002,138,0.6027432444352049,Critical Risk,171.4563433120384,Standard Retention,1
18191,190,1,140,207.8,207.8,0,0.7429443617614302,Critical Risk,154.3838383740252,Standard Retention,1
18192,0,1,339,957.97,957.97,0,0.6102443363302694,Critical Risk,584.5957668743082,Standard Retention,1
18193,94,1,124,243.76,243.76,0,0.6740503936860288,Critical Risk,164.30652396490638,Standard Retention,1
18194,11,1,632,973.84,973.84,0,0.6199246419317029,Critical Risk,603.7074132987696,Standard Retention,1
18196,24,2,431,686.63,343.315,195,0.5033189642952925,High Risk,345.59390045407673,Standard Retention,1
18198,0,15,3667,4804.030000000001,320.2686666666667,264,0.039035637153177774,Low Risk,187.52837195298065,Monitor,0
18200,35,1,104,150.35,150.35,0,0.625391637537843,Critical Risk,94.02763270381469,Standard Retention,1
18202,128,3,581,1396.99,465.66333333333336,111,0.5608539674919627,High Risk,783.5073840465969,Standard Retention,1
18203,86,1,43,160.42000000000002,160.42000000000002,0,0.6664500152360571,Critical Risk,106.91191144416828,Standard Retention,1
18204,0,3,1190,1975.3500000000001,658.45,121,0.4458833200906891,High Risk,880.7756163411427,Standard Retention,1
18205,3,1,76,225.76,225.76,0,0.5999775965448549,High Risk,135.45094219596643,Standard Retention,0
18210,196,1,62,142.4,142.4,0,0.746006270083155,Critical Risk,106.23129285984128,Standard Retention,0
18211,14,3,234,420.2,140.06666666666666,192,0.4371272496458438,High Risk,183.68087030118357,Standard Retention,0
18212,255,1,92,216.07,216.07,0,0.7841660394212153,Critical Risk,169.434756137742,Standard Retention,1
18213,165,1,232,232.48000000000002,232.48000000000002,0,0.7262363712482347,Critical Risk,168.83543158778963,Standard Retention,1
18215,18,1,118,299.34000000000003,299.34000000000003,0,0.613846104865262,Critical Risk,183.74869303036755,Standard Retention,1
18218,140,2,536,641.92,320.96,70,0.6396832310244844,Critical Risk,410.62545965923704,Standard Retention,1
18219,78,8,596,1367.13,170.89125,219,0.23048289142086617,Low Risk,315.1000753482088,Monitor,0
18220,155,1,288,305.28,305.28,0,0.7202917025163944,Critical Risk,219.89065094420485,Standard Retention,1
18221,44,3,446,706.86,235.62,95,0.492830838321547,High Risk,348.3624063759687,Standard Retention,0
18222,21,1,335,443.0,443.0,0,0.6189678532350332,Critical Risk,274.20275898311974,Standard Retention,1
18223,25,11,1774,4036.34,366.94,261,0.10030033657109569,Low Risk,404.8462605153764,Monitor,0
18224,192,1,69,158.95000000000002,158.95000000000002,0,0.7435656289223931,Critical Risk,118.1897567172144,Standard Retention,1
18225,13,8,2221,3918.96,489.87,280,0.1717966924014265,Low Risk,673.2643656534945,Monitor,0
18226,10,10,3172,4735.55,473.555,256,0.11605953057807793,Low Risk,549.6057100290169,Monitor,0
18227,146,1,21,93.75,93.75,0,0.7105611801603587,Critical Risk,66.61511064003363,Standard Retention,1
18228,8,1,141,420.39,420.39,0,0.6075781089730509,Critical Risk,255.41976123118084,Standard Retention,0
18229,15,15,1906,5539.0599999999995,369.2706666666666,286,0.03881010592028827,Low Risk,214.97150529883191,High Value - Low Risk,0
18230,23,5,1030,2146.36,429.27200000000005,208,0.32717999346333043,Moderate Risk,702.246050769954,Monitor,0
18231,121,5,819,2071.77,414.354,96,0.4406430335026304,High Risk,912.9110175197445,Standard Retention,1
18232,10,4,302,592.97,148.2425,115,0.4012267489683923,High Risk,237.91542533578757,Standard Retention,1
18233,254,1,4,440.0,440.0,0,0.7862264918633196,Critical Risk,345.9396564198606,Standard Retention,1
18235,0,3,1578,1796.48,598.8266666666667,145,0.4391480772858769,High Risk,788.9207378825322,Standard Retention,1
18236,8,5,339,773.74,154.748,160,0.33375510703767386,Moderate Risk,258.23967651932975,Monitor,0
18237,20,3,465,725.55,241.85,42,0.48801621411674495,High Risk,354.0801641524043,Standard Retention,0
18239,147,5,795,1561.6100000000001,312.322,153,0.4482953086767767,High Risk,700.0624369827414,Standard Retention,1
18241,3,13,844,1643.92,126.45538461538462,143,0.07576749408804064,Low Risk,124.55569888121177,Monitor,0
18242,1,4,1017,2232.4900000000002,558.1225000000001,141,0.38152574235131353,Moderate Risk,851.7524045418841,Monitor,1
18245,78,6,1328,1672.81,278.8016666666667,205,0.3225200313821288,Moderate Risk,539.5147336963389,Monitor,1
18246,162,1,70,232.9,232.9,0,0.7240199448964477,Critical Risk,168.62424516638268,Standard Retention,0
18248,51,2,511,804.02,402.01,63,0.5676401593522057,High Risk,456.39404092236043,Standard Retention,1
18250,239,1,199,349.27,349.27,0,0.7762341081220377,Critical Risk,271.1152869437841,Standard Retention,1
18251,16,1,7824,4314.72,4314.72,0,0.6842781715211407,Critical Risk,2952.4687122256964,Standard Retention,1
18252,100,1,18,69.89999999999999,69.89999999999999,0,0.6758518491792084,Critical Risk,47.24204425762666,Standard Retention,0
18255,18,1,74,103.30000000000001,103.30000000000001,0,0.6104684406106338,Critical Risk,63.06138991507847,Standard Retention,1
18257,43,5,721,1562.8700000000001,312.574,181,0.35260101374881975,Moderate Risk,551.0695463576179,Monitor,0
18259,14,2,378,1268.2,634.1,281,0.4703122243117885,High Risk,596.4499628722102,Standard Retention,0
18260,101,6,1475,2628.35,438.05833333333334,185,0.341169604323239,Moderate Risk,896.7131295229852,Monitor,1
18261,24,1,102,224.8,224.8,0,0.6175547017166231,Critical Risk,138.82629694589687,Standard Retention,0
18262,69,1,182,149.48,149.48,0,0.6529844168068467,Critical Risk,97.60811062428743,Standard Retention,1
18263,84,2,1048,811.4,405.7,96,0.5865684468747181,High Risk,475.94163779414623,Standard Retention,0
18265,1,2,311,801.51,400.755,85,0.5171843209658517,High Risk,414.52840509733977,Standard Retention,1
18268,63,1,2,25.5,25.5,0,0.6460069459227541,Critical Risk,16.47317712103023,Standard Retention,1
18269,295,1,76,168.60000000000002,168.60000000000002,0,0.8064618544038261,Critical Risk,135.9694686524851,Standard Retention,1
18270,195,1,41,111.95,111.95,0,0.7449101818964275,Critical Risk,83.39269486330507,Standard Retention,0
18272,42,4,1465,2106.45,526.6125,133,0.4192533413722877,High Risk,883.1362009336553,Standard Retention,0
18273,24,2,60,153.0,76.5,162,0.5110919783367057,High Risk,78.19707268551598,Standard Retention,1
18278,2,1,66,173.9,173.9,0,0.5982313393045384,High Risk,104.03242990505923,Standard Retention,1
18280,206,1,45,180.60000000000002,180.60000000000002,0,0.7531036358553782,Critical Risk,136.0105166354813,Standard Retention,1
18281,109,1,54,80.82,80.82,0,0.6829392569975997,Critical Risk,55.195150750546006,Standard Retention,1
18282,55,1,75,100.21000000000001,100.21000000000001,0,0.6408509203513559,Critical Risk,64.21967072840938,Standard Retention,1
18283,24,10,719,1086.83,108.68299999999999,241,0.13456836553309362,Low Risk,146.25293671233214,Monitor,0
18287,130,1,488,765.28,765.28,0,0.7092657546808144,Critical Risk,542.7868967421336,Standard Retention,0
